TimestampMs,SessionElapsedMs,MotorIndex,MotorName,TestPhase,CommandedPWM,Pin1,Pin2,RawAngle,EncoderCounts,DeltaCounts,TotalRotations,InstantRPM,SpeedMMs,MagnetStatus,AGC,Magnitude,LimitSwitchState,DiagnosticNote
--- NEW INDIVIDUAL MOTOR DIAGNOSTIC SESSION ---
--- NEW INDIVIDUAL MOTOR DIAGNOSTIC SESSION ---
32796,106,0,Tower_A,FWD_RAMP,60,0,60,2846,0,0,0.0000,0.00,0.00,OK,255,1826,OPEN,Ramping FWD PWM
32838,148,0,Tower_A,FWD_RAMP,60,0,60,2851,5,5,0.0012,1.70,1.69,OK,255,1845,OPEN,Ramping FWD PWM
32881,191,0,Tower_A,FWD_RAMP,60,0,60,2864,18,13,0.0044,4.43,4.41,OK,255,1893,OPEN,Ramping FWD PWM
32926,236,0,Tower_A,FWD_RAMP,60,0,60,2883,37,19,0.0090,6.18,6.15,OK,255,1970,OPEN,Ramping FWD PWM
32968,278,0,Tower_A,FWD_RAMP,60,0,60,2907,60,23,0.0146,8.02,7.98,OK,255,2051,OPEN,Ramping FWD PWM
33010,320,0,Tower_A,FWD_RAMP,60,0,60,2930,83,23,0.0203,8.02,7.98,OK,255,2093,OPEN,Ramping FWD PWM
33052,362,0,Tower_A,FWD_RAMP,60,0,60,2955,109,26,0.0266,9.07,9.02,OK,241,2142,OPEN,Ramping FWD PWM
33094,404,0,Tower_A,FWD_RAMP,60,0,60,2982,136,27,0.0332,9.42,9.37,OK,227,2124,OPEN,Ramping FWD PWM
33138,448,0,Tower_A,FWD_RAMP,60,0,60,3009,163,27,0.0398,8.99,8.94,OK,213,2136,OPEN,Ramping FWD PWM
33180,490,0,Tower_A,FWD_RAMP,60,0,60,3038,192,29,0.0469,10.11,10.06,OK,197,2138,OPEN,Ramping FWD PWM
33222,532,0,Tower_A,FWD_RAMP,60,0,60,3067,221,29,0.0540,10.11,10.06,OK,179,2114,OPEN,Ramping FWD PWM
33264,574,0,Tower_A,FWD_RAMP,60,0,60,3097,251,30,0.0613,10.46,10.41,OK,167,2133,OPEN,Ramping FWD PWM
33306,616,0,Tower_A,FWD_RAMP,60,0,60,3122,276,25,0.0674,8.72,8.67,OK,155,2143,OPEN,Ramping FWD PWM
33350,660,0,Tower_A,FWD_RAMP,60,0,60,3147,300,24,0.0732,7.99,7.95,OK,143,2130,OPEN,Ramping FWD PWM
33392,702,0,Tower_A,FWD_RAMP,60,0,60,3169,323,23,0.0789,8.02,7.98,OK,135,2137,OPEN,Ramping FWD PWM
33434,744,0,Tower_A,FWD_RAMP,60,0,60,3192,346,23,0.0845,8.02,7.98,OK,127,2125,OPEN,Ramping FWD PWM
33476,786,0,Tower_A,FWD_RAMP,60,0,60,3214,368,22,0.0898,7.67,7.63,OK,119,2143,OPEN,Ramping FWD PWM
33518,828,0,Tower_A,FWD_RAMP,60,0,60,3241,395,27,0.0964,9.42,9.37,OK,111,2141,OPEN,Ramping FWD PWM
33562,872,0,Tower_A,FWD_RAMP,60,0,60,3271,425,30,0.1038,9.99,9.94,OK,103,2134,OPEN,Ramping FWD PWM
33604,914,0,Tower_A,FWD_RAMP,60,0,60,3300,454,29,0.1108,10.11,10.06,OK,97,2128,OPEN,Ramping FWD PWM
33646,956,0,Tower_A,FWD_RAMP,60,0,60,3325,479,25,0.1169,8.72,8.67,OK,93,2130,OPEN,Ramping FWD PWM
33688,998,0,Tower_A,FWD_RAMP,60,0,60,3350,504,25,0.1230,8.72,8.67,OK,89,2128,OPEN,Ramping FWD PWM
33730,1040,0,Tower_A,FWD_RAMP,60,0,60,3374,528,24,0.1289,8.37,8.33,OK,87,2139,OPEN,Ramping FWD PWM
33774,1084,0,Tower_A,FWD_RAMP,60,0,60,3400,554,26,0.1353,8.66,8.61,OK,83,2125,OPEN,Ramping FWD PWM
33816,1126,0,Tower_A,FWD_RAMP,60,0,60,3430,584,30,0.1426,10.46,10.41,OK,81,2129,OPEN,Ramping FWD PWM
33858,1168,0,Tower_A,FWD_RAMP,60,0,60,3460,614,30,0.1499,10.46,10.41,OK,79,2125,OPEN,Ramping FWD PWM
33900,1210,0,Tower_A,FWD_RAMP,60,0,60,3489,643,29,0.1570,10.11,10.06,OK,79,2136,OPEN,Ramping FWD PWM
33942,1252,0,Tower_A,FWD_RAMP,60,0,60,3518,672,29,0.1641,10.11,10.06,OK,79,2141,OPEN,Ramping FWD PWM
33986,1296,0,Tower_A,FWD_RAMP,60,0,60,3547,701,29,0.1711,9.65,9.60,OK,79,2135,OPEN,Ramping FWD PWM
34028,1338,0,Tower_A,FWD_RAMP,60,0,60,3577,731,30,0.1785,10.46,10.41,OK,79,2116,OPEN,Ramping FWD PWM
34070,1380,0,Tower_A,FWD_RAMP,60,0,60,3611,765,34,0.1868,11.86,11.80,OK,79,2100,OPEN,Ramping FWD PWM
34112,1422,0,Tower_A,FWD_RAMP,60,0,60,3645,798,33,0.1948,11.51,11.45,OK,79,2066,OPEN,Ramping FWD PWM
34154,1464,0,Tower_A,FWD_RAMP,60,0,60,3674,828,30,0.2021,10.46,10.41,OK,81,2055,OPEN,Ramping FWD PWM
34198,1508,0,Tower_A,FWD_RAMP,60,0,60,3702,856,28,0.2090,9.32,9.27,OK,85,2072,OPEN,Ramping FWD PWM
34240,1550,0,Tower_A,FWD_RAMP,60,0,60,3730,884,28,0.2158,9.77,9.72,OK,87,2049,OPEN,Ramping FWD PWM
34400,1710,0,Tower_A,FWD_RAMP,100,0,100,3853,1007,123,0.2458,11.26,11.20,OK,107,2046,OPEN,Ramping FWD PWM
34442,1752,0,Tower_A,FWD_RAMP,100,0,100,3887,1040,33,0.2539,11.51,11.45,OK,117,2069,OPEN,Ramping FWD PWM
34484,1794,0,Tower_A,FWD_RAMP,100,0,100,3926,1079,39,0.2634,13.60,13.53,OK,125,2057,OPEN,Ramping FWD PWM
34528,1838,0,Tower_A,FWD_RAMP,100,0,100,3966,1119,40,0.2732,13.32,13.25,OK,139,2059,OPEN,Ramping FWD PWM
34570,1880,0,Tower_A,FWD_RAMP,100,0,100,4014,1167,48,0.2849,16.74,16.65,OK,151,2062,OPEN,Ramping FWD PWM
34612,1922,0,Tower_A,FWD_RAMP,100,0,100,4073,1227,60,0.2996,20.93,20.82,OK,165,2057,OPEN,Ramping FWD PWM
34654,1964,0,Tower_A,FWD_RAMP,100,0,100,35,1284,57,0.3135,19.88,19.78,OK,187,2062,OPEN,Ramping FWD PWM
34696,2006,0,Tower_A,FWD_RAMP,100,0,100,99,1348,64,0.3291,22.32,22.21,OK,205,2047,OPEN,Ramping FWD PWM
34848,2158,0,Tower_A,FWD_RAMP,100,0,100,351,1600,252,0.3906,24.29,24.16,OK,253,2061,OPEN,Ramping FWD PWM
34890,2200,0,Tower_A,FWD_RAMP,100,0,100,426,1675,75,0.4089,26.16,26.02,OK,255,2038,OPEN,Ramping FWD PWM
34932,2242,0,Tower_A,FWD_RAMP,100,0,100,504,1753,78,0.4280,27.20,27.06,OK,255,2108,OPEN,Ramping FWD PWM
34974,2284,0,Tower_A,FWD_RAMP,100,0,100,571,1821,68,0.4446,23.72,23.59,OK,253,2125,OPEN,Ramping FWD PWM
35016,2326,0,Tower_A,FWD_RAMP,100,0,100,635,1884,63,0.4600,21.97,21.86,OK,241,2139,OPEN,Ramping FWD PWM
35060,2370,0,Tower_A,FWD_RAMP,100,0,100,706,1955,71,0.4773,23.64,23.52,OK,229,2139,OPEN,Ramping FWD PWM
35102,2412,0,Tower_A,FWD_RAMP,100,0,100,777,2026,71,0.4946,24.76,24.64,OK,207,2139,OPEN,Ramping FWD PWM
35251,2561,0,Tower_A,FWD_RAMP,100,0,100,969,2219,193,0.5417,18.97,18.88,OK,145,2144,OPEN,Ramping FWD PWM
35293,2603,0,Tower_A,FWD_RAMP,100,0,100,1017,2267,48,0.5535,16.74,16.65,OK,129,2140,OPEN,Ramping FWD PWM
35335,2645,0,Tower_A,FWD_RAMP,100,0,100,1064,2314,47,0.5649,16.39,16.31,OK,117,2133,OPEN,Ramping FWD PWM
35379,2689,0,Tower_A,FWD_RAMP,100,0,100,1114,2364,50,0.5771,16.65,16.56,OK,105,2134,OPEN,Ramping FWD PWM
35421,2731,0,Tower_A,FWD_RAMP,100,0,100,1161,2411,47,0.5886,16.39,16.31,OK,97,2128,OPEN,Ramping FWD PWM
35463,2773,0,Tower_A,FWD_RAMP,100,0,100,1203,2452,41,0.5986,14.30,14.23,OK,91,2137,OPEN,Ramping FWD PWM
35505,2815,0,Tower_A,FWD_RAMP,100,0,100,1250,2499,47,0.6101,16.39,16.31,OK,87,2121,OPEN,Ramping FWD PWM
35547,2857,0,Tower_A,FWD_RAMP,100,0,100,1301,2550,51,0.6226,17.79,17.70,OK,83,2117,OPEN,Ramping FWD PWM
35701,3011,0,Tower_A,FWD_RAMP,100,0,100,1477,2726,176,0.6655,16.74,16.65,OK,85,2063,OPEN,Ramping FWD PWM
35743,3053,0,Tower_A,FWD_RAMP,100,0,100,1527,2777,51,0.6780,17.79,17.70,OK,91,2054,OPEN,Ramping FWD PWM
35785,3095,0,Tower_A,FWD_RAMP,100,0,100,1579,2829,52,0.6907,18.14,18.04,OK,101,2060,OPEN,Ramping FWD PWM
35827,3137,0,Tower_A,FWD_RAMP,100,0,100,1625,2874,45,0.7017,15.69,15.61,OK,113,2061,OPEN,Ramping FWD PWM
35869,3179,0,Tower_A,FWD_RAMP,100,0,100,1681,2930,56,0.7153,19.53,19.43,OK,125,2056,OPEN,Ramping FWD PWM
35913,3223,0,Tower_A,FWD_RAMP,140,0,140,1733,2982,52,0.7280,17.31,17.22,OK,141,2057,OPEN,Ramping FWD PWM
35955,3265,0,Tower_A,FWD_RAMP,140,0,140,1786,3036,54,0.7412,18.83,18.74,OK,165,2041,OPEN,Ramping FWD PWM
35997,3307,0,Tower_A,FWD_RAMP,140,0,140,1856,3105,69,0.7581,24.07,23.94,OK,201,2059,OPEN,Ramping FWD PWM
36039,3349,0,Tower_A,FWD_RAMP,140,0,140,1908,3158,53,0.7710,18.48,18.39,OK,255,2032,OPEN,Ramping FWD PWM
36081,3391,0,Tower_A,FWD_RAMP,140,0,140,1959,3209,51,0.7834,17.79,17.70,FAULT,255,1478,OPEN,Ramping FWD PWM
36125,3435,0,Tower_A,FWD_RAMP,140,0,140,2058,3306,97,0.8071,32.29,32.13,FAULT,255,1220,OPEN,Ramping FWD PWM
36167,3477,0,Tower_A,FWD_RAMP,140,0,140,2186,3435,129,0.8386,44.99,44.76,FAULT,255,1037,OPEN,Ramping FWD PWM
36209,3519,0,Tower_A,FWD_RAMP,140,0,140,2300,3549,114,0.8665,39.76,39.55,FAULT,255,921,OPEN,Ramping FWD PWM
36251,3561,0,Tower_A,FWD_RAMP,140,0,140,2425,3674,125,0.8970,43.60,43.37,FAULT,255,934,OPEN,Ramping FWD PWM
36293,3603,0,Tower_A,FWD_RAMP,140,0,140,2546,3795,121,0.9265,42.20,41.98,FAULT,255,917,OPEN,Ramping FWD PWM
36337,3647,0,Tower_A,FWD_RAMP,140,0,140,2663,3912,117,0.9551,38.95,38.75,FAULT,255,936,OPEN,Ramping FWD PWM
36379,3689,0,Tower_A,FWD_RAMP,140,0,140,2758,4006,94,0.9780,32.78,32.62,FAULT,255,1067,OPEN,Ramping FWD PWM
36421,3731,0,Tower_A,FWD_RAMP,140,0,140,2850,4098,92,1.0005,32.09,31.92,FAULT,255,1223,OPEN,Ramping FWD PWM
36463,3773,0,Tower_A,FWD_RAMP,140,0,140,2943,4193,95,1.0237,33.13,32.96,FAULT,255,1467,OPEN,Ramping FWD PWM
36507,3817,0,Tower_A,FWD_RAMP,140,0,140,3025,4275,82,1.0437,27.30,27.16,OK,255,1834,OPEN,Ramping FWD PWM
36549,3859,0,Tower_A,FWD_RAMP,140,0,140,3093,4342,67,1.0601,23.37,23.25,OK,249,2131,OPEN,Ramping FWD PWM
36591,3901,0,Tower_A,FWD_RAMP,140,0,140,3159,4408,66,1.0762,23.02,22.90,OK,193,2139,OPEN,Ramping FWD PWM
36633,3943,0,Tower_A,FWD_RAMP,140,0,140,3215,4465,57,1.0901,19.88,19.78,OK,151,2144,OPEN,Ramping FWD PWM
36675,3985,0,Tower_A,FWD_RAMP,140,0,140,3269,4519,54,1.1033,18.83,18.74,OK,121,2143,OPEN,Ramping FWD PWM
36719,4029,0,Tower_A,FWD_RAMP,140,0,140,3327,4576,57,1.1172,18.98,18.88,OK,99,2140,OPEN,Ramping FWD PWM
36761,4071,0,Tower_A,FWD_RAMP,140,0,140,3379,4628,52,1.1299,18.14,18.04,OK,85,2128,OPEN,Ramping FWD PWM
36803,4113,0,Tower_A,FWD_RAMP,140,0,140,3449,4698,70,1.1470,24.41,24.29,OK,77,2130,OPEN,Ramping FWD PWM
36845,4155,0,Tower_A,FWD_RAMP,140,0,140,3507,4756,58,1.1611,20.23,20.12,OK,71,2130,OPEN,Ramping FWD PWM
36887,4197,0,Tower_A,FWD_RAMP,140,0,140,3560,4810,54,1.1743,18.83,18.74,OK,69,2115,OPEN,Ramping FWD PWM
36931,4241,0,Tower_A,FWD_RAMP,140,0,140,3629,4879,69,1.1912,22.97,22.85,OK,69,2050,OPEN,Ramping FWD PWM
36973,4283,0,Tower_A,FWD_RAMP,140,0,140,3691,4940,61,1.2061,21.28,21.17,OK,81,2059,OPEN,Ramping FWD PWM
37015,4325,0,Tower_A,FWD_RAMP,140,0,140,3747,4996,56,1.2197,19.53,19.43,OK,97,2042,OPEN,Ramping FWD PWM
37057,4367,0,Tower_A,FWD_RAMP,140,0,140,3815,5064,68,1.2363,23.72,23.59,OK,117,2062,OPEN,Ramping FWD PWM
37099,4409,0,Tower_A,FWD_RAMP,140,0,140,3874,5123,59,1.2507,20.58,20.47,OK,149,2060,OPEN,Ramping FWD PWM
37143,4453,0,Tower_A,FWD_RAMP,140,0,140,3940,5190,67,1.2671,22.31,22.19,OK,201,2045,OPEN,Ramping FWD PWM
37185,4495,0,Tower_A,FWD_RAMP,140,0,140,4026,5275,85,1.2878,29.65,29.49,OK,249,2057,OPEN,Ramping FWD PWM
37227,4537,0,Tower_A,FWD_RAMP,140,0,140,6,5351,76,1.3064,26.51,26.37,FAULT,255,1756,OPEN,Ramping FWD PWM
37269,4579,0,Tower_A,FWD_RAMP,140,0,140,103,5448,97,1.3301,33.83,33.66,FAULT,255,1417,OPEN,Ramping FWD PWM
37311,4621,0,Tower_A,FWD_RAMP,140,0,140,237,5581,133,1.3625,46.39,46.15,FAULT,255,1311,OPEN,Ramping FWD PWM
37355,4665,0,Tower_A,FWD_RAMP,140,0,140,362,5707,126,1.3933,41.95,41.73,FAULT,255,1225,OPEN,Ramping FWD PWM
37397,4707,0,Tower_A,FWD_RAMP,140,0,140,476,5821,114,1.4211,39.76,39.55,FAULT,255,1111,OPEN,Ramping FWD PWM
37439,4749,0,Tower_A,FWD_RAMP,180,0,180,580,5925,104,1.4465,36.27,36.09,FAULT,255,1197,OPEN,Ramping FWD PWM
37481,4791,0,Tower_A,FWD_RAMP,180,0,180,697,6042,117,1.4751,40.81,40.60,FAULT,255,1226,OPEN,Ramping FWD PWM
37523,4833,0,Tower_A,FWD_RAMP,180,0,180,796,6140,98,1.4990,34.18,34.00,FAULT,255,1370,OPEN,Ramping FWD PWM
37567,4877,0,Tower_A,FWD_RAMP,180,0,180,873,6220,80,1.5186,26.63,26.50,FAULT,255,1775,OPEN,Ramping FWD PWM
37609,4919,0,Tower_A,FWD_RAMP,180,0,180,970,6314,94,1.5415,32.78,32.62,OK,255,2085,OPEN,Ramping FWD PWM
37651,4961,0,Tower_A,FWD_RAMP,180,0,180,1041,6387,73,1.5593,25.46,25.33,OK,191,2141,OPEN,Ramping FWD PWM
37693,5003,0,Tower_A,FWD_RAMP,180,0,180,1104,6450,63,1.5747,21.97,21.86,OK,147,2140,OPEN,Ramping FWD PWM
37737,5047,0,Tower_A,FWD_RAMP,180,0,180,1177,6522,72,1.5923,23.97,23.85,OK,117,2143,OPEN,Ramping FWD PWM
37779,5089,0,Tower_A,FWD_RAMP,180,0,180,1242,6587,65,1.6082,22.67,22.55,OK,93,2130,OPEN,Ramping FWD PWM
37821,5131,0,Tower_A,FWD_RAMP,180,0,180,1300,6646,59,1.6226,20.58,20.47,OK,81,2137,OPEN,Ramping FWD PWM
37863,5173,0,Tower_A,FWD_RAMP,180,0,180,1372,6718,72,1.6401,25.11,24.98,OK,75,2115,OPEN,Ramping FWD PWM
37905,5215,0,Tower_A,FWD_RAMP,180,0,180,1435,6780,62,1.6553,21.62,21.51,OK,75,2079,OPEN,Ramping FWD PWM
37949,5259,0,Tower_A,FWD_RAMP,180,0,180,1509,6855,75,1.6736,24.97,24.84,OK,85,2065,OPEN,Ramping FWD PWM
37991,5301,0,Tower_A,FWD_RAMP,180,0,180,1570,6915,60,1.6882,20.93,20.82,OK,109,2063,OPEN,Ramping FWD PWM
38033,5343,0,Tower_A,FWD_RAMP,180,0,180,1651,6996,81,1.7080,28.25,28.10,OK,141,2048,OPEN,Ramping FWD PWM
38075,5385,0,Tower_A,FWD_RAMP,180,0,180,1687,7033,37,1.7170,12.90,12.84,OK,213,2053,OPEN,Ramping FWD PWM
38117,5427,0,Tower_A,FWD_RAMP,180,0,180,1761,7106,73,1.7349,25.46,25.33,FAULT,255,1751,OPEN,Ramping FWD PWM
38161,5471,0,Tower_A,FWD_RAMP,180,0,180,1814,7160,54,1.7480,17.98,17.88,FAULT,255,1088,OPEN,Ramping FWD PWM
38203,5513,0,Tower_A,FWD_RAMP,180,0,180,1899,7243,83,1.7683,28.95,28.80,FAULT,255,691,OPEN,Ramping FWD PWM
38245,5555,0,Tower_A,FWD_RAMP,180,0,180,2041,7386,143,1.8032,49.87,49.62,FAULT,255,365,OPEN,Ramping FWD PWM
38287,5597,0,Tower_A,FWD_RAMP,180,0,180,2323,7665,279,1.8713,97.31,96.81,FAULT,255,270,OPEN,Ramping FWD PWM
38329,5639,0,Tower_A,FWD_RAMP,180,0,180,2737,8081,416,1.9729,145.09,144.34,FAULT,255,218,OPEN,Ramping FWD PWM
38373,5683,0,Tower_A,FWD_RAMP,180,0,180,2925,8255,174,2.0154,57.93,57.63,FAULT,255,240,OPEN,Ramping FWD PWM
38415,5725,0,Tower_A,FWD_RAMP,180,0,180,2970,8315,60,2.0300,20.93,20.82,FAULT,255,428,OPEN,Ramping FWD PWM
38457,5767,0,Tower_A,FWD_RAMP,180,0,180,3029,8378,63,2.0454,21.97,21.86,FAULT,255,707,OPEN,Ramping FWD PWM
38499,5809,0,Tower_A,FWD_RAMP,180,0,180,3077,8421,43,2.0559,15.00,14.92,FAULT,255,1105,OPEN,Ramping FWD PWM
38541,5851,0,Tower_A,FWD_RAMP,180,0,180,3145,8491,70,2.0730,24.41,24.29,FAULT,255,1590,OPEN,Ramping FWD PWM
38585,5895,0,Tower_A,FWD_RAMP,180,0,180,3208,8554,63,2.0884,20.97,20.87,OK,223,2157,OPEN,Ramping FWD PWM
38627,5937,0,Tower_A,FWD_RAMP,180,0,180,3258,8603,49,2.1003,17.09,17.00,OK,157,2144,OPEN,Ramping FWD PWM
38669,5979,0,Tower_A,FWD_RAMP,180,0,180,3321,8666,63,2.1157,21.97,21.86,OK,113,2137,OPEN,Ramping FWD PWM
38711,6021,0,Tower_A,FWD_RAMP,180,0,180,3384,8730,64,2.1313,22.32,22.21,OK,85,2125,OPEN,Ramping FWD PWM
38753,6063,0,Tower_A,FWD_RAMP,180,0,180,3453,8799,69,2.1482,24.07,23.94,OK,73,2128,OPEN,Ramping FWD PWM
38797,6107,0,Tower_A,FWD_RAMP,180,0,180,3524,8870,71,2.1655,23.64,23.52,OK,67,2122,OPEN,Ramping FWD PWM
38839,6149,0,Tower_A,FWD_RAMP,180,0,180,3602,8947,77,2.1843,26.86,26.72,OK,67,2086,OPEN,Ramping FWD PWM
38881,6191,0,Tower_A,FWD_RAMP,180,0,180,3673,9019,72,2.2019,25.11,24.98,OK,77,2051,OPEN,Ramping FWD PWM
38923,6233,0,Tower_A,FWD_RAMP,180,0,180,3740,9085,66,2.2180,23.02,22.90,OK,97,2063,OPEN,Ramping FWD PWM
38967,6277,0,Tower_A,FWD_RAMP,220,0,220,3827,9172,87,2.2393,28.96,28.81,OK,135,2063,OPEN,Ramping FWD PWM
39009,6319,0,Tower_A,FWD_RAMP,220,0,220,3897,9243,71,2.2566,24.76,24.64,OK,193,2032,OPEN,Ramping FWD PWM
39051,6361,0,Tower_A,FWD_RAMP,220,0,220,4010,9355,112,2.2839,39.06,38.86,OK,255,1896,OPEN,Ramping FWD PWM
39093,6403,0,Tower_A,FWD_RAMP,220,0,220,58,9497,142,2.3186,49.53,49.27,FAULT,255,1362,OPEN,Ramping FWD PWM
39135,6445,0,Tower_A,FWD_RAMP,220,0,220,241,9681,184,2.3635,64.17,63.84,FAULT,255,1008,OPEN,Ramping FWD PWM
39179,6489,0,Tower_A,FWD_RAMP,220,0,220,496,9936,255,2.4258,84.89,84.46,FAULT,255,778,OPEN,Ramping FWD PWM
39221,6531,0,Tower_A,FWD_RAMP,220,0,220,661,10102,166,2.4663,57.90,57.60,FAULT,255,876,OPEN,Ramping FWD PWM
39263,6573,0,Tower_A,FWD_RAMP,220,0,220,816,10256,154,2.5039,53.71,53.43,FAULT,255,998,OPEN,Ramping FWD PWM
39305,6615,0,Tower_A,FWD_RAMP,220,0,220,903,10344,88,2.5254,30.69,30.53,FAULT,255,1491,OPEN,Ramping FWD PWM
39347,6657,0,Tower_A,FWD_RAMP,220,0,220,988,10429,85,2.5461,29.65,29.49,OK,255,2039,OPEN,Ramping FWD PWM
39391,6701,0,Tower_A,FWD_RAMP,220,0,220,1082,10523,94,2.5691,31.29,31.13,OK,184,2144,OPEN,Ramping FWD PWM
39433,6743,0,Tower_A,FWD_RAMP,220,0,220,1157,10599,76,2.5876,26.51,26.37,OK,121,2145,OPEN,Ramping FWD PWM
39475,6785,0,Tower_A,FWD_RAMP,220,0,220,1230,10672,73,2.6055,25.46,25.33,OK,91,2144,OPEN,Ramping FWD PWM
39517,6827,0,Tower_A,FWD_RAMP,220,0,220,1314,10755,83,2.6257,28.95,28.80,OK,75,2111,OPEN,Ramping FWD PWM
39559,6869,0,Tower_A,FWD_RAMP,220,0,220,1391,10832,77,2.6445,26.86,26.72,OK,73,2129,OPEN,Ramping FWD PWM
39603,6913,0,Tower_A,FWD_RAMP,220,0,220,1475,10917,85,2.6653,28.30,28.15,OK,73,2049,OPEN,Ramping FWD PWM
39793,7103,0,Tower_A,FWD_RAMP,220,0,220,1803,11245,328,2.7454,25.29,25.16,FAULT,255,1071,OPEN,Ramping FWD PWM
39995,7305,0,Tower_A,FWD_RAMP,220,0,220,2931,12375,1130,3.0212,81.94,81.52,FAULT,255,485,OPEN,Ramping FWD PWM
40205,7515,0,Tower_A,FWD_RAMP,220,0,220,3307,12748,373,3.1123,26.02,25.88,OK,110,2123,OPEN,Ramping FWD PWM
40247,7557,0,Tower_A,FWD_RAMP,220,0,220,3387,12828,80,3.1318,27.90,27.76,OK,84,2120,OPEN,Ramping FWD PWM
40292,7602,0,Tower_A,FWD_RAMP,220,0,220,3486,12928,100,3.1562,32.55,32.38,OK,70,2135,OPEN,Ramping FWD PWM
40335,7645,0,Tower_A,FWD_RAMP,220,0,220,3565,13006,78,3.1753,26.57,26.43,OK,68,2086,OPEN,Ramping FWD PWM
40378,7688,0,Tower_A,FWD_RAMP,220,0,220,3674,13115,109,3.2019,37.13,36.94,OK,78,2058,OPEN,Ramping FWD PWM
40421,7731,0,Tower_A,FWD_RAMP,220,0,220,3764,13205,90,3.2239,30.66,30.50,OK,102,2056,OPEN,Ramping FWD PWM
40464,7774,0,Tower_A,FWD_RAMP,220,0,220,3864,13305,100,3.2483,34.07,33.89,OK,144,2055,OPEN,Ramping FWD PWM
40509,7819,0,Tower_A,FWD_RAMP,255,0,255,3968,13409,104,3.2737,33.85,33.68,OK,212,2042,OPEN,Ramping FWD PWM
40551,7861,0,Tower_A,FWD_RAMP,255,0,255,9,13544,135,3.3066,47.08,46.84,FAULT,255,1641,OPEN,Ramping FWD PWM
40666,7976,0,Tower_A,FWD_RAMP,255,0,255,607,14144,600,3.4531,76.43,76.03,FAULT,255,1162,OPEN,Ramping FWD PWM
40708,8018,0,Tower_A,FWD_RAMP,255,0,255,754,14291,147,3.4890,51.27,51.00,FAULT,255,1494,OPEN,Ramping FWD PWM
40752,8062,0,Tower_A,FWD_RAMP,255,0,255,895,14432,141,3.5234,46.94,46.70,OK,255,1950,OPEN,Ramping FWD PWM
40794,8104,0,Tower_A,FWD_RAMP,255,0,255,1016,14553,121,3.5530,42.20,41.98,OK,190,2135,OPEN,Ramping FWD PWM
40836,8146,0,Tower_A,FWD_RAMP,255,0,255,1115,14651,98,3.5769,34.18,34.00,OK,132,2133,OPEN,Ramping FWD PWM
40878,8188,0,Tower_A,FWD_RAMP,255,0,255,1219,14756,105,3.6025,36.62,36.43,OK,93,2114,OPEN,Ramping FWD PWM
40920,8230,0,Tower_A,FWD_RAMP,255,0,255,1315,14853,97,3.6262,33.83,33.66,OK,79,2132,OPEN,Ramping FWD PWM
40964,8274,0,Tower_A,FWD_RAMP,255,0,255,1420,14957,104,3.6516,34.62,34.44,OK,77,2096,OPEN,Ramping FWD PWM
41006,8316,0,Tower_A,FWD_RAMP,255,0,255,1525,15062,105,3.6772,36.62,36.43,OK,91,2064,OPEN,Ramping FWD PWM
41048,8358,0,Tower_A,FWD_RAMP,255,0,255,1637,15173,111,3.7043,38.71,38.51,OK,131,2047,OPEN,Ramping FWD PWM
41149,8459,0,Tower_A,FWD_RAMP,255,0,255,1880,15417,244,3.7639,35.39,35.21,FAULT,255,1089,OPEN,Ramping FWD PWM
41191,8501,0,Tower_A,FWD_RAMP,255,0,255,2071,15605,188,3.8098,65.57,65.23,FAULT,255,653,OPEN,Ramping FWD PWM
41235,8545,0,Tower_A,FWD_RAMP,255,0,255,2407,15940,335,3.8916,111.53,110.95,FAULT,255,444,OPEN,Ramping FWD PWM
41277,8587,0,Tower_A,FWD_RAMP,255,0,255,2719,16255,315,3.9685,109.86,109.30,FAULT,255,423,OPEN,Ramping FWD PWM
41319,8629,0,Tower_A,FWD_RAMP,255,0,255,2872,16411,156,4.0066,54.41,54.13,FAULT,255,694,OPEN,Ramping FWD PWM
41361,8671,0,Tower_A,FWD_RAMP,255,0,255,2982,16520,109,4.0332,38.02,37.82,FAULT,255,1176,OPEN,Ramping FWD PWM
41403,8713,0,Tower_A,FWD_RAMP,255,0,255,3111,16648,128,4.0645,44.64,44.41,FAULT,255,1832,OPEN,Ramping FWD PWM
41447,8757,0,Tower_A,FWD_RAMP,255,0,255,3214,16752,104,4.0898,34.62,34.44,OK,185,2180,OPEN,Ramping FWD PWM
41489,8799,0,Tower_A,FWD_RAMP,255,0,255,3302,16839,87,4.1111,30.34,30.19,OK,117,2122,OPEN,Ramping FWD PWM
41590,8900,0,Tower_A,FWD_RAMP,255,0,255,3543,17080,241,4.1699,34.95,34.77,OK,67,2110,OPEN,Ramping FWD PWM
41632,8942,0,Tower_A,FWD_RAMP,255,0,255,3658,17195,115,4.1980,40.11,39.90,OK,73,2063,OPEN,Ramping FWD PWM
41676,8986,0,Tower_A,FWD_RAMP,255,0,255,3780,17317,122,4.2278,40.62,40.41,OK,99,2056,OPEN,Ramping FWD PWM
41718,9028,0,Tower_A,FWD_RAMP,255,0,255,3892,17429,112,4.2551,39.06,38.86,OK,155,2037,OPEN,Ramping FWD PWM
41760,9070,0,Tower_A,FWD_RAMP,255,0,255,4029,17565,136,4.2883,47.43,47.19,OK,247,2018,OPEN,Ramping FWD PWM
41802,9112,0,Tower_A,FWD_RAMP,255,0,255,108,17740,175,4.3311,61.04,60.72,FAULT,255,1408,OPEN,Ramping FWD PWM
41844,9154,0,Tower_A,FWD_RAMP,255,0,255,349,17981,241,4.3899,84.05,83.62,FAULT,255,1113,OPEN,Ramping FWD PWM
41888,9198,0,Tower_A,FWD_RAMP,255,0,255,579,18212,231,4.4463,76.90,76.51,FAULT,255,1108,OPEN,Ramping FWD PWM
41930,9240,0,Tower_A,FWD_RAMP,255,0,255,754,18386,174,4.4888,60.69,60.37,FAULT,255,1286,OPEN,Ramping FWD PWM
41972,9282,0,Tower_A,FWD_RAMP,255,0,255,895,18528,142,4.5234,49.53,49.27,FAULT,255,1814,OPEN,Ramping FWD PWM
42073,9383,0,Tower_A,FWD_COAST,0,0,0,1156,18788,260,4.5869,37.71,37.51,OK,128,2116,OPEN,Coasting to Stop
42115,9425,0,Tower_A,FWD_COAST,0,0,0,1204,18838,50,4.5991,17.44,17.35,OK,102,2125,OPEN,Coasting to Stop
42159,9469,0,Tower_A,FWD_COAST,0,0,0,1234,18868,30,4.6064,9.99,9.94,OK,94,2136,OPEN,Coasting to Stop
42201,9511,0,Tower_A,FWD_COAST,0,0,0,1253,18887,19,4.6111,6.63,6.59,OK,88,2128,OPEN,Coasting to Stop
42243,9553,0,Tower_A,FWD_COAST,0,0,0,1267,18901,14,4.6145,4.88,4.86,OK,86,2127,OPEN,Coasting to Stop
42285,9595,0,Tower_A,FWD_COAST,0,0,0,1276,18910,9,4.6167,3.14,3.12,OK,84,2119,OPEN,Coasting to Stop
42327,9637,0,Tower_A,FWD_COAST,0,0,0,1281,18915,5,4.6179,1.74,1.73,OK,84,2130,OPEN,Coasting to Stop
42371,9681,0,Tower_A,FWD_COAST,0,0,0,1279,18914,-1,4.6177,-0.33,-0.33,OK,84,2129,OPEN,Coasting to Stop
42413,9723,0,Tower_A,FWD_COAST,0,0,0,1274,18908,-6,4.6162,-2.09,-2.08,OK,84,2125,OPEN,Coasting to Stop
42622,9932,0,Tower_A,FWD_COAST,0,0,0,1274,18908,0,4.6162,0.00,0.00,OK,84,2121,OPEN,Coasting to Stop
42664,9974,0,Tower_A,FWD_COAST,0,0,0,1274,18908,0,4.6162,0.00,0.00,OK,84,2121,OPEN,Coasting to Stop
42706,10016,0,Tower_A,FWD_COAST,0,0,0,1274,18908,0,4.6162,0.00,0.00,OK,84,2121,OPEN,Coasting to Stop
42750,10060,0,Tower_A,FWD_COAST,0,0,0,1274,18908,0,4.6162,0.00,0.00,OK,84,2122,OPEN,Coasting to Stop
42792,10102,0,Tower_A,FWD_COAST,0,0,0,1274,18908,0,4.6162,0.00,0.00,OK,84,2123,OPEN,Coasting to Stop
42834,10144,0,Tower_A,FWD_COAST,0,0,0,1274,18908,0,4.6162,0.00,0.00,OK,84,2121,OPEN,Coasting to Stop
42876,10186,0,Tower_A,FWD_COAST,0,0,0,1274,18908,0,4.6162,0.00,0.00,OK,84,2123,OPEN,Coasting to Stop
42918,10228,0,Tower_A,FWD_COAST,0,0,0,1275,18909,1,4.6165,0.35,0.35,OK,84,2122,OPEN,Coasting to Stop
43065,10375,0,Tower_A,FWD_COAST,0,0,0,1275,18909,0,4.6165,0.00,0.00,OK,84,2120,OPEN,Coasting to Stop
43107,10417,0,Tower_A,REV_RAMP,-60,60,0,1276,18910,1,4.6167,0.35,0.35,OK,84,2125,OPEN,Ramping REV PWM
43149,10459,0,Tower_A,REV_RAMP,-60,60,0,1274,18908,-2,4.6162,-0.70,-0.69,OK,84,2120,OPEN,Ramping REV PWM
43191,10501,0,Tower_A,REV_RAMP,-60,60,0,1263,18897,-11,4.6135,-3.84,-3.82,OK,84,2098,OPEN,Ramping REV PWM
43233,10543,0,Tower_A,REV_RAMP,-60,60,0,1249,18883,-14,4.6101,-4.88,-4.86,OK,84,2072,OPEN,Ramping REV PWM
43277,10587,0,Tower_A,REV_RAMP,-60,60,0,1230,18864,-19,4.6055,-6.33,-6.29,OK,88,2066,OPEN,Ramping REV PWM
43319,10629,0,Tower_A,REV_RAMP,-60,60,0,1210,18844,-20,4.6006,-6.98,-6.94,OK,90,2060,OPEN,Ramping REV PWM
43361,10671,0,Tower_A,REV_RAMP,-60,60,0,1190,18824,-20,4.5957,-6.98,-6.94,OK,94,2053,OPEN,Ramping REV PWM
43511,10821,0,Tower_A,REV_RAMP,-60,60,0,1101,18735,-89,4.5740,-8.69,-8.65,OK,118,2057,OPEN,Ramping REV PWM
43553,10863,0,Tower_A,REV_RAMP,-60,60,0,1083,18717,-18,4.5696,-6.28,-6.25,OK,130,2048,OPEN,Ramping REV PWM
43597,10907,0,Tower_A,REV_RAMP,-60,60,0,1061,18695,-22,4.5642,-7.32,-7.29,OK,148,2062,OPEN,Ramping REV PWM
43639,10949,0,Tower_A,REV_RAMP,-60,60,0,1035,18669,-26,4.5579,-9.07,-9.02,OK,160,2059,OPEN,Ramping REV PWM
43681,10991,0,Tower_A,REV_RAMP,-60,60,0,1005,18640,-29,4.5508,-10.11,-10.06,OK,176,2055,OPEN,Ramping REV PWM
43723,11033,0,Tower_A,REV_RAMP,-60,60,0,975,18609,-31,4.5432,-10.81,-10.76,OK,194,2050,OPEN,Ramping REV PWM
43765,11075,0,Tower_A,REV_RAMP,-60,60,0,942,18577,-32,4.5354,-11.16,-11.10,OK,216,2048,OPEN,Ramping REV PWM
43916,11226,0,Tower_A,REV_RAMP,-60,60,0,834,18469,-108,4.5090,-10.48,-10.42,FAULT,255,1819,OPEN,Ramping REV PWM
43958,11268,0,Tower_A,REV_RAMP,-60,60,0,797,18432,-37,4.5000,-12.90,-12.84,FAULT,255,1709,OPEN,Ramping REV PWM
44000,11310,0,Tower_A,REV_RAMP,-60,60,0,751,18386,-46,4.4888,-16.04,-15.96,FAULT,255,1586,OPEN,Ramping REV PWM
44042,11352,0,Tower_A,REV_RAMP,-60,60,0,706,18341,-45,4.4778,-15.69,-15.61,FAULT,255,1500,OPEN,Ramping REV PWM
44086,11396,0,Tower_A,REV_RAMP,-60,60,0,666,18300,-41,4.4678,-13.65,-13.58,FAULT,255,1438,OPEN,Ramping REV PWM
44128,11438,0,Tower_A,REV_RAMP,-60,60,0,629,18264,-36,4.4590,-12.56,-12.49,FAULT,255,1366,OPEN,Ramping REV PWM
44170,11480,0,Tower_A,REV_RAMP,-60,60,0,587,18221,-43,4.4485,-15.00,-14.92,FAULT,255,1330,OPEN,Ramping REV PWM
44212,11522,0,Tower_A,REV_RAMP,-60,60,0,538,18172,-49,4.4365,-17.09,-17.00,FAULT,255,1336,OPEN,Ramping REV PWM
44364,11674,0,Tower_A,REV_RAMP,-60,60,0,338,17972,-200,4.3877,-19.27,-19.17,FAULT,255,1359,OPEN,Ramping REV PWM
44408,11718,0,Tower_A,REV_RAMP,-60,60,0,275,17909,-63,4.3723,-20.97,-20.87,FAULT,255,1390,OPEN,Ramping REV PWM
44450,11760,0,Tower_A,REV_RAMP,-60,60,0,219,17854,-55,4.3589,-19.18,-19.08,FAULT,255,1456,OPEN,Ramping REV PWM
44492,11802,0,Tower_A,REV_RAMP,-60,60,0,161,17796,-58,4.3447,-20.23,-20.12,FAULT,255,1570,OPEN,Ramping REV PWM
44534,11844,0,Tower_A,REV_RAMP,-60,60,0,108,17743,-53,4.3318,-18.48,-18.39,FAULT,255,1691,OPEN,Ramping REV PWM
44578,11888,0,Tower_A,REV_RAMP,-60,60,0,59,17693,-50,4.3196,-16.65,-16.56,FAULT,255,1801,OPEN,Ramping REV PWM
44620,11930,0,Tower_A,REV_RAMP,-100,100,0,15,17650,-43,4.3091,-15.00,-14.92,OK,255,1917,OPEN,Ramping REV PWM
44662,11972,0,Tower_A,REV_RAMP,-100,100,0,4066,17605,-45,4.2981,-15.69,-15.61,OK,255,2090,OPEN,Ramping REV PWM
44704,12014,0,Tower_A,REV_RAMP,-100,100,0,4018,17556,-49,4.2861,-17.09,-17.00,OK,223,2139,OPEN,Ramping REV PWM
44746,12056,0,Tower_A,REV_RAMP,-100,100,0,3962,17501,-55,4.2727,-19.18,-19.08,OK,183,2130,OPEN,Ramping REV PWM
44790,12100,0,Tower_A,REV_RAMP,-100,100,0,3911,17449,-52,4.2600,-17.31,-17.22,OK,161,2137,OPEN,Ramping REV PWM
44832,12142,0,Tower_A,REV_RAMP,-100,100,0,3870,17408,-41,4.2500,-14.30,-14.23,OK,141,2141,OPEN,Ramping REV PWM
44874,12184,0,Tower_A,REV_RAMP,-100,100,0,3822,17360,-48,4.2383,-16.74,-16.65,OK,121,2148,OPEN,Ramping REV PWM
44916,12226,0,Tower_A,REV_RAMP,-100,100,0,3769,17308,-52,4.2256,-18.14,-18.04,OK,101,2127,OPEN,Ramping REV PWM
44958,12268,0,Tower_A,REV_RAMP,-100,100,0,3717,17256,-52,4.2129,-18.14,-18.04,OK,89,2130,OPEN,Ramping REV PWM
45002,12312,0,Tower_A,REV_RAMP,-100,100,0,3663,17202,-54,4.1997,-17.98,-17.88,OK,81,2130,OPEN,Ramping REV PWM
45044,12354,0,Tower_A,REV_RAMP,-100,100,0,3617,17156,-46,4.1885,-16.04,-15.96,OK,75,2125,OPEN,Ramping REV PWM
45086,12396,0,Tower_A,REV_RAMP,-100,100,0,3566,17104,-52,4.1758,-18.14,-18.04,OK,71,2108,OPEN,Ramping REV PWM
45128,12438,0,Tower_A,REV_RAMP,-100,100,0,3517,17055,-49,4.1638,-17.09,-17.00,OK,71,2137,OPEN,Ramping REV PWM
45172,12482,0,Tower_A,REV_RAMP,-100,100,0,3467,17005,-50,4.1516,-16.65,-16.56,OK,71,2104,OPEN,Ramping REV PWM
45214,12524,0,Tower_A,REV_RAMP,-100,100,0,3419,16957,-48,4.1399,-16.74,-16.65,OK,75,2065,OPEN,Ramping REV PWM
45256,12566,0,Tower_A,REV_RAMP,-100,100,0,3380,16918,-39,4.1304,-13.60,-13.53,OK,81,2055,OPEN,Ramping REV PWM
45298,12608,0,Tower_A,REV_RAMP,-100,100,0,3339,16877,-41,4.1204,-14.30,-14.23,OK,91,2050,OPEN,Ramping REV PWM
45340,12650,0,Tower_A,REV_RAMP,-100,100,0,3289,16828,-49,4.1084,-17.09,-17.00,OK,109,2062,OPEN,Ramping REV PWM
45384,12694,0,Tower_A,REV_RAMP,-100,100,0,3248,16786,-42,4.0981,-13.98,-13.91,OK,135,2058,OPEN,Ramping REV PWM
45426,12736,0,Tower_A,REV_RAMP,-100,100,0,3218,16757,-29,4.0911,-10.11,-10.06,OK,165,2054,OPEN,Ramping REV PWM
45468,12778,0,Tower_A,REV_RAMP,-100,100,0,3184,16722,-35,4.0825,-12.21,-12.14,OK,203,2058,OPEN,Ramping REV PWM
45510,12820,0,Tower_A,REV_RAMP,-100,100,0,3129,16668,-54,4.0693,-18.83,-18.74,OK,251,2052,OPEN,Ramping REV PWM
45552,12862,0,Tower_A,REV_RAMP,-100,100,0,3085,16624,-44,4.0586,-15.35,-15.27,FAULT,255,1649,OPEN,Ramping REV PWM
45596,12906,0,Tower_A,REV_RAMP,-100,100,0,3048,16586,-38,4.0493,-12.65,-12.59,FAULT,255,1273,OPEN,Ramping REV PWM
45638,12948,0,Tower_A,REV_RAMP,-100,100,0,2979,16518,-68,4.0327,-23.72,-23.59,FAULT,255,1055,OPEN,Ramping REV PWM
45680,12990,0,Tower_A,REV_RAMP,-100,100,0,2910,16449,-69,4.0159,-24.07,-23.94,FAULT,255,876,OPEN,Ramping REV PWM
45722,13032,0,Tower_A,REV_RAMP,-100,100,0,2876,16414,-35,4.0073,-12.21,-12.14,FAULT,255,658,OPEN,Ramping REV PWM
45766,13076,0,Tower_A,REV_RAMP,-100,100,0,2787,16326,-88,3.9858,-29.30,-29.15,FAULT,255,578,OPEN,Ramping REV PWM
45926,13236,0,Tower_A,REV_RAMP,-100,100,0,2384,15924,-402,3.8877,-36.80,-36.61,FAULT,255,382,OPEN,Ramping REV PWM
45968,13278,0,Tower_A,REV_RAMP,-100,100,0,2209,15749,-175,3.8450,-61.04,-60.72,FAULT,255,472,OPEN,Ramping REV PWM
46010,13320,0,Tower_A,REV_RAMP,-100,100,0,2064,15604,-145,3.8096,-50.57,-50.31,FAULT,255,564,OPEN,Ramping REV PWM
46052,13362,0,Tower_A,REV_RAMP,-100,100,0,1980,15519,-85,3.7888,-29.65,-29.49,FAULT,255,775,OPEN,Ramping REV PWM
46096,13406,0,Tower_A,REV_RAMP,-100,100,0,1919,15457,-62,3.7737,-20.64,-20.53,FAULT,255,1104,OPEN,Ramping REV PWM
46138,13448,0,Tower_A,REV_RAMP,-140,140,0,1862,15401,-56,3.7600,-19.53,-19.43,FAULT,255,1395,OPEN,Ramping REV PWM
46180,13490,0,Tower_A,REV_RAMP,-140,140,0,1808,15347,-54,3.7468,-18.83,-18.74,FAULT,255,1741,OPEN,Ramping REV PWM
46222,13532,0,Tower_A,REV_RAMP,-140,140,0,1758,15296,-51,3.7344,-17.79,-17.70,OK,235,2140,OPEN,Ramping REV PWM
46375,13685,0,Tower_A,REV_RAMP,-140,140,0,1549,15088,-208,3.6836,-19.91,-19.81,OK,97,2135,OPEN,Ramping REV PWM
46417,13727,0,Tower_A,REV_RAMP,-140,140,0,1487,15026,-62,3.6685,-21.62,-21.51,OK,85,2126,OPEN,Ramping REV PWM
46459,13769,0,Tower_A,REV_RAMP,-140,140,0,1424,14962,-64,3.6528,-22.32,-22.21,OK,79,2135,OPEN,Ramping REV PWM
46501,13811,0,Tower_A,REV_RAMP,-140,140,0,1362,14901,-61,3.6379,-21.28,-21.17,OK,77,2119,OPEN,Ramping REV PWM
46543,13853,0,Tower_A,REV_RAMP,-140,140,0,1295,14833,-68,3.6213,-23.72,-23.59,OK,77,2052,OPEN,Ramping REV PWM
46587,13897,0,Tower_A,REV_RAMP,-140,140,0,1240,14778,-55,3.6079,-18.31,-18.22,OK,85,2052,OPEN,Ramping REV PWM
46629,13939,0,Tower_A,REV_RAMP,-140,140,0,1177,14716,-62,3.5928,-21.62,-21.51,OK,101,2049,OPEN,Ramping REV PWM
46778,14088,0,Tower_A,REV_RAMP,-140,140,0,917,14455,-261,3.5291,-25.66,-25.53,OK,209,2068,OPEN,Ramping REV PWM
46820,14130,0,Tower_A,REV_RAMP,-140,140,0,863,14400,-55,3.5156,-19.18,-19.08,OK,255,1889,OPEN,Ramping REV PWM
46864,14174,0,Tower_A,REV_RAMP,-140,140,0,753,14294,-106,3.4897,-35.29,-35.11,FAULT,255,1809,OPEN,Ramping REV PWM
46906,14216,0,Tower_A,REV_RAMP,-140,140,0,666,14203,-91,3.4675,-31.74,-31.57,FAULT,255,1492,OPEN,Ramping REV PWM
46948,14258,0,Tower_A,REV_RAMP,-140,140,0,586,14126,-77,3.4487,-26.86,-26.72,FAULT,255,1337,OPEN,Ramping REV PWM
46990,14300,0,Tower_A,REV_RAMP,-140,140,0,423,13964,-162,3.4092,-56.50,-56.21,FAULT,255,1537,OPEN,Ramping REV PWM
47032,14342,0,Tower_A,REV_RAMP,-140,140,0,323,13862,-102,3.3843,-35.57,-35.39,FAULT,255,1320,OPEN,Ramping REV PWM
47076,14386,0,Tower_A,REV_RAMP,-140,140,0,184,13724,-138,3.3506,-45.94,-45.71,FAULT,255,1681,OPEN,Ramping REV PWM
47229,14539,0,Tower_A,REV_RAMP,-140,140,0,3915,13358,-366,3.2612,-35.04,-34.86,OK,157,2059,OPEN,Ramping REV PWM
47271,14581,0,Tower_A,REV_RAMP,-140,140,0,3846,13288,-70,3.2441,-24.41,-24.29,OK,127,2154,OPEN,Ramping REV PWM
47313,14623,0,Tower_A,REV_RAMP,-140,140,0,3776,13219,-69,3.2273,-24.07,-23.94,OK,101,2140,OPEN,Ramping REV PWM
47357,14667,0,Tower_A,REV_RAMP,-140,140,0,3698,13140,-79,3.2080,-26.30,-26.16,OK,89,2140,OPEN,Ramping REV PWM
47399,14709,0,Tower_A,REV_RAMP,-140,140,0,3626,13069,-71,3.1907,-24.76,-24.64,OK,77,2130,OPEN,Ramping REV PWM
47441,14751,0,Tower_A,REV_RAMP,-140,140,0,3550,12993,-76,3.1721,-26.51,-26.37,OK,71,2134,OPEN,Ramping REV PWM
47483,14793,0,Tower_A,REV_RAMP,-140,140,0,3489,12931,-62,3.1570,-21.62,-21.51,OK,71,2111,OPEN,Ramping REV PWM
47525,14835,0,Tower_A,REV_RAMP,-140,140,0,3418,12861,-70,3.1399,-24.41,-24.29,OK,75,2051,OPEN,Ramping REV PWM
47569,14879,0,Tower_A,REV_RAMP,-140,140,0,3359,12801,-60,3.1252,-19.98,-19.87,OK,87,2071,OPEN,Ramping REV PWM
47611,14921,0,Tower_A,REV_RAMP,-140,140,0,3291,12735,-66,3.1091,-23.02,-22.90,OK,107,2060,OPEN,Ramping REV PWM
47653,14963,0,Tower_A,REV_RAMP,-180,180,0,3223,12665,-70,3.0920,-24.41,-24.29,OK,131,2051,OPEN,Ramping REV PWM
47695,15005,0,Tower_A,REV_RAMP,-180,180,0,3166,12609,-56,3.0784,-19.53,-19.43,OK,167,2058,OPEN,Ramping REV PWM
47737,15047,0,Tower_A,REV_RAMP,-180,180,0,3071,12514,-95,3.0552,-33.13,-32.96,OK,223,2047,OPEN,Ramping REV PWM
47781,15091,0,Tower_A,REV_RAMP,-180,180,0,3003,12445,-69,3.0383,-22.97,-22.85,FAULT,255,1644,OPEN,Ramping REV PWM
47823,15133,0,Tower_A,REV_RAMP,-180,180,0,2888,12332,-113,3.0107,-39.41,-39.21,FAULT,255,1226,OPEN,Ramping REV PWM
47865,15175,0,Tower_A,REV_RAMP,-180,180,0,2788,12232,-100,2.9863,-34.88,-34.70,FAULT,255,873,OPEN,Ramping REV PWM
47907,15217,0,Tower_A,REV_RAMP,-180,180,0,2657,12099,-133,2.9539,-46.39,-46.15,FAULT,255,703,OPEN,Ramping REV PWM
47961,15271,0,Tower_A,REV_RAMP,-180,180,0,2459,11902,-197,2.9058,-53.44,-53.16,FAULT,255,477,OPEN,Ramping REV PWM
48005,15315,0,Tower_A,REV_RAMP,-180,180,0,2192,11635,-267,2.8406,-88.89,-88.43,FAULT,255,578,OPEN,Ramping REV PWM
48049,15359,0,Tower_A,REV_RAMP,-180,180,0,2013,11456,-179,2.7969,-59.59,-59.28,FAULT,255,910,OPEN,Ramping REV PWM
48093,15403,0,Tower_A,REV_RAMP,-180,180,0,1883,11326,-130,2.7651,-43.28,-43.06,FAULT,255,1475,OPEN,Ramping REV PWM
48137,15447,0,Tower_A,REV_RAMP,-180,180,0,1785,11227,-99,2.7410,-32.96,-32.79,OK,255,1995,OPEN,Ramping REV PWM
48183,15493,0,Tower_A,REV_RAMP,-180,180,0,1701,11143,-84,2.7205,-26.75,-26.61,OK,171,2137,OPEN,Ramping REV PWM
48226,15536,0,Tower_A,REV_RAMP,-180,180,0,1618,11060,-83,2.7002,-28.27,-28.13,OK,123,2140,OPEN,Ramping REV PWM
48269,15579,0,Tower_A,REV_RAMP,-180,180,0,1536,10978,-82,2.6802,-27.93,-27.79,OK,95,2135,OPEN,Ramping REV PWM
48312,15622,0,Tower_A,REV_RAMP,-180,180,0,1445,10887,-91,2.6580,-31.00,-30.84,OK,81,2134,OPEN,Ramping REV PWM
48357,15667,0,Tower_A,REV_RAMP,-180,180,0,1364,10807,-80,2.6384,-26.04,-25.91,OK,77,2118,OPEN,Ramping REV PWM
48400,15710,0,Tower_A,REV_RAMP,-180,180,0,1278,10721,-86,2.6174,-29.30,-29.15,OK,79,2057,OPEN,Ramping REV PWM
48443,15753,0,Tower_A,REV_RAMP,-180,180,0,1198,10641,-80,2.5979,-27.25,-27.11,OK,93,2049,OPEN,Ramping REV PWM
48486,15796,0,Tower_A,REV_RAMP,-180,180,0,1119,10561,-80,2.5784,-27.25,-27.11,OK,117,2049,OPEN,Ramping REV PWM
48529,15839,0,Tower_A,REV_RAMP,-180,180,0,1038,10481,-80,2.5588,-27.25,-27.11,OK,153,2056,OPEN,Ramping REV PWM
48574,15884,0,Tower_A,REV_RAMP,-180,180,0,937,10380,-101,2.5342,-32.88,-32.71,OK,209,2047,OPEN,Ramping REV PWM
48617,15927,0,Tower_A,REV_RAMP,-180,180,0,846,10289,-91,2.5120,-31.00,-30.84,OK,255,1916,OPEN,Ramping REV PWM
48660,15970,0,Tower_A,REV_RAMP,-180,180,0,713,10156,-133,2.4795,-45.31,-45.07,FAULT,255,1630,OPEN,Ramping REV PWM
48703,16013,0,Tower_A,REV_RAMP,-180,180,0,603,10047,-109,2.4529,-37.13,-36.94,FAULT,255,1354,OPEN,Ramping REV PWM
48746,16056,0,Tower_A,REV_RAMP,-180,180,0,442,9886,-161,2.4136,-54.85,-54.56,FAULT,255,1357,OPEN,Ramping REV PWM
48792,16102,0,Tower_A,REV_RAMP,-180,180,0,267,9710,-176,2.3706,-56.05,-55.76,FAULT,255,1443,OPEN,Ramping REV PWM
48835,16145,0,Tower_A,REV_RAMP,-180,180,0,101,9544,-166,2.3301,-56.55,-56.26,FAULT,255,1786,OPEN,Ramping REV PWM
48878,16188,0,Tower_A,REV_RAMP,-180,180,0,4066,9414,-130,2.2983,-44.29,-44.06,OK,255,2140,OPEN,Ramping REV PWM
48921,16231,0,Tower_A,REV_RAMP,-180,180,0,3951,9298,-116,2.2700,-39.52,-39.31,OK,173,2126,OPEN,Ramping REV PWM
48967,16277,0,Tower_A,REV_RAMP,-180,180,0,3856,9202,-96,2.2466,-30.57,-30.41,OK,131,2143,OPEN,Ramping REV PWM
49010,16320,0,Tower_A,REV_RAMP,-180,180,0,3754,9101,-101,2.2219,-34.41,-34.23,OK,99,2143,OPEN,Ramping REV PWM
49053,16363,0,Tower_A,REV_RAMP,-180,180,0,3663,9010,-91,2.1997,-31.00,-30.84,OK,85,2146,OPEN,Ramping REV PWM
49096,16406,0,Tower_A,REV_RAMP,-180,180,0,3564,8911,-99,2.1755,-33.73,-33.55,OK,75,2134,OPEN,Ramping REV PWM
49139,16449,0,Tower_A,REV_RAMP,-180,180,0,3475,8821,-90,2.1536,-30.66,-30.50,OK,73,2116,OPEN,Ramping REV PWM
49185,16495,0,Tower_A,REV_RAMP,-220,220,0,3386,8732,-89,2.1318,-28.34,-28.20,OK,79,2055,OPEN,Ramping REV PWM
49228,16538,0,Tower_A,REV_RAMP,-220,220,0,3296,8643,-89,2.1101,-30.32,-30.16,OK,101,2068,OPEN,Ramping REV PWM
49271,16581,0,Tower_A,REV_RAMP,-220,220,0,3198,8545,-98,2.0862,-33.38,-33.21,OK,135,2082,OPEN,Ramping REV PWM
49314,16624,0,Tower_A,REV_RAMP,-220,220,0,3114,8461,-84,2.0657,-28.62,-28.47,OK,194,1995,OPEN,Ramping REV PWM
49360,16670,0,Tower_A,REV_RAMP,-220,220,0,3001,8349,-112,2.0383,-35.67,-35.48,FAULT,255,1718,OPEN,Ramping REV PWM
49403,16713,0,Tower_A,REV_RAMP,-220,220,0,2868,8215,-134,2.0056,-45.65,-45.41,FAULT,255,1061,OPEN,Ramping REV PWM
49446,16756,0,Tower_A,REV_RAMP,-220,220,0,2727,8075,-140,1.9714,-47.69,-47.45,FAULT,255,902,OPEN,Ramping REV PWM
49489,16799,0,Tower_A,REV_RAMP,-220,220,0,2549,7898,-177,1.9282,-60.30,-59.99,FAULT,255,640,OPEN,Ramping REV PWM
49533,16843,0,Tower_A,REV_RAMP,-220,220,0,2323,7674,-224,1.8735,-74.57,-74.19,FAULT,255,783,OPEN,Ramping REV PWM
49578,16888,0,Tower_A,REV_RAMP,-220,220,0,2085,7431,-243,1.8142,-79.10,-78.69,FAULT,255,1011,OPEN,Ramping REV PWM
49621,16931,0,Tower_A,REV_RAMP,-220,220,0,1922,7270,-161,1.7749,-54.85,-54.56,FAULT,255,1586,OPEN,Ramping REV PWM
49664,16974,0,Tower_A,REV_RAMP,-220,220,0,1806,7153,-117,1.7463,-39.86,-39.65,OK,249,2152,OPEN,Ramping REV PWM
49707,17017,0,Tower_A,REV_RAMP,-220,220,0,1716,7063,-90,1.7244,-30.66,-30.50,OK,156,2128,OPEN,Ramping REV PWM
49750,17060,0,Tower_A,REV_RAMP,-220,220,0,1604,6951,-112,1.6970,-38.15,-37.96,OK,118,2139,OPEN,Ramping REV PWM
49795,17105,0,Tower_A,REV_RAMP,-220,220,0,1494,6841,-110,1.6702,-35.81,-35.62,OK,94,2140,OPEN,Ramping REV PWM
49838,17148,0,Tower_A,REV_RAMP,-220,220,0,1385,6731,-110,1.6433,-37.47,-37.28,OK,82,2135,OPEN,Ramping REV PWM
49881,17191,0,Tower_A,REV_RAMP,-220,220,0,1277,6624,-107,1.6172,-36.45,-36.26,OK,80,2094,OPEN,Ramping REV PWM
49924,17234,0,Tower_A,REV_RAMP,-220,220,0,1193,6540,-84,1.5967,-28.62,-28.47,OK,94,2059,OPEN,Ramping REV PWM
49969,17279,0,Tower_A,REV_RAMP,-220,220,0,1078,6424,-116,1.5684,-37.76,-37.57,OK,116,2019,OPEN,Ramping REV PWM
50012,17322,0,Tower_A,REV_RAMP,-220,220,0,986,6334,-90,1.5464,-30.66,-30.50,OK,152,2143,OPEN,Ramping REV PWM
50055,17365,0,Tower_A,REV_RAMP,-220,220,0,873,6220,-114,1.5186,-38.84,-38.63,OK,220,1983,OPEN,Ramping REV PWM
50098,17408,0,Tower_A,REV_RAMP,-220,220,0,747,6095,-125,1.4880,-42.58,-42.36,OK,255,1938,OPEN,Ramping REV PWM
50141,17451,0,Tower_A,REV_RAMP,-220,220,0,597,5944,-151,1.4512,-51.44,-51.17,FAULT,255,1619,OPEN,Ramping REV PWM
50186,17496,0,Tower_A,REV_RAMP,-220,220,0,405,5753,-191,1.4045,-62.17,-61.85,FAULT,255,1559,OPEN,Ramping REV PWM
50229,17539,0,Tower_A,REV_RAMP,-220,220,0,245,5593,-160,1.3655,-54.51,-54.22,FAULT,255,1792,OPEN,Ramping REV PWM
50272,17582,0,Tower_A,REV_RAMP,-220,220,0,50,5397,-196,1.3176,-66.77,-66.42,OK,253,2145,OPEN,Ramping REV PWM
50315,17625,0,Tower_A,REV_RAMP,-220,220,0,4019,5271,-126,1.2869,-42.92,-42.70,OK,189,2143,OPEN,Ramping REV PWM
50360,17670,0,Tower_A,REV_RAMP,-220,220,0,3882,5133,-138,1.2532,-44.92,-44.69,OK,137,2138,OPEN,Ramping REV PWM
50403,17713,0,Tower_A,REV_RAMP,-220,220,0,3766,5017,-116,1.2249,-39.52,-39.31,OK,99,2123,OPEN,Ramping REV PWM
50446,17756,0,Tower_A,REV_RAMP,-220,220,0,3652,4904,-113,1.1973,-38.49,-38.30,OK,87,2145,OPEN,Ramping REV PWM
50489,17799,0,Tower_A,REV_RAMP,-220,220,0,3536,4787,-117,1.1687,-39.86,-39.65,OK,79,2147,OPEN,Ramping REV PWM
50532,17842,0,Tower_A,REV_RAMP,-220,220,0,3423,4674,-113,1.1411,-38.49,-38.30,OK,77,2093,OPEN,Ramping REV PWM
50578,17888,0,Tower_A,REV_RAMP,-220,220,0,3311,4562,-112,1.1138,-35.67,-35.48,OK,91,2092,OPEN,Ramping REV PWM
50621,17931,0,Tower_A,REV_RAMP,-220,220,0,3223,4474,-88,1.0923,-29.98,-29.82,OK,129,2089,OPEN,Ramping REV PWM
50664,17974,0,Tower_A,REV_RAMP,-220,220,0,3120,4370,-104,1.0669,-35.43,-35.25,OK,173,1964,OPEN,Ramping REV PWM
50707,18017,0,Tower_A,REV_RAMP,-255,255,0,3013,4265,-105,1.0413,-35.77,-35.58,OK,255,2100,OPEN,Ramping REV PWM
50750,18060,0,Tower_A,REV_RAMP,-255,255,0,2870,4122,-143,1.0063,-48.71,-48.46,FAULT,255,1312,OPEN,Ramping REV PWM
50795,18105,0,Tower_A,REV_RAMP,-255,255,0,2714,3966,-156,0.9683,-50.78,-50.52,FAULT,255,1001,OPEN,Ramping REV PWM
50838,18148,0,Tower_A,REV_RAMP,-255,255,0,2503,3755,-211,0.9167,-71.88,-71.51,FAULT,255,901,OPEN,Ramping REV PWM
50881,18191,0,Tower_A,REV_RAMP,-255,255,0,2268,3521,-234,0.8596,-79.71,-79.30,FAULT,255,992,OPEN,Ramping REV PWM
50925,18235,0,Tower_A,REV_RAMP,-255,255,0,2052,3304,-217,0.8066,-72.24,-71.87,FAULT,255,1324,OPEN,Ramping REV PWM
50970,18280,0,Tower_A,REV_RAMP,-255,255,0,1872,3123,-181,0.7625,-58.92,-58.62,OK,255,1901,OPEN,Ramping REV PWM
51013,18323,0,Tower_A,REV_RAMP,-255,255,0,1747,2998,-125,0.7319,-42.58,-42.36,OK,178,2143,OPEN,Ramping REV PWM
51056,18366,0,Tower_A,REV_RAMP,-255,255,0,1624,2875,-123,0.7019,-41.90,-41.69,OK,122,2140,OPEN,Ramping REV PWM
51099,18409,0,Tower_A,REV_RAMP,-255,255,0,1504,2755,-120,0.6726,-40.88,-40.67,OK,94,2134,OPEN,Ramping REV PWM
51142,18452,0,Tower_A,REV_RAMP,-255,255,0,1385,2635,-120,0.6433,-40.88,-40.67,OK,82,2120,OPEN,Ramping REV PWM
51285,18595,0,Tower_A,REV_RAMP,-255,255,0,997,2248,-387,0.5488,-39.64,-39.44,OK,142,2035,OPEN,Ramping REV PWM
51428,18738,0,Tower_A,REV_RAMP,-255,255,0,463,1715,-533,0.4187,-54.60,-54.32,OK,255,1857,OPEN,Ramping REV PWM
51654,18964,0,Tower_A,REV_RAMP,-255,255,0,3701,856,-859,0.2090,-55.68,-55.39,OK,91,2140,OPEN,Ramping REV PWM
51698,19008,0,Tower_A,REV_RAMP,-255,255,0,3557,712,-144,0.1738,-47.94,-47.69,OK,79,2125,OPEN,Ramping REV PWM
51744,19054,0,Tower_A,REV_RAMP,-255,255,0,3425,580,-132,0.1416,-42.03,-41.82,OK,79,2098,OPEN,Ramping REV PWM
51787,19097,0,Tower_A,REV_RAMP,-255,255,0,3310,465,-115,0.1135,-39.18,-38.97,OK,91,2061,OPEN,Ramping REV PWM
51830,19140,0,Tower_A,REV_RAMP,-255,255,0,3200,355,-110,0.0867,-37.47,-37.28,OK,125,2058,OPEN,Ramping REV PWM
51874,19184,0,Tower_A,REV_RAMP,-255,255,0,3089,245,-110,0.0598,-36.62,-36.43,OK,175,2060,OPEN,Ramping REV PWM
51917,19227,0,Tower_A,REV_RAMP,-255,255,0,2959,114,-131,0.0278,-44.63,-44.40,OK,253,2039,OPEN,Ramping REV PWM
51963,19273,0,Tower_A,REV_RAMP,-255,255,0,2791,-54,-168,-0.0132,-53.50,-53.22,FAULT,255,1574,OPEN,Ramping REV PWM
52014,19324,0,Tower_A,REV_RAMP,-255,255,0,2585,-260,-206,-0.0635,-59.17,-58.86,FAULT,255,1392,OPEN,Ramping REV PWM
52057,19367,0,Tower_A,REV_RAMP,-255,255,0,2402,-443,-183,-0.1082,-62.34,-62.02,OK,245,2142,OPEN,Ramping REV PWM
52100,19410,0,Tower_A,REV_RAMP,-255,255,0,2253,-592,-149,-0.1445,-50.76,-50.50,OK,175,2153,OPEN,Ramping REV PWM
52144,19454,0,Tower_A,REV_RAMP,-255,255,0,2094,-750,-158,-0.1831,-52.60,-52.33,OK,137,2142,OPEN,Ramping REV PWM
52190,19500,0,Tower_A,REV_RAMP,-255,255,0,1939,-906,-156,-0.2212,-49.68,-49.42,OK,113,2137,OPEN,Ramping REV PWM
52234,19544,0,Tower_A,REV_COAST,0,0,0,1795,-1050,-144,-0.2563,-47.94,-47.69,OK,95,2121,OPEN,Coasting to Stop
52277,19587,0,Tower_A,REV_COAST,0,0,0,1703,-1142,-92,-0.2788,-31.34,-31.18,OK,87,2132,OPEN,Coasting to Stop
52321,19631,0,Tower_A,REV_COAST,0,0,0,1654,-1191,-49,-0.2908,-16.31,-16.23,OK,83,2119,OPEN,Coasting to Stop
52367,19677,0,Tower_A,REV_COAST,0,0,0,1622,-1224,-33,-0.2988,-10.51,-10.45,OK,81,2121,OPEN,Coasting to Stop
52410,19720,0,Tower_A,REV_COAST,0,0,0,1597,-1249,-25,-0.3049,-8.52,-8.47,OK,81,2142,OPEN,Coasting to Stop
52453,19763,0,Tower_A,REV_COAST,0,0,0,1577,-1269,-20,-0.3098,-6.81,-6.78,OK,79,2132,OPEN,Coasting to Stop
52496,19806,0,Tower_A,REV_COAST,0,0,0,1559,-1287,-18,-0.3142,-6.13,-6.10,OK,79,2142,OPEN,Coasting to Stop
52539,19849,0,Tower_A,REV_COAST,0,0,0,1546,-1299,-12,-0.3171,-4.09,-4.07,OK,77,2121,OPEN,Coasting to Stop
52584,19894,0,Tower_A,REV_COAST,0,0,0,1535,-1311,-12,-0.3201,-3.91,-3.89,OK,77,2130,OPEN,Coasting to Stop
52627,19937,0,Tower_A,REV_COAST,0,0,0,1528,-1318,-7,-0.3218,-2.38,-2.37,OK,77,2137,OPEN,Coasting to Stop
52670,19980,0,Tower_A,REV_COAST,0,0,0,1525,-1322,-4,-0.3228,-1.36,-1.36,OK,77,2135,OPEN,Coasting to Stop
52713,20023,0,Tower_A,REV_COAST,0,0,0,1525,-1321,1,-0.3225,0.34,0.34,OK,77,2135,OPEN,Coasting to Stop
52756,20066,0,Tower_A,REV_COAST,0,0,0,1525,-1321,0,-0.3225,0.00,0.00,OK,77,2134,OPEN,Coasting to Stop
52801,20111,0,Tower_A,REV_COAST,0,0,0,1525,-1321,0,-0.3225,0.00,0.00,OK,77,2134,OPEN,Coasting to Stop
52844,20154,0,Tower_A,REV_COAST,0,0,0,1525,-1321,0,-0.3225,0.00,0.00,OK,77,2136,OPEN,Coasting to Stop
52887,20197,0,Tower_A,REV_COAST,0,0,0,1525,-1321,0,-0.3225,0.00,0.00,OK,77,2135,OPEN,Coasting to Stop
52930,20240,0,Tower_A,REV_COAST,0,0,0,1525,-1321,0,-0.3225,0.00,0.00,OK,77,2134,OPEN,Coasting to Stop
52973,20283,0,Tower_A,REV_COAST,0,0,0,1525,-1321,0,-0.3225,0.00,0.00,OK,77,2134,OPEN,Coasting to Stop
53018,20328,0,Tower_A,REV_COAST,0,0,0,1525,-1321,0,-0.3225,0.00,0.00,OK,77,2133,OPEN,Coasting to Stop
53061,20371,0,Tower_A,REV_COAST,0,0,0,1525,-1321,0,-0.3225,0.00,0.00,OK,77,2133,OPEN,Coasting to Stop
53104,20414,0,Tower_A,REV_COAST,0,0,0,1525,-1321,0,-0.3225,0.00,0.00,OK,77,2129,OPEN,Coasting to Stop
53147,20457,0,Tower_A,REV_COAST,0,0,0,1525,-1321,0,-0.3225,0.00,0.00,OK,77,2132,OPEN,Coasting to Stop
53190,20500,0,Tower_A,REV_COAST,0,0,0,1525,-1321,0,-0.3225,0.00,0.00,OK,77,2134,OPEN,Coasting to Stop
Summary,Motor_0,Tower_A,I2C,PASS,Magnet,OK,MinFwdPWM,60,MinRevPWM,60,MaxFwdRPM,145.09,MaxRevRPM,88.89,TotalFwdCounts,18528,TotalRevCounts,-19434,StallAt255,NO
53363,20673,1,Tower_B,FWD_RAMP,60,0,60,1939,0,0,0.0000,0.00,0.00,OK,78,2096,OPEN,Ramping FWD PWM
53406,20716,1,Tower_B,FWD_RAMP,60,0,60,1942,3,3,0.0007,1.02,1.02,OK,78,2098,OPEN,Ramping FWD PWM
53449,20759,1,Tower_B,FWD_RAMP,60,0,60,1951,12,9,0.0029,3.07,3.05,OK,78,2105,OPEN,Ramping FWD PWM
53492,20802,1,Tower_B,FWD_RAMP,60,0,60,1966,27,15,0.0066,5.11,5.08,OK,78,2101,OPEN,Ramping FWD PWM
53537,20847,1,Tower_B,FWD_RAMP,60,0,60,1984,45,18,0.0110,5.86,5.83,OK,78,2112,OPEN,Ramping FWD PWM
53580,20890,1,Tower_B,FWD_RAMP,60,0,60,2004,65,20,0.0159,6.81,6.78,OK,78,2115,OPEN,Ramping FWD PWM
53623,20933,1,Tower_B,FWD_RAMP,60,0,60,2024,84,19,0.0205,6.47,6.44,OK,78,2114,OPEN,Ramping FWD PWM
53666,20976,1,Tower_B,FWD_RAMP,60,0,60,2045,106,22,0.0259,7.49,7.46,OK,78,2120,OPEN,Ramping FWD PWM
53709,21019,1,Tower_B,FWD_RAMP,60,0,60,2067,128,22,0.0312,7.49,7.46,OK,78,2129,OPEN,Ramping FWD PWM
53755,21065,1,Tower_B,FWD_RAMP,60,0,60,2086,146,18,0.0356,5.73,5.70,OK,76,2128,OPEN,Ramping FWD PWM
53798,21108,1,Tower_B,FWD_RAMP,60,0,60,2113,174,28,0.0425,9.54,9.49,OK,76,2116,OPEN,Ramping FWD PWM
53841,21151,1,Tower_B,FWD_RAMP,60,0,60,2139,200,26,0.0488,8.86,8.81,OK,76,2113,OPEN,Ramping FWD PWM
53884,21194,1,Tower_B,FWD_RAMP,60,0,60,2163,224,24,0.0547,8.18,8.13,OK,76,2113,OPEN,Ramping FWD PWM
53927,21237,1,Tower_B,FWD_RAMP,60,0,60,2190,251,27,0.0613,9.20,9.15,OK,76,2114,OPEN,Ramping FWD PWM
53972,21282,1,Tower_B,FWD_RAMP,60,0,60,2219,279,28,0.0681,9.11,9.07,OK,76,2108,OPEN,Ramping FWD PWM
54015,21325,1,Tower_B,FWD_RAMP,60,0,60,2251,311,32,0.0759,10.90,10.84,OK,76,2099,OPEN,Ramping FWD PWM
54058,21368,1,Tower_B,FWD_RAMP,60,0,60,2283,344,33,0.0840,11.24,11.18,OK,76,2090,OPEN,Ramping FWD PWM
54101,21411,1,Tower_B,FWD_RAMP,60,0,60,2319,380,36,0.0928,12.26,12.20,OK,76,2077,OPEN,Ramping FWD PWM
54144,21454,1,Tower_B,FWD_RAMP,60,0,60,2353,413,33,0.1008,11.24,11.18,OK,76,2067,OPEN,Ramping FWD PWM
54190,21500,1,Tower_B,FWD_RAMP,60,0,60,2384,445,32,0.1086,10.19,10.14,OK,76,2066,OPEN,Ramping FWD PWM
54233,21543,1,Tower_B,FWD_RAMP,60,0,60,2414,475,30,0.1160,10.22,10.17,OK,76,2063,OPEN,Ramping FWD PWM
54276,21586,1,Tower_B,FWD_RAMP,60,0,60,2447,507,32,0.1238,10.90,10.84,OK,76,2058,OPEN,Ramping FWD PWM
54320,21630,1,Tower_B,FWD_RAMP,60,0,60,2484,545,38,0.1331,12.65,12.59,OK,78,2077,OPEN,Ramping FWD PWM
54364,21674,1,Tower_B,FWD_RAMP,60,0,60,2525,585,40,0.1428,13.32,13.25,OK,78,2077,OPEN,Ramping FWD PWM
54410,21720,1,Tower_B,FWD_RAMP,60,0,60,2568,628,43,0.1533,13.69,13.62,OK,78,2083,OPEN,Ramping FWD PWM
54453,21763,1,Tower_B,FWD_RAMP,60,0,60,2607,668,40,0.1631,13.63,13.56,OK,78,2084,OPEN,Ramping FWD PWM
54496,21806,1,Tower_B,FWD_RAMP,60,0,60,2643,703,35,0.1716,11.92,11.86,OK,78,2082,OPEN,Ramping FWD PWM
54539,21849,1,Tower_B,FWD_RAMP,60,0,60,2674,735,32,0.1794,10.90,10.84,OK,78,2081,OPEN,Ramping FWD PWM
54582,21892,1,Tower_B,FWD_RAMP,60,0,60,2707,768,33,0.1875,11.24,11.18,OK,78,2089,OPEN,Ramping FWD PWM
54628,21938,1,Tower_B,FWD_RAMP,60,0,60,2744,805,37,0.1965,11.78,11.72,OK,78,2101,OPEN,Ramping FWD PWM
54671,21981,1,Tower_B,FWD_RAMP,60,0,60,2779,839,34,0.2048,11.58,11.52,OK,78,2117,OPEN,Ramping FWD PWM
54715,22025,1,Tower_B,FWD_RAMP,60,0,60,2812,873,34,0.2131,11.32,11.26,OK,78,2130,OPEN,Ramping FWD PWM
54758,22068,1,Tower_B,FWD_RAMP,60,0,60,2845,906,33,0.2212,11.24,11.18,OK,78,2142,OPEN,Ramping FWD PWM
54801,22111,1,Tower_B,FWD_RAMP,60,0,60,2875,936,30,0.2285,10.22,10.17,OK,76,2124,OPEN,Ramping FWD PWM
54846,22156,1,Tower_B,FWD_RAMP,60,0,60,2907,968,32,0.2363,10.42,10.36,OK,76,2126,OPEN,Ramping FWD PWM
54889,22199,1,Tower_B,FWD_RAMP,100,0,100,2937,997,29,0.2434,9.88,9.83,OK,76,2127,OPEN,Ramping FWD PWM
54932,22242,1,Tower_B,FWD_RAMP,100,0,100,2972,1033,36,0.2522,12.26,12.20,OK,76,2129,OPEN,Ramping FWD PWM
54975,22285,1,Tower_B,FWD_RAMP,100,0,100,3010,1071,38,0.2615,12.95,12.88,OK,74,2112,OPEN,Ramping FWD PWM
55018,22328,1,Tower_B,FWD_RAMP,100,0,100,3047,1108,37,0.2705,12.60,12.54,OK,72,2134,OPEN,Ramping FWD PWM
55064,22374,1,Tower_B,FWD_RAMP,100,0,100,3091,1151,43,0.2810,13.69,13.62,OK,72,2099,OPEN,Ramping FWD PWM
55108,22418,1,Tower_B,FWD_RAMP,100,0,100,3136,1197,46,0.2922,15.31,15.24,OK,74,2104,OPEN,Ramping FWD PWM
55152,22462,1,Tower_B,FWD_RAMP,100,0,100,3195,1255,58,0.3064,19.31,19.21,OK,74,2057,OPEN,Ramping FWD PWM
55196,22506,1,Tower_B,FWD_RAMP,100,0,100,3249,1309,54,0.3196,17.98,17.88,OK,74,2073,OPEN,Ramping FWD PWM
55240,22550,1,Tower_B,FWD_RAMP,100,0,100,3301,1362,53,0.3325,17.64,17.55,OK,76,2082,OPEN,Ramping FWD PWM
55286,22596,1,Tower_B,FWD_RAMP,100,0,100,3362,1422,60,0.3472,19.11,19.01,OK,76,2110,OPEN,Ramping FWD PWM
55329,22639,1,Tower_B,FWD_RAMP,100,0,100,3430,1490,68,0.3638,23.16,23.05,OK,76,2107,OPEN,Ramping FWD PWM
55372,22682,1,Tower_B,FWD_RAMP,100,0,100,3501,1561,71,0.3811,24.19,24.06,OK,78,2089,OPEN,Ramping FWD PWM
55415,22725,1,Tower_B,FWD_RAMP,100,0,100,3572,1632,71,0.3984,24.19,24.06,OK,78,2096,OPEN,Ramping FWD PWM
55459,22769,1,Tower_B,FWD_RAMP,100,0,100,3637,1697,65,0.4143,21.64,21.53,OK,78,2074,OPEN,Ramping FWD PWM
55505,22815,1,Tower_B,FWD_RAMP,100,0,100,3710,1770,73,0.4321,23.25,23.13,OK,78,2089,OPEN,Ramping FWD PWM
55548,22858,1,Tower_B,FWD_RAMP,100,0,100,3773,1833,63,0.4475,21.46,21.35,OK,78,2132,OPEN,Ramping FWD PWM
55591,22901,1,Tower_B,FWD_RAMP,100,0,100,3834,1894,61,0.4624,20.78,20.67,OK,78,2136,OPEN,Ramping FWD PWM
55634,22944,1,Tower_B,FWD_RAMP,100,0,100,3894,1954,60,0.4771,20.44,20.33,OK,76,2137,OPEN,Ramping FWD PWM
55677,22987,1,Tower_B,FWD_RAMP,100,0,100,3945,2006,52,0.4897,17.71,17.62,OK,76,2131,OPEN,Ramping FWD PWM
55771,23081,1,Tower_B,FWD_RAMP,100,0,100,4048,2109,103,0.5149,16.05,15.97,OK,74,2110,OPEN,Ramping FWD PWM
55814,23124,1,Tower_B,FWD_RAMP,100,0,100,9,2166,57,0.5288,19.42,19.32,OK,74,2116,OPEN,Ramping FWD PWM
55857,23167,1,Tower_B,FWD_RAMP,100,0,100,59,2216,50,0.5410,17.03,16.95,OK,74,2097,OPEN,Ramping FWD PWM
55900,23210,1,Tower_B,FWD_RAMP,100,0,100,107,2263,47,0.5525,16.01,15.93,OK,74,2111,OPEN,Ramping FWD PWM
55943,23253,1,Tower_B,FWD_RAMP,100,0,100,155,2312,49,0.5645,16.69,16.61,OK,74,2075,OPEN,Ramping FWD PWM
55989,23299,1,Tower_B,FWD_RAMP,100,0,100,221,2377,65,0.5803,20.70,20.59,OK,74,2048,OPEN,Ramping FWD PWM
56032,23342,1,Tower_B,FWD_RAMP,100,0,100,282,2439,62,0.5955,21.12,21.01,OK,76,2065,OPEN,Ramping FWD PWM
56075,23385,1,Tower_B,FWD_RAMP,100,0,100,349,2506,67,0.6118,22.82,22.71,OK,78,2070,OPEN,Ramping FWD PWM
56118,23428,1,Tower_B,FWD_RAMP,100,0,100,414,2570,64,0.6274,21.80,21.69,OK,78,2081,OPEN,Ramping FWD PWM
56161,23471,1,Tower_B,FWD_RAMP,100,0,100,480,2637,67,0.6438,22.82,22.71,OK,78,2066,OPEN,Ramping FWD PWM
56207,23517,1,Tower_B,FWD_RAMP,100,0,100,554,2710,73,0.6616,23.25,23.13,OK,80,2090,OPEN,Ramping FWD PWM
56250,23560,1,Tower_B,FWD_RAMP,100,0,100,620,2776,66,0.6777,22.48,22.37,OK,80,2115,OPEN,Ramping FWD PWM
56293,23603,1,Tower_B,FWD_RAMP,100,0,100,692,2848,72,0.6953,24.53,24.40,OK,80,2112,OPEN,Ramping FWD PWM
56336,23646,1,Tower_B,FWD_RAMP,100,0,100,751,2907,59,0.7097,20.10,20.00,OK,78,2118,OPEN,Ramping FWD PWM
56382,23692,1,Tower_B,FWD_RAMP,100,0,100,808,2964,57,0.7236,18.15,18.06,OK,76,2119,OPEN,Ramping FWD PWM
56425,23735,1,Tower_B,FWD_RAMP,140,0,140,863,3020,56,0.7373,19.08,18.98,OK,76,2111,OPEN,Ramping FWD PWM
56468,23778,1,Tower_B,FWD_RAMP,140,0,140,920,3076,56,0.7510,19.08,18.98,OK,74,2122,OPEN,Ramping FWD PWM
56511,23821,1,Tower_B,FWD_RAMP,140,0,140,983,3139,63,0.7664,21.46,21.35,OK,72,2117,OPEN,Ramping FWD PWM
56554,23864,1,Tower_B,FWD_RAMP,140,0,140,1043,3199,60,0.7810,20.44,20.33,OK,72,2133,OPEN,Ramping FWD PWM
56600,23910,1,Tower_B,FWD_RAMP,140,0,140,1116,3272,73,0.7988,23.25,23.13,OK,70,2101,OPEN,Ramping FWD PWM
56643,23953,1,Tower_B,FWD_RAMP,140,0,140,1183,3339,67,0.8152,22.82,22.71,OK,70,2101,OPEN,Ramping FWD PWM
56687,23997,1,Tower_B,FWD_RAMP,140,0,140,1270,3426,87,0.8364,28.96,28.81,OK,70,2103,OPEN,Ramping FWD PWM
56730,24040,1,Tower_B,FWD_RAMP,140,0,140,1351,3507,81,0.8562,27.59,27.45,OK,70,2092,OPEN,Ramping FWD PWM
56773,24083,1,Tower_B,FWD_RAMP,140,0,140,1432,3588,81,0.8760,27.59,27.45,OK,70,2095,OPEN,Ramping FWD PWM
56819,24129,1,Tower_B,FWD_RAMP,140,0,140,1537,3693,105,0.9016,33.44,33.26,OK,70,2083,OPEN,Ramping FWD PWM
56862,24172,1,Tower_B,FWD_RAMP,140,0,140,1624,3780,87,0.9229,29.64,29.48,OK,70,2098,OPEN,Ramping FWD PWM
56905,24215,1,Tower_B,FWD_RAMP,140,0,140,1714,3870,90,0.9448,30.66,30.50,OK,70,2133,OPEN,Ramping FWD PWM
56948,24258,1,Tower_B,FWD_RAMP,140,0,140,1791,3947,77,0.9636,26.23,26.10,OK,68,2120,OPEN,Ramping FWD PWM
56991,24301,1,Tower_B,FWD_RAMP,140,0,140,1868,4025,78,0.9827,26.57,26.43,OK,68,2126,OPEN,Ramping FWD PWM
57037,24347,1,Tower_B,FWD_RAMP,140,0,140,1946,4103,78,1.0017,24.84,24.71,OK,66,2124,OPEN,Ramping FWD PWM
57080,24390,1,Tower_B,FWD_RAMP,140,0,140,2008,4165,62,1.0168,21.12,21.01,OK,66,2146,OPEN,Ramping FWD PWM
57123,24433,1,Tower_B,FWD_RAMP,140,0,140,2076,4232,67,1.0332,22.82,22.71,OK,64,2106,OPEN,Ramping FWD PWM
57166,24476,1,Tower_B,FWD_RAMP,140,0,140,2152,4308,76,1.0518,25.89,25.76,OK,64,2098,OPEN,Ramping FWD PWM
57210,24520,1,Tower_B,FWD_RAMP,140,0,140,2219,4375,67,1.0681,22.31,22.19,OK,64,2105,OPEN,Ramping FWD PWM
57255,24565,1,Tower_B,FWD_RAMP,140,0,140,2305,4462,87,1.0894,28.32,28.17,OK,64,2064,OPEN,Ramping FWD PWM
57298,24608,1,Tower_B,FWD_RAMP,140,0,140,2396,4552,90,1.1113,30.66,30.50,OK,68,2084,OPEN,Ramping FWD PWM
57341,24651,1,Tower_B,FWD_RAMP,140,0,140,2489,4646,94,1.1343,32.02,31.86,OK,68,2057,OPEN,Ramping FWD PWM
57385,24695,1,Tower_B,FWD_RAMP,140,0,140,2585,4742,96,1.1577,31.96,31.80,OK,70,2113,OPEN,Ramping FWD PWM
57428,24738,1,Tower_B,FWD_RAMP,140,0,140,2673,4830,88,1.1792,29.98,29.82,OK,70,2134,OPEN,Ramping FWD PWM
57474,24784,1,Tower_B,FWD_RAMP,140,0,140,2775,4931,101,1.2039,32.16,32.00,OK,68,2098,OPEN,Ramping FWD PWM
57517,24827,1,Tower_B,FWD_RAMP,140,0,140,2857,5013,82,1.2239,27.93,27.79,OK,68,2118,OPEN,Ramping FWD PWM
57561,24871,1,Tower_B,FWD_RAMP,140,0,140,2935,5091,78,1.2429,25.97,25.83,OK,68,2126,OPEN,Ramping FWD PWM
57605,24915,1,Tower_B,FWD_RAMP,140,0,140,3009,5166,75,1.2612,24.97,24.84,OK,68,2119,OPEN,Ramping FWD PWM
57648,24958,1,Tower_B,FWD_RAMP,140,0,140,3083,5239,73,1.2791,24.87,24.74,OK,68,2107,OPEN,Ramping FWD PWM
57694,25004,1,Tower_B,FWD_RAMP,140,0,140,3150,5307,68,1.2957,21.65,21.54,OK,68,2133,OPEN,Ramping FWD PWM
57738,25048,1,Tower_B,FWD_RAMP,140,0,140,3229,5385,78,1.3147,25.97,25.83,OK,68,2089,OPEN,Ramping FWD PWM
57781,25091,1,Tower_B,FWD_RAMP,140,0,140,3311,5468,83,1.3350,28.27,28.13,OK,68,2066,OPEN,Ramping FWD PWM
57824,25134,1,Tower_B,FWD_RAMP,140,0,140,3395,5551,83,1.3552,28.27,28.13,OK,68,2073,OPEN,Ramping FWD PWM
57867,25177,1,Tower_B,FWD_RAMP,140,0,140,3489,5645,94,1.3782,32.02,31.86,OK,68,2071,OPEN,Ramping FWD PWM
57913,25223,1,Tower_B,FWD_RAMP,140,0,140,3589,5745,100,1.4026,31.84,31.68,OK,70,2088,OPEN,Ramping FWD PWM
57956,25266,1,Tower_B,FWD_RAMP,180,0,180,3691,5847,102,1.4275,34.75,34.57,OK,70,2122,OPEN,Ramping FWD PWM
57999,25309,1,Tower_B,FWD_RAMP,180,0,180,3785,5942,95,1.4507,32.36,32.20,OK,68,2118,OPEN,Ramping FWD PWM
58042,25352,1,Tower_B,FWD_RAMP,180,0,180,3872,6028,86,1.4717,29.30,29.15,OK,66,2114,OPEN,Ramping FWD PWM
58088,25398,1,Tower_B,FWD_RAMP,180,0,180,3977,6133,105,1.4973,33.44,33.26,OK,64,2122,OPEN,Ramping FWD PWM
58131,25441,1,Tower_B,FWD_RAMP,180,0,180,4054,6210,77,1.5161,26.23,26.10,OK,62,2101,OPEN,Ramping FWD PWM
58174,25484,1,Tower_B,FWD_RAMP,180,0,180,42,6295,85,1.5369,28.96,28.81,OK,62,2068,OPEN,Ramping FWD PWM
58217,25527,1,Tower_B,FWD_RAMP,180,0,180,140,6392,97,1.5605,33.04,32.87,OK,64,2111,OPEN,Ramping FWD PWM
58260,25570,1,Tower_B,FWD_RAMP,180,0,180,239,6491,99,1.5847,33.73,33.55,OK,64,2061,OPEN,Ramping FWD PWM
58306,25616,1,Tower_B,FWD_RAMP,180,0,180,354,6606,115,1.6128,36.62,36.43,OK,66,2064,OPEN,Ramping FWD PWM
58349,25659,1,Tower_B,FWD_RAMP,180,0,180,483,6735,129,1.6443,43.95,43.72,OK,68,2059,OPEN,Ramping FWD PWM
58392,25702,1,Tower_B,FWD_RAMP,180,0,180,599,6851,116,1.6726,39.52,39.31,OK,70,2090,OPEN,Ramping FWD PWM
58435,25745,1,Tower_B,FWD_RAMP,180,0,180,718,6970,119,1.7017,40.54,40.33,OK,70,2107,OPEN,Ramping FWD PWM
58478,25788,1,Tower_B,FWD_RAMP,180,0,180,823,7075,105,1.7273,35.77,35.58,OK,68,2120,OPEN,Ramping FWD PWM
58524,25834,1,Tower_B,FWD_RAMP,180,0,180,922,7175,100,1.7517,31.84,31.68,OK,66,2105,OPEN,Ramping FWD PWM
58567,25877,1,Tower_B,FWD_RAMP,180,0,180,1009,7261,86,1.7727,29.30,29.15,OK,66,2119,OPEN,Ramping FWD PWM
58610,25920,1,Tower_B,FWD_RAMP,180,0,180,1108,7360,99,1.7969,33.73,33.55,OK,66,2119,OPEN,Ramping FWD PWM
58654,25964,1,Tower_B,FWD_RAMP,180,0,180,1194,7446,86,1.8179,28.63,28.48,OK,66,2102,OPEN,Ramping FWD PWM
58697,26007,1,Tower_B,FWD_RAMP,180,0,180,1304,7555,109,1.8445,37.13,36.94,OK,66,2084,OPEN,Ramping FWD PWM
58743,26053,1,Tower_B,FWD_RAMP,180,0,180,1423,7675,120,1.8738,38.21,38.02,OK,68,2098,OPEN,Ramping FWD PWM
58786,26096,1,Tower_B,FWD_RAMP,180,0,180,1539,7791,116,1.9021,39.52,39.31,OK,68,2093,OPEN,Ramping FWD PWM
58829,26139,1,Tower_B,FWD_RAMP,180,0,180,1647,7899,108,1.9285,36.79,36.60,OK,68,2104,OPEN,Ramping FWD PWM
58872,26182,1,Tower_B,FWD_RAMP,180,0,180,1760,8012,113,1.9561,38.49,38.30,OK,64,2128,OPEN,Ramping FWD PWM
58915,26225,1,Tower_B,FWD_RAMP,180,0,180,1846,8098,86,1.9771,29.30,29.15,OK,60,2103,OPEN,Ramping FWD PWM
58960,26270,1,Tower_B,FWD_RAMP,180,0,180,1929,8182,84,1.9976,27.34,27.20,OK,54,2118,OPEN,Ramping FWD PWM
59004,26314,1,Tower_B,FWD_RAMP,180,0,180,2010,8262,80,2.0171,26.63,26.50,OK,52,2110,OPEN,Ramping FWD PWM
59047,26357,1,Tower_B,FWD_RAMP,180,0,180,2081,8333,71,2.0344,24.19,24.06,OK,52,2054,OPEN,Ramping FWD PWM
59090,26400,1,Tower_B,FWD_RAMP,180,0,180,2167,8420,87,2.0557,29.64,29.48,OK,54,2113,OPEN,Ramping FWD PWM
59133,26443,1,Tower_B,FWD_RAMP,180,0,180,2260,8512,92,2.0781,31.34,31.18,OK,52,2078,OPEN,Ramping FWD PWM
59179,26489,1,Tower_B,FWD_RAMP,180,0,180,2361,8613,101,2.1028,32.16,32.00,OK,56,2110,OPEN,Ramping FWD PWM
59222,26532,1,Tower_B,FWD_RAMP,180,0,180,2463,8715,102,2.1277,34.75,34.57,OK,56,2124,OPEN,Ramping FWD PWM
59265,26575,1,Tower_B,FWD_RAMP,180,0,180,2573,8825,110,2.1545,37.47,37.28,OK,54,2097,OPEN,Ramping FWD PWM
59308,26618,1,Tower_B,FWD_RAMP,180,0,180,2673,8925,100,2.1790,34.07,33.89,OK,52,2097,OPEN,Ramping FWD PWM
59352,26662,1,Tower_B,FWD_RAMP,180,0,180,2768,9020,95,2.2021,31.63,31.46,OK,48,2123,OPEN,Ramping FWD PWM
59398,26708,1,Tower_B,FWD_RAMP,180,0,180,2865,9117,97,2.2258,30.89,30.73,OK,44,2125,OPEN,Ramping FWD PWM
59441,26751,1,Tower_B,FWD_RAMP,180,0,180,2948,9200,83,2.2461,28.27,28.13,OK,36,2076,OPEN,Ramping FWD PWM
59484,26794,1,Tower_B,FWD_RAMP,220,0,220,3023,9275,75,2.2644,25.55,25.42,OK,36,2108,OPEN,Ramping FWD PWM
59527,26837,1,Tower_B,FWD_RAMP,220,0,220,3111,9363,88,2.2859,29.98,29.82,OK,30,2099,OPEN,Ramping FWD PWM
59570,26880,1,Tower_B,FWD_RAMP,220,0,220,3207,9458,95,2.3091,32.36,32.20,OK,24,2079,OPEN,Ramping FWD PWM
59615,26925,1,Tower_B,FWD_RAMP,220,0,220,3317,9569,111,2.3362,36.13,35.95,OK,24,2062,OPEN,Ramping FWD PWM
59658,26968,1,Tower_B,FWD_RAMP,220,0,220,3442,9694,125,2.3667,42.58,42.36,OK,18,2118,OPEN,Ramping FWD PWM
59701,27011,1,Tower_B,FWD_RAMP,220,0,220,3565,9817,123,2.3967,41.90,41.69,OK,18,2062,OPEN,Ramping FWD PWM
59744,27054,1,Tower_B,FWD_RAMP,220,0,220,3689,9941,124,2.4270,42.24,42.02,OK,18,2081,OPEN,Ramping FWD PWM
59790,27100,1,Tower_B,FWD_RAMP,220,0,220,3822,10074,133,2.4595,42.35,42.13,OK,22,2064,OPEN,Ramping FWD PWM
59833,27143,1,Tower_B,FWD_RAMP,220,0,220,3927,10179,105,2.4851,35.77,35.58,OK,32,2070,OPEN,Ramping FWD PWM
59877,27187,1,Tower_B,FWD_RAMP,220,0,220,4021,10273,94,2.5081,31.29,31.13,OK,40,2074,OPEN,Ramping FWD PWM
59920,27230,1,Tower_B,FWD_RAMP,220,0,220,9,10358,85,2.5288,28.96,28.81,OK,66,2053,OPEN,Ramping FWD PWM
59963,27273,1,Tower_B,FWD_RAMP,220,0,220,94,10442,84,2.5493,28.62,28.47,OK,82,2056,OPEN,Ramping FWD PWM
60008,27318,1,Tower_B,FWD_RAMP,220,0,220,212,10559,117,2.5779,38.09,37.89,OK,145,2053,OPEN,Ramping FWD PWM
60052,27362,1,Tower_B,FWD_RAMP,220,0,220,318,10665,106,2.6038,35.29,35.11,OK,125,2092,OPEN,Ramping FWD PWM
60095,27405,1,Tower_B,FWD_RAMP,220,0,220,438,10786,121,2.6333,41.22,41.01,OK,136,2134,OPEN,Ramping FWD PWM
60138,27448,1,Tower_B,FWD_RAMP,220,0,220,562,10910,124,2.6636,42.24,42.02,OK,130,2101,OPEN,Ramping FWD PWM
60181,27491,1,Tower_B,FWD_RAMP,220,0,220,711,11059,149,2.7000,50.76,50.50,OK,128,2159,OPEN,Ramping FWD PWM
60227,27537,1,Tower_B,FWD_RAMP,220,0,220,841,11189,130,2.7317,41.40,41.18,OK,98,2135,OPEN,Ramping FWD PWM
60270,27580,1,Tower_B,FWD_RAMP,220,0,220,970,11318,129,2.7632,43.95,43.72,OK,76,2121,OPEN,Ramping FWD PWM
60313,27623,1,Tower_B,FWD_RAMP,220,0,220,1050,11398,80,2.7827,27.25,27.11,OK,52,2127,OPEN,Ramping FWD PWM
60356,27666,1,Tower_B,FWD_RAMP,220,0,220,1141,11489,91,2.8049,31.00,30.84,OK,42,2121,OPEN,Ramping FWD PWM
60399,27709,1,Tower_B,FWD_RAMP,220,0,220,1232,11580,91,2.8271,31.00,30.84,OK,36,2109,OPEN,Ramping FWD PWM
60445,27755,1,Tower_B,FWD_RAMP,220,0,220,1351,11700,120,2.8564,38.21,38.02,OK,32,2136,OPEN,Ramping FWD PWM
60488,27798,1,Tower_B,FWD_RAMP,220,0,220,1443,11791,91,2.8787,31.00,30.84,OK,28,2099,OPEN,Ramping FWD PWM
60531,27841,1,Tower_B,FWD_RAMP,220,0,220,1520,11869,78,2.8977,26.57,26.43,OK,28,2134,OPEN,Ramping FWD PWM
60574,27884,1,Tower_B,FWD_RAMP,220,0,220,1593,11941,72,2.9153,24.53,24.40,OK,30,2110,OPEN,Ramping FWD PWM
60617,27927,1,Tower_B,FWD_RAMP,220,0,220,1664,12011,70,2.9324,23.85,23.72,OK,40,2061,OPEN,Ramping FWD PWM
60686,27996,1,Tower_B,FWD_RAMP,220,0,220,1782,12131,120,2.9617,25.48,25.34,OK,54,2040,OPEN,Ramping FWD PWM
60730,28040,1,Tower_B,FWD_RAMP,220,0,220,1878,12227,96,2.9851,31.96,31.80,OK,62,2111,OPEN,Ramping FWD PWM
60773,28083,1,Tower_B,FWD_RAMP,220,0,220,1970,12319,92,3.0076,31.34,31.18,OK,64,2123,OPEN,Ramping FWD PWM
60816,28126,1,Tower_B,FWD_RAMP,220,0,220,2025,12373,54,3.0208,18.40,18.30,OK,84,2097,OPEN,Ramping FWD PWM
60862,28172,1,Tower_B,FWD_RAMP,220,0,220,2104,12452,79,3.0400,25.16,25.03,OK,90,2115,OPEN,Ramping FWD PWM
60905,28215,1,Tower_B,FWD_RAMP,220,0,220,2185,12532,80,3.0596,27.25,27.11,OK,108,2129,OPEN,Ramping FWD PWM
60948,28258,1,Tower_B,FWD_RAMP,220,0,220,2328,12675,143,3.0945,48.71,48.46,OK,90,2148,OPEN,Ramping FWD PWM
60991,28301,1,Tower_B,FWD_RAMP,255,0,255,2458,12806,131,3.1265,44.63,44.40,OK,88,2120,OPEN,Ramping FWD PWM
61034,28344,1,Tower_B,FWD_RAMP,255,0,255,2586,12934,128,3.1577,43.60,43.38,OK,84,2133,OPEN,Ramping FWD PWM
61080,28390,1,Tower_B,FWD_RAMP,255,0,255,2758,13106,172,3.1997,54.77,54.49,OK,66,2083,OPEN,Ramping FWD PWM
61123,28433,1,Tower_B,FWD_RAMP,255,0,255,2904,13252,146,3.2354,49.74,49.48,OK,46,2116,OPEN,Ramping FWD PWM
61166,28476,1,Tower_B,FWD_RAMP,255,0,255,3031,13379,127,3.2664,43.26,43.04,OK,31,2113,OPEN,Ramping FWD PWM
61209,28519,1,Tower_B,FWD_RAMP,255,0,255,3153,13501,122,3.2961,41.56,41.35,OK,17,2139,OPEN,Ramping FWD PWM
61252,28562,1,Tower_B,FWD_RAMP,255,0,255,3290,13638,137,3.3296,46.67,46.43,OK,9,2125,OPEN,Ramping FWD PWM
61298,28608,1,Tower_B,FWD_RAMP,255,0,255,3440,13787,149,3.3660,47.45,47.20,OK,5,2117,OPEN,Ramping FWD PWM
61341,28651,1,Tower_B,FWD_RAMP,255,0,255,3575,13923,136,3.3992,46.33,46.09,OK,5,2090,OPEN,Ramping FWD PWM
61384,28694,1,Tower_B,FWD_RAMP,255,0,255,3718,14066,143,3.4341,48.71,48.46,OK,11,2099,OPEN,Ramping FWD PWM
61427,28737,1,Tower_B,FWD_RAMP,255,0,255,3879,14227,161,3.4734,54.85,54.56,OK,33,2086,OPEN,Ramping FWD PWM
61470,28780,1,Tower_B,FWD_RAMP,255,0,255,4002,14350,123,3.5034,41.90,41.69,OK,39,2067,OPEN,Ramping FWD PWM
61516,28826,1,Tower_B,FWD_RAMP,255,0,255,7,14451,101,3.5281,32.16,32.00,OK,61,2063,OPEN,Ramping FWD PWM
61559,28869,1,Tower_B,FWD_RAMP,255,0,255,127,14571,120,3.5574,40.88,40.67,OK,69,2086,OPEN,Ramping FWD PWM
61602,28912,1,Tower_B,FWD_RAMP,255,0,255,257,14701,130,3.5891,44.29,44.06,OK,95,2041,OPEN,Ramping FWD PWM
61645,28955,1,Tower_B,FWD_RAMP,255,0,255,409,14853,152,3.6262,51.78,51.51,OK,208,1979,OPEN,Ramping FWD PWM
61688,28998,1,Tower_B,FWD_RAMP,255,0,255,534,14977,124,3.6565,42.24,42.02,OK,241,2165,OPEN,Ramping FWD PWM
61733,29043,1,Tower_B,FWD_RAMP,255,0,255,702,15146,169,3.6978,55.01,54.73,OK,242,2138,OPEN,Ramping FWD PWM
61776,29086,1,Tower_B,FWD_RAMP,255,0,255,894,15335,189,3.7439,64.38,64.05,OK,161,2105,OPEN,Ramping FWD PWM
61819,29129,1,Tower_B,FWD_RAMP,255,0,255,1032,15476,141,3.7783,48.03,47.79,OK,93,2109,OPEN,Ramping FWD PWM
61862,29172,1,Tower_B,FWD_RAMP,255,0,255,1132,15576,100,3.8027,34.07,33.89,OK,69,2136,OPEN,Ramping FWD PWM
61929,29239,1,Tower_B,FWD_RAMP,255,0,255,1243,15686,110,3.8296,24.05,23.93,OK,33,2110,OPEN,Ramping FWD PWM
61973,29283,1,Tower_B,FWD_RAMP,255,0,255,1368,15812,126,3.8604,41.95,41.73,OK,29,2096,OPEN,Ramping FWD PWM
62017,29327,1,Tower_B,FWD_RAMP,255,0,255,1476,15920,108,3.8867,35.96,35.77,OK,29,2128,OPEN,Ramping FWD PWM
62061,29371,1,Tower_B,FWD_RAMP,255,0,255,1563,16007,87,3.9080,28.96,28.81,OK,27,2098,OPEN,Ramping FWD PWM
62105,29415,1,Tower_B,FWD_RAMP,255,0,255,1564,16008,1,3.9082,0.33,0.33,OK,31,2081,OPEN,Ramping FWD PWM
62151,29461,1,Tower_B,FWD_RAMP,255,0,255,1570,16016,8,3.9102,2.55,2.53,OK,33,2086,OPEN,Ramping FWD PWM
62194,29504,1,Tower_B,FWD_RAMP,255,0,255,1574,16019,3,3.9109,1.02,1.02,OK,31,2103,OPEN,Ramping FWD PWM
62237,29547,1,Tower_B,FWD_RAMP,255,0,255,1564,16009,-10,3.9084,-3.41,-3.39,OK,27,2054,OPEN,Ramping FWD PWM
62280,29590,1,Tower_B,FWD_RAMP,255,0,255,1564,16010,1,3.9087,0.34,0.34,OK,25,2107,OPEN,Ramping FWD PWM
62323,29633,1,Tower_B,FWD_RAMP,255,0,255,1549,15994,-16,3.9048,-5.45,-5.42,OK,25,2083,OPEN,Ramping FWD PWM
62368,29678,1,Tower_B,FWD_RAMP,255,0,255,1568,16013,19,3.9094,6.18,6.15,OK,23,2108,OPEN,Ramping FWD PWM
62411,29721,1,Tower_B,FWD_RAMP,255,0,255,1552,15997,-16,3.9055,-5.45,-5.42,OK,25,2091,OPEN,Ramping FWD PWM
62454,29764,1,Tower_B,FWD_RAMP,255,0,255,1539,15984,-13,3.9023,-4.43,-4.41,OK,25,2048,OPEN,Ramping FWD PWM
62498,29808,1,Tower_B,FWD_COAST,0,0,0,1559,16003,19,3.9070,6.33,6.29,OK,29,2139,OPEN,Coasting to Stop
62541,29851,1,Tower_B,FWD_COAST,0,0,0,1579,16024,21,3.9121,7.15,7.12,OK,27,2130,OPEN,Coasting to Stop
62586,29896,1,Tower_B,FWD_COAST,0,0,0,1585,16030,6,3.9136,1.95,1.94,OK,25,2104,OPEN,Coasting to Stop
62629,29939,1,Tower_B,FWD_COAST,0,0,0,1584,16029,-1,3.9133,-0.34,-0.34,OK,25,2098,OPEN,Coasting to Stop
62672,29982,1,Tower_B,FWD_COAST,0,0,0,1581,16026,-3,3.9126,-1.02,-1.02,OK,25,2102,OPEN,Coasting to Stop
62715,30025,1,Tower_B,FWD_COAST,0,0,0,1575,16020,-6,3.9111,-2.04,-2.03,OK,25,2111,OPEN,Coasting to Stop
62758,30068,1,Tower_B,FWD_COAST,0,0,0,1568,16013,-7,3.9094,-2.38,-2.37,OK,25,2118,OPEN,Coasting to Stop
62803,30113,1,Tower_B,FWD_COAST,0,0,0,1564,16009,-4,3.9084,-1.30,-1.30,OK,25,2121,OPEN,Coasting to Stop
62846,30156,1,Tower_B,FWD_COAST,0,0,0,1561,16006,-3,3.9077,-1.02,-1.02,OK,25,2118,OPEN,Coasting to Stop
62889,30199,1,Tower_B,FWD_COAST,0,0,0,1558,16003,-3,3.9070,-1.02,-1.02,OK,25,2115,OPEN,Coasting to Stop
62932,30242,1,Tower_B,FWD_COAST,0,0,0,1555,16000,-3,3.9062,-1.02,-1.02,OK,25,2115,OPEN,Coasting to Stop
62975,30285,1,Tower_B,FWD_COAST,0,0,0,1552,15997,-3,3.9055,-1.02,-1.02,OK,25,2118,OPEN,Coasting to Stop
63020,30330,1,Tower_B,FWD_COAST,0,0,0,1549,15994,-3,3.9048,-0.98,-0.97,OK,25,2123,OPEN,Coasting to Stop
63063,30373,1,Tower_B,FWD_COAST,0,0,0,1545,15990,-4,3.9038,-1.36,-1.36,OK,25,2126,OPEN,Coasting to Stop
63106,30416,1,Tower_B,FWD_COAST,0,0,0,1542,15987,-3,3.9031,-1.02,-1.02,OK,25,2127,OPEN,Coasting to Stop
63149,30459,1,Tower_B,FWD_COAST,0,0,0,1538,15983,-4,3.9021,-1.36,-1.36,OK,25,2128,OPEN,Coasting to Stop
63192,30502,1,Tower_B,FWD_COAST,0,0,0,1535,15980,-3,3.9014,-1.02,-1.02,OK,25,2127,OPEN,Coasting to Stop
63237,30547,1,Tower_B,FWD_COAST,0,0,0,1531,15976,-4,3.9004,-1.30,-1.30,OK,25,2120,OPEN,Coasting to Stop
63280,30590,1,Tower_B,FWD_COAST,0,0,0,1529,15974,-2,3.8999,-0.68,-0.68,OK,25,2112,OPEN,Coasting to Stop
63323,30633,1,Tower_B,FWD_COAST,0,0,0,1527,15972,-2,3.8994,-0.68,-0.68,OK,25,2107,OPEN,Coasting to Stop
63366,30676,1,Tower_B,FWD_COAST,0,0,0,1526,15971,-1,3.8992,-0.34,-0.34,OK,25,2097,OPEN,Coasting to Stop
63409,30719,1,Tower_B,FWD_COAST,0,0,0,1525,15970,-1,3.8989,-0.34,-0.34,OK,25,2091,OPEN,Coasting to Stop
63454,30764,1,Tower_B,FWD_COAST,0,0,0,1523,15969,-1,3.8987,-0.33,-0.32,OK,25,2100,OPEN,Coasting to Stop
63497,30807,1,Tower_B,REV_RAMP,-60,60,0,1522,15967,-2,3.8982,-0.68,-0.68,OK,25,2110,OPEN,Ramping REV PWM
63540,30850,1,Tower_B,REV_RAMP,-60,60,0,1520,15965,-2,3.8977,-0.68,-0.68,OK,25,2096,OPEN,Ramping REV PWM
63583,30893,1,Tower_B,REV_RAMP,-60,60,0,1506,15951,-14,3.8943,-4.77,-4.74,OK,25,2063,OPEN,Ramping REV PWM
63626,30936,1,Tower_B,REV_RAMP,-60,60,0,1489,15935,-16,3.8904,-5.45,-5.42,OK,27,2075,OPEN,Ramping REV PWM
63671,30981,1,Tower_B,REV_RAMP,-60,60,0,1467,15912,-23,3.8848,-7.49,-7.45,OK,29,2089,OPEN,Ramping REV PWM
63714,31024,1,Tower_B,REV_RAMP,-60,60,0,1435,15881,-31,3.8772,-10.56,-10.51,OK,29,2070,OPEN,Ramping REV PWM
63757,31067,1,Tower_B,REV_RAMP,-60,60,0,1401,15846,-35,3.8687,-11.92,-11.86,OK,31,2088,OPEN,Ramping REV PWM
63800,31110,1,Tower_B,REV_RAMP,-60,60,0,1361,15806,-40,3.8589,-13.63,-13.56,OK,31,2047,OPEN,Ramping REV PWM
63846,31156,1,Tower_B,REV_RAMP,-60,60,0,1329,15774,-32,3.8511,-10.19,-10.14,OK,37,2083,OPEN,Ramping REV PWM
63889,31199,1,Tower_B,REV_RAMP,-60,60,0,1278,15723,-51,3.8386,-17.37,-17.28,OK,37,2065,OPEN,Ramping REV PWM
63932,31242,1,Tower_B,REV_RAMP,-60,60,0,1241,15686,-37,3.8296,-12.60,-12.54,OK,39,2109,OPEN,Ramping REV PWM
63976,31286,1,Tower_B,REV_RAMP,-60,60,0,1197,15642,-44,3.8188,-14.65,-14.57,OK,39,2122,OPEN,Ramping REV PWM
64019,31329,1,Tower_B,REV_RAMP,-60,60,0,1153,15598,-44,3.8081,-14.99,-14.91,OK,43,2090,OPEN,Ramping REV PWM
64064,31374,1,Tower_B,REV_RAMP,-60,60,0,1113,15559,-39,3.7986,-12.70,-12.63,OK,53,2058,OPEN,Ramping REV PWM
64107,31417,1,Tower_B,REV_RAMP,-60,60,0,1061,15506,-53,3.7856,-18.06,-17.96,OK,57,2074,OPEN,Ramping REV PWM
64150,31460,1,Tower_B,REV_RAMP,-60,60,0,1020,15465,-41,3.7756,-13.97,-13.90,OK,59,2068,OPEN,Ramping REV PWM
64193,31503,1,Tower_B,REV_RAMP,-60,60,0,990,15435,-30,3.7683,-10.22,-10.17,OK,67,2084,OPEN,Ramping REV PWM
64236,31546,1,Tower_B,REV_RAMP,-60,60,0,961,15406,-29,3.7612,-9.88,-9.83,OK,85,2046,OPEN,Ramping REV PWM
64281,31591,1,Tower_B,REV_RAMP,-60,60,0,898,15345,-61,3.7463,-19.86,-19.75,OK,93,2136,OPEN,Ramping REV PWM
64324,31634,1,Tower_B,REV_RAMP,-60,60,0,839,15285,-60,3.7317,-20.44,-20.33,OK,99,2050,OPEN,Ramping REV PWM
64367,31677,1,Tower_B,REV_RAMP,-60,60,0,785,15231,-54,3.7185,-18.40,-18.30,OK,113,2124,OPEN,Ramping REV PWM
64410,31720,1,Tower_B,REV_RAMP,-60,60,0,744,15189,-42,3.7083,-14.31,-14.23,OK,113,2101,OPEN,Ramping REV PWM
64453,31763,1,Tower_B,REV_RAMP,-60,60,0,692,15137,-52,3.6956,-17.71,-17.62,OK,155,1995,OPEN,Ramping REV PWM
64499,31809,1,Tower_B,REV_RAMP,-60,60,0,642,15087,-50,3.6833,-15.92,-15.84,OK,180,2148,OPEN,Ramping REV PWM
64542,31852,1,Tower_B,REV_RAMP,-60,60,0,601,15046,-41,3.6733,-13.97,-13.90,OK,155,2120,OPEN,Ramping REV PWM
64585,31895,1,Tower_B,REV_RAMP,-60,60,0,561,15006,-40,3.6636,-13.63,-13.56,OK,153,2144,OPEN,Ramping REV PWM
64628,31938,1,Tower_B,REV_RAMP,-60,60,0,516,14961,-45,3.6526,-15.33,-15.25,OK,133,2130,OPEN,Ramping REV PWM
64671,31981,1,Tower_B,REV_RAMP,-60,60,0,471,14917,-44,3.6418,-14.99,-14.91,OK,129,2116,OPEN,Ramping REV PWM
64716,32026,1,Tower_B,REV_RAMP,-60,60,0,430,14875,-42,3.6316,-13.67,-13.60,OK,167,2045,OPEN,Ramping REV PWM
64759,32069,1,Tower_B,REV_RAMP,-60,60,0,384,14829,-46,3.6204,-15.67,-15.59,OK,145,2146,OPEN,Ramping REV PWM
64802,32112,1,Tower_B,REV_RAMP,-60,60,0,348,14793,-36,3.6116,-12.26,-12.20,OK,159,2062,OPEN,Ramping REV PWM
64845,32155,1,Tower_B,REV_RAMP,-60,60,0,304,14750,-43,3.6011,-14.65,-14.57,OK,139,2145,OPEN,Ramping REV PWM
64890,32200,1,Tower_B,REV_RAMP,-60,60,0,250,14696,-54,3.5879,-17.58,-17.49,OK,103,2148,OPEN,Ramping REV PWM
64933,32243,1,Tower_B,REV_RAMP,-60,60,0,205,14650,-46,3.5767,-15.67,-15.59,OK,115,2095,OPEN,Ramping REV PWM
64976,32286,1,Tower_B,REV_RAMP,-60,60,0,161,14607,-43,3.5662,-14.65,-14.57,OK,101,2060,OPEN,Ramping REV PWM
65019,32329,1,Tower_B,REV_RAMP,-100,100,0,118,14564,-43,3.5557,-14.65,-14.57,OK,111,2062,OPEN,Ramping REV PWM
65062,32372,1,Tower_B,REV_RAMP,-100,100,0,72,14518,-46,3.5444,-15.67,-15.59,OK,85,2100,OPEN,Ramping REV PWM
65107,32417,1,Tower_B,REV_RAMP,-100,100,0,16,14462,-56,3.5308,-18.23,-18.14,OK,65,2139,OPEN,Ramping REV PWM
65150,32460,1,Tower_B,REV_RAMP,-100,100,0,4061,14411,-51,3.5183,-17.37,-17.28,OK,61,2123,OPEN,Ramping REV PWM
65193,32503,1,Tower_B,REV_RAMP,-100,100,0,4010,14359,-52,3.5056,-17.71,-17.62,OK,51,2115,OPEN,Ramping REV PWM
65236,32546,1,Tower_B,REV_RAMP,-100,100,0,3943,14293,-66,3.4895,-22.48,-22.37,OK,41,2130,OPEN,Ramping REV PWM
65279,32589,1,Tower_B,REV_RAMP,-100,100,0,3880,14230,-63,3.4741,-21.46,-21.35,OK,37,2146,OPEN,Ramping REV PWM
65324,32634,1,Tower_B,REV_RAMP,-100,100,0,3822,14171,-59,3.4597,-19.21,-19.11,OK,33,2139,OPEN,Ramping REV PWM
65367,32677,1,Tower_B,REV_RAMP,-100,100,0,3754,14104,-67,3.4434,-22.82,-22.71,OK,29,2107,OPEN,Ramping REV PWM
65410,32720,1,Tower_B,REV_RAMP,-100,100,0,3683,14033,-71,3.4260,-24.19,-24.06,OK,25,2113,OPEN,Ramping REV PWM
65453,32763,1,Tower_B,REV_RAMP,-100,100,0,3613,13962,-71,3.4087,-24.19,-24.06,OK,21,2110,OPEN,Ramping REV PWM
65498,32808,1,Tower_B,REV_RAMP,-100,100,0,3539,13889,-73,3.3909,-23.76,-23.64,OK,17,2087,OPEN,Ramping REV PWM
65541,32851,1,Tower_B,REV_RAMP,-100,100,0,3470,13820,-69,3.3740,-23.51,-23.38,OK,17,2098,OPEN,Ramping REV PWM
65584,32894,1,Tower_B,REV_RAMP,-100,100,0,3401,13751,-69,3.3572,-23.51,-23.38,OK,17,2050,OPEN,Ramping REV PWM
65683,32993,1,Tower_B,REV_RAMP,-100,100,0,3227,13576,-175,3.3145,-25.89,-25.76,OK,21,2106,OPEN,Ramping REV PWM
65727,33037,1,Tower_B,REV_RAMP,-100,100,0,3156,13506,-70,3.2974,-23.30,-23.18,OK,27,2077,OPEN,Ramping REV PWM
65773,33083,1,Tower_B,REV_RAMP,-100,100,0,3085,13435,-71,3.2800,-22.61,-22.49,OK,31,2101,OPEN,Ramping REV PWM
65816,33126,1,Tower_B,REV_RAMP,-100,100,0,3001,13351,-84,3.2595,-28.62,-28.47,OK,35,2069,OPEN,Ramping REV PWM
65859,33169,1,Tower_B,REV_RAMP,-100,100,0,2927,13277,-74,3.2415,-25.21,-25.08,OK,47,2064,OPEN,Ramping REV PWM
65902,33212,1,Tower_B,REV_RAMP,-100,100,0,2852,13202,-75,3.2231,-25.55,-25.42,OK,51,2096,OPEN,Ramping REV PWM
65945,33255,1,Tower_B,REV_RAMP,-100,100,0,2772,13122,-80,3.2036,-27.25,-27.11,OK,55,2052,OPEN,Ramping REV PWM
65991,33301,1,Tower_B,REV_RAMP,-100,100,0,2675,13025,-97,3.1799,-30.89,-30.73,OK,73,2113,OPEN,Ramping REV PWM
66034,33344,1,Tower_B,REV_RAMP,-100,100,0,2606,12955,-70,3.1628,-23.85,-23.72,OK,71,2139,OPEN,Ramping REV PWM
66077,33387,1,Tower_B,REV_RAMP,-100,100,0,2531,12881,-74,3.1448,-25.21,-25.08,OK,69,2082,OPEN,Ramping REV PWM
66121,33431,1,Tower_B,REV_RAMP,-100,100,0,2439,12790,-91,3.1226,-30.30,-30.14,OK,85,2064,OPEN,Ramping REV PWM
66166,33476,1,Tower_B,REV_RAMP,-100,100,0,2379,12729,-61,3.1077,-19.86,-19.75,OK,83,2133,OPEN,Ramping REV PWM
66209,33519,1,Tower_B,REV_RAMP,-100,100,0,2326,12676,-53,3.0947,-18.06,-17.96,OK,71,2087,OPEN,Ramping REV PWM
66252,33562,1,Tower_B,REV_RAMP,-100,100,0,2248,12598,-78,3.0757,-26.57,-26.43,OK,75,2054,OPEN,Ramping REV PWM
66295,33605,1,Tower_B,REV_RAMP,-100,100,0,2191,12540,-58,3.0615,-19.76,-19.66,OK,77,2125,OPEN,Ramping REV PWM
66338,33648,1,Tower_B,REV_RAMP,-100,100,0,2149,12498,-42,3.0513,-14.31,-14.23,OK,65,2130,OPEN,Ramping REV PWM
66384,33694,1,Tower_B,REV_RAMP,-100,100,0,2059,12409,-89,3.0295,-28.34,-28.20,OK,67,2071,OPEN,Ramping REV PWM
66427,33737,1,Tower_B,REV_RAMP,-100,100,0,2005,12354,-55,3.0161,-18.74,-18.64,OK,65,2129,OPEN,Ramping REV PWM
66471,33781,1,Tower_B,REV_RAMP,-100,100,0,1956,12306,-48,3.0044,-15.98,-15.90,OK,57,2144,OPEN,Ramping REV PWM
66514,33824,1,Tower_B,REV_RAMP,-100,100,0,1892,12242,-64,2.9888,-21.80,-21.69,OK,53,2094,OPEN,Ramping REV PWM
66557,33867,1,Tower_B,REV_RAMP,-140,140,0,1841,12190,-52,2.9761,-17.71,-17.62,OK,49,2105,OPEN,Ramping REV PWM
66603,33913,1,Tower_B,REV_RAMP,-140,140,0,1775,12125,-65,2.9602,-20.70,-20.59,OK,45,2131,OPEN,Ramping REV PWM
66647,33957,1,Tower_B,REV_RAMP,-140,140,0,1709,12058,-67,2.9438,-22.31,-22.19,OK,45,2097,OPEN,Ramping REV PWM
66690,34000,1,Tower_B,REV_RAMP,-140,140,0,1655,12004,-54,2.9307,-18.40,-18.30,OK,43,2113,OPEN,Ramping REV PWM
66733,34043,1,Tower_B,REV_RAMP,-140,140,0,1591,11940,-64,2.9150,-21.80,-21.69,OK,43,2077,OPEN,Ramping REV PWM
66779,34089,1,Tower_B,REV_RAMP,-140,140,0,1506,11856,-84,2.8945,-26.75,-26.61,OK,41,2108,OPEN,Ramping REV PWM
66823,34133,1,Tower_B,REV_RAMP,-140,140,0,1426,11775,-81,2.8748,-26.97,-26.83,OK,43,2056,OPEN,Ramping REV PWM
66866,34176,1,Tower_B,REV_RAMP,-140,140,0,1340,11690,-85,2.8540,-28.96,-28.81,OK,43,2060,OPEN,Ramping REV PWM
66909,34219,1,Tower_B,REV_RAMP,-140,140,0,1248,11598,-92,2.8315,-31.34,-31.18,OK,45,2047,OPEN,Ramping REV PWM
66952,34262,1,Tower_B,REV_RAMP,-140,140,0,1158,11508,-90,2.8096,-30.66,-30.50,OK,45,2081,OPEN,Ramping REV PWM
66998,34308,1,Tower_B,REV_RAMP,-140,140,0,1073,11424,-84,2.7891,-26.75,-26.61,OK,49,2099,OPEN,Ramping REV PWM
67041,34351,1,Tower_B,REV_RAMP,-140,140,0,988,11338,-86,2.7681,-29.30,-29.15,OK,53,2117,OPEN,Ramping REV PWM
67085,34395,1,Tower_B,REV_RAMP,-140,140,0,899,11250,-88,2.7466,-29.30,-29.15,OK,63,2075,OPEN,Ramping REV PWM
67128,34438,1,Tower_B,REV_RAMP,-140,140,0,821,11170,-80,2.7271,-27.25,-27.11,OK,71,2059,OPEN,Ramping REV PWM
67171,34481,1,Tower_B,REV_RAMP,-140,140,0,723,11073,-97,2.7034,-33.04,-32.87,OK,73,2061,OPEN,Ramping REV PWM
67217,34527,1,Tower_B,REV_RAMP,-140,140,0,625,10975,-98,2.6794,-31.21,-31.05,OK,89,2061,OPEN,Ramping REV PWM
67260,34570,1,Tower_B,REV_RAMP,-140,140,0,532,10883,-92,2.6570,-31.34,-31.18,OK,79,2129,OPEN,Ramping REV PWM
67304,34614,1,Tower_B,REV_RAMP,-140,140,0,443,10792,-91,2.6348,-30.30,-30.14,OK,83,2062,OPEN,Ramping REV PWM
67348,34658,1,Tower_B,REV_RAMP,-140,140,0,346,10696,-96,2.6113,-31.96,-31.80,OK,81,2146,OPEN,Ramping REV PWM
67394,34704,1,Tower_B,REV_RAMP,-140,140,0,236,10585,-111,2.5842,-35.35,-35.16,OK,73,2094,OPEN,Ramping REV PWM
67437,34747,1,Tower_B,REV_RAMP,-140,140,0,152,10503,-82,2.5642,-27.93,-27.79,OK,69,2126,OPEN,Ramping REV PWM
67480,34790,1,Tower_B,REV_RAMP,-140,140,0,60,10410,-93,2.5415,-31.68,-31.52,OK,59,2115,OPEN,Ramping REV PWM
67524,34834,1,Tower_B,REV_RAMP,-140,140,0,4067,10321,-89,2.5198,-29.63,-29.48,OK,55,2122,OPEN,Ramping REV PWM
67567,34877,1,Tower_B,REV_RAMP,-140,140,0,3986,10239,-82,2.4998,-27.93,-27.79,OK,47,2112,OPEN,Ramping REV PWM
67613,34923,1,Tower_B,REV_RAMP,-140,140,0,3888,10142,-97,2.4761,-30.89,-30.73,OK,45,2138,OPEN,Ramping REV PWM
67656,34966,1,Tower_B,REV_RAMP,-140,140,0,3802,10055,-87,2.4548,-29.64,-29.48,OK,41,2128,OPEN,Ramping REV PWM
67699,35009,1,Tower_B,REV_RAMP,-140,140,0,3710,9964,-91,2.4326,-31.00,-30.84,OK,37,2119,OPEN,Ramping REV PWM
67742,35052,1,Tower_B,REV_RAMP,-140,140,0,3620,9874,-90,2.4106,-30.66,-30.50,OK,37,2110,OPEN,Ramping REV PWM
67785,35095,1,Tower_B,REV_RAMP,-140,140,0,3526,9780,-94,2.3877,-32.02,-31.86,OK,37,2072,OPEN,Ramping REV PWM
67831,35141,1,Tower_B,REV_RAMP,-140,140,0,3414,9668,-112,2.3604,-35.67,-35.48,OK,35,2139,OPEN,Ramping REV PWM
67875,35185,1,Tower_B,REV_RAMP,-140,140,0,3324,9578,-90,2.3384,-29.96,-29.81,OK,31,2102,OPEN,Ramping REV PWM
67918,35228,1,Tower_B,REV_RAMP,-140,140,0,3222,9476,-102,2.3135,-34.75,-34.57,OK,35,2109,OPEN,Ramping REV PWM
67961,35271,1,Tower_B,REV_RAMP,-140,140,0,3130,9383,-93,2.2908,-31.68,-31.52,OK,35,2076,OPEN,Ramping REV PWM
68006,35316,1,Tower_B,REV_RAMP,-140,140,0,3039,9293,-90,2.2688,-29.30,-29.15,OK,41,2093,OPEN,Ramping REV PWM
68050,35360,1,Tower_B,REV_RAMP,-140,140,0,2944,9198,-95,2.2456,-31.63,-31.46,OK,43,2079,OPEN,Ramping REV PWM
68093,35403,1,Tower_B,REV_RAMP,-180,180,0,2853,9107,-91,2.2234,-31.00,-30.84,OK,47,2076,OPEN,Ramping REV PWM
68136,35446,1,Tower_B,REV_RAMP,-180,180,0,2747,9001,-106,2.1975,-36.11,-35.92,OK,55,2116,OPEN,Ramping REV PWM
68179,35489,1,Tower_B,REV_RAMP,-180,180,0,2657,8911,-90,2.1755,-30.66,-30.50,OK,55,2109,OPEN,Ramping REV PWM
68225,35535,1,Tower_B,REV_RAMP,-180,180,0,2536,8790,-121,2.1460,-38.53,-38.33,OK,63,2066,OPEN,Ramping REV PWM
68268,35578,1,Tower_B,REV_RAMP,-180,180,0,2432,8686,-104,2.1206,-35.43,-35.25,OK,63,2143,OPEN,Ramping REV PWM
68311,35621,1,Tower_B,REV_RAMP,-180,180,0,2321,8575,-111,2.0935,-37.81,-37.62,OK,63,2074,OPEN,Ramping REV PWM
68354,35664,1,Tower_B,REV_RAMP,-180,180,0,2225,8479,-96,2.0701,-32.70,-32.53,OK,63,2124,OPEN,Ramping REV PWM
68397,35707,1,Tower_B,REV_RAMP,-180,180,0,2122,8375,-104,2.0447,-35.43,-35.25,OK,63,2124,OPEN,Ramping REV PWM
68443,35753,1,Tower_B,REV_RAMP,-180,180,0,2017,8271,-104,2.0193,-33.12,-32.95,OK,63,2130,OPEN,Ramping REV PWM
68486,35796,1,Tower_B,REV_RAMP,-180,180,0,1917,8170,-101,1.9946,-34.41,-34.23,OK,63,2078,OPEN,Ramping REV PWM
68529,35839,1,Tower_B,REV_RAMP,-180,180,0,1822,8076,-94,1.9717,-32.02,-31.86,OK,65,2065,OPEN,Ramping REV PWM
68572,35882,1,Tower_B,REV_RAMP,-180,180,0,1722,7976,-100,1.9473,-34.07,-33.89,OK,67,2055,OPEN,Ramping REV PWM
68618,35928,1,Tower_B,REV_RAMP,-180,180,0,1617,7870,-106,1.9214,-33.76,-33.58,OK,69,2080,OPEN,Ramping REV PWM
68662,35972,1,Tower_B,REV_RAMP,-180,180,0,1516,7770,-100,1.8970,-33.29,-33.12,OK,71,2102,OPEN,Ramping REV PWM
68706,36016,1,Tower_B,REV_RAMP,-180,180,0,1414,7668,-102,1.8721,-33.96,-33.78,OK,75,2090,OPEN,Ramping REV PWM
68750,36060,1,Tower_B,REV_RAMP,-180,180,0,1324,7578,-90,1.8501,-29.96,-29.81,OK,85,2076,OPEN,Ramping REV PWM
68794,36104,1,Tower_B,REV_RAMP,-180,180,0,1276,7530,-48,1.8384,-15.98,-15.90,OK,91,2080,OPEN,Ramping REV PWM
68840,36150,1,Tower_B,REV_RAMP,-180,180,0,1150,7404,-126,1.8076,-40.12,-39.92,OK,93,2085,OPEN,Ramping REV PWM
68883,36193,1,Tower_B,REV_RAMP,-180,180,0,1050,7304,-100,1.7832,-34.07,-33.89,OK,95,2107,OPEN,Ramping REV PWM
68926,36236,1,Tower_B,REV_RAMP,-180,180,0,951,7205,-99,1.7590,-33.73,-33.55,OK,97,2124,OPEN,Ramping REV PWM
68970,36280,1,Tower_B,REV_RAMP,-180,180,0,851,7104,-101,1.7344,-33.62,-33.45,OK,95,2103,OPEN,Ramping REV PWM
69013,36323,1,Tower_B,REV_RAMP,-180,180,0,740,6994,-110,1.7075,-37.47,-37.28,OK,97,2111,OPEN,Ramping REV PWM
69059,36369,1,Tower_B,REV_RAMP,-180,180,0,615,6869,-125,1.6770,-39.81,-39.60,OK,97,2123,OPEN,Ramping REV PWM
69102,36412,1,Tower_B,REV_RAMP,-180,180,0,497,6751,-118,1.6482,-40.20,-39.99,OK,95,2129,OPEN,Ramping REV PWM
69146,36456,1,Tower_B,REV_RAMP,-180,180,0,374,6628,-123,1.6182,-40.95,-40.74,OK,91,2140,OPEN,Ramping REV PWM
69189,36499,1,Tower_B,REV_RAMP,-180,180,0,252,6506,-122,1.5884,-41.56,-41.35,OK,83,2117,OPEN,Ramping REV PWM
69235,36545,1,Tower_B,REV_RAMP,-180,180,0,134,6388,-118,1.5596,-37.58,-37.38,OK,77,2129,OPEN,Ramping REV PWM
69278,36588,1,Tower_B,REV_RAMP,-180,180,0,31,6285,-103,1.5344,-35.09,-34.91,OK,73,2121,OPEN,Ramping REV PWM
69321,36631,1,Tower_B,REV_RAMP,-180,180,0,4028,6186,-99,1.5103,-33.73,-33.55,OK,71,2122,OPEN,Ramping REV PWM
69364,36674,1,Tower_B,REV_RAMP,-180,180,0,3941,6099,-87,1.4890,-29.64,-29.48,OK,71,2127,OPEN,Ramping REV PWM
69407,36717,1,Tower_B,REV_RAMP,-180,180,0,3834,5992,-107,1.4629,-36.45,-36.26,OK,71,2094,OPEN,Ramping REV PWM
69453,36763,1,Tower_B,REV_RAMP,-180,180,0,3715,5873,-119,1.4338,-37.89,-37.70,OK,73,2077,OPEN,Ramping REV PWM
69497,36807,1,Tower_B,REV_RAMP,-180,180,0,3602,5760,-113,1.4062,-37.62,-37.43,OK,75,2084,OPEN,Ramping REV PWM
69541,36851,1,Tower_B,REV_RAMP,-180,180,0,3478,5636,-124,1.3760,-41.28,-41.07,OK,79,2111,OPEN,Ramping REV PWM
69584,36894,1,Tower_B,REV_RAMP,-180,180,0,3355,5513,-123,1.3459,-41.90,-41.69,OK,79,2109,OPEN,Ramping REV PWM
69627,36937,1,Tower_B,REV_RAMP,-220,220,0,3240,5399,-114,1.3181,-38.84,-38.63,OK,79,2111,OPEN,Ramping REV PWM
69673,36983,1,Tower_B,REV_RAMP,-220,220,0,3113,5271,-128,1.2869,-40.76,-40.55,OK,81,2066,OPEN,Ramping REV PWM
69716,37026,1,Tower_B,REV_RAMP,-220,220,0,3001,5159,-112,1.2595,-38.15,-37.96,OK,85,2082,OPEN,Ramping REV PWM
69759,37069,1,Tower_B,REV_RAMP,-220,220,0,2893,5051,-108,1.2332,-36.79,-36.60,OK,87,2095,OPEN,Ramping REV PWM
69802,37112,1,Tower_B,REV_RAMP,-220,220,0,2772,4930,-121,1.2036,-41.22,-41.01,OK,89,2055,OPEN,Ramping REV PWM
69848,37158,1,Tower_B,REV_RAMP,-220,220,0,2646,4804,-126,1.1729,-40.12,-39.92,OK,91,2086,OPEN,Ramping REV PWM
69891,37201,1,Tower_B,REV_RAMP,-220,220,0,2509,4667,-137,1.1394,-46.67,-46.43,OK,91,2130,OPEN,Ramping REV PWM
69934,37244,1,Tower_B,REV_RAMP,-220,220,0,2385,4543,-124,1.1091,-42.24,-42.02,OK,87,2098,OPEN,Ramping REV PWM
69977,37287,1,Tower_B,REV_RAMP,-220,220,0,2248,4406,-137,1.0757,-46.67,-46.43,OK,85,2104,OPEN,Ramping REV PWM
70020,37330,1,Tower_B,REV_RAMP,-220,220,0,2133,4291,-115,1.0476,-39.18,-38.97,OK,83,2112,OPEN,Ramping REV PWM
70066,37376,1,Tower_B,REV_RAMP,-220,220,0,2013,4171,-120,1.0183,-38.21,-38.02,OK,81,2126,OPEN,Ramping REV PWM
70109,37419,1,Tower_B,REV_RAMP,-220,220,0,1910,4068,-103,0.9932,-35.09,-34.91,OK,81,2109,OPEN,Ramping REV PWM
70152,37462,1,Tower_B,REV_RAMP,-220,220,0,1798,3956,-112,0.9658,-38.15,-37.96,OK,81,2069,OPEN,Ramping REV PWM
70196,37506,1,Tower_B,REV_RAMP,-220,220,0,1671,3829,-127,0.9348,-42.28,-42.06,OK,87,2085,OPEN,Ramping REV PWM
70239,37549,1,Tower_B,REV_RAMP,-220,220,0,1541,3699,-130,0.9031,-44.29,-44.06,OK,91,2091,OPEN,Ramping REV PWM
70285,37595,1,Tower_B,REV_RAMP,-220,220,0,1372,3531,-168,0.8621,-53.50,-53.22,OK,93,2117,OPEN,Ramping REV PWM
70328,37638,1,Tower_B,REV_RAMP,-220,220,0,1224,3382,-149,0.8257,-50.76,-50.50,OK,95,2053,OPEN,Ramping REV PWM
70372,37682,1,Tower_B,REV_RAMP,-220,220,0,1084,3243,-139,0.7917,-46.28,-46.04,OK,95,2100,OPEN,Ramping REV PWM
70415,37725,1,Tower_B,REV_RAMP,-220,220,0,965,3123,-120,0.7625,-40.88,-40.67,OK,95,2076,OPEN,Ramping REV PWM
70573,37883,1,Tower_B,REV_RAMP,-220,220,0,496,2654,-469,0.6479,-43.48,-43.26,OK,95,2117,OPEN,Ramping REV PWM
70616,37926,1,Tower_B,REV_RAMP,-220,220,0,354,2512,-142,0.6133,-48.37,-48.12,OK,89,2131,OPEN,Ramping REV PWM
70659,37969,1,Tower_B,REV_RAMP,-220,220,0,219,2378,-134,0.5806,-45.65,-45.41,OK,83,2143,OPEN,Ramping REV PWM
70702,38012,1,Tower_B,REV_RAMP,-220,220,0,90,2248,-130,0.5488,-44.29,-44.06,OK,75,2113,OPEN,Ramping REV PWM
70746,38056,1,Tower_B,REV_RAMP,-220,220,0,4076,2138,-110,0.5220,-36.62,-36.43,OK,73,2130,OPEN,Ramping REV PWM
70792,38102,1,Tower_B,REV_RAMP,-220,220,0,3949,2012,-126,0.4912,-40.12,-39.92,OK,71,2072,OPEN,Ramping REV PWM
70835,38145,1,Tower_B,REV_RAMP,-220,220,0,3836,1898,-114,0.4634,-38.84,-38.63,OK,71,2075,OPEN,Ramping REV PWM
70878,38188,1,Tower_B,REV_RAMP,-220,220,0,3703,1765,-133,0.4309,-45.31,-45.07,OK,75,2103,OPEN,Ramping REV PWM
70922,38232,1,Tower_B,REV_RAMP,-220,220,0,3566,1628,-137,0.3975,-45.61,-45.37,OK,75,2100,OPEN,Ramping REV PWM
70965,38275,1,Tower_B,REV_RAMP,-220,220,0,3423,1486,-142,0.3628,-48.37,-48.12,OK,77,2104,OPEN,Ramping REV PWM
71011,38321,1,Tower_B,REV_RAMP,-220,220,0,3267,1330,-156,0.3247,-49.68,-49.42,OK,79,2070,OPEN,Ramping REV PWM
71054,38364,1,Tower_B,REV_RAMP,-220,220,0,3149,1211,-119,0.2957,-40.54,-40.33,OK,79,2124,OPEN,Ramping REV PWM
71098,38408,1,Tower_B,REV_RAMP,-220,220,0,3014,1076,-135,0.2627,-44.94,-44.71,OK,85,2077,OPEN,Ramping REV PWM
71141,38451,1,Tower_B,REV_RAMP,-255,255,0,2909,971,-105,0.2371,-35.77,-35.58,OK,87,2094,OPEN,Ramping REV PWM
71187,38497,1,Tower_B,REV_RAMP,-255,255,0,2771,832,-139,0.2031,-44.26,-44.04,OK,91,2122,OPEN,Ramping REV PWM
71231,38541,1,Tower_B,REV_RAMP,-255,255,0,2623,684,-148,0.1670,-49.27,-49.02,OK,91,2123,OPEN,Ramping REV PWM
71275,38585,1,Tower_B,REV_RAMP,-255,255,0,2466,528,-156,0.1289,-51.94,-51.67,OK,91,2134,OPEN,Ramping REV PWM
71318,38628,1,Tower_B,REV_RAMP,-255,255,0,2311,373,-155,0.0911,-52.80,-52.53,OK,87,2127,OPEN,Ramping REV PWM
71361,38671,1,Tower_B,REV_RAMP,-255,255,0,2156,218,-155,0.0532,-52.80,-52.53,OK,85,2133,OPEN,Ramping REV PWM
71407,38717,1,Tower_B,REV_RAMP,-255,255,0,2008,70,-148,0.0171,-47.13,-46.89,OK,81,2091,OPEN,Ramping REV PWM
71451,38761,1,Tower_B,REV_RAMP,-255,255,0,1877,-61,-131,-0.0149,-43.61,-43.39,OK,81,2082,OPEN,Ramping REV PWM
71494,38804,1,Tower_B,REV_RAMP,-255,255,0,1744,-193,-132,-0.0471,-44.97,-44.74,OK,87,2111,OPEN,Ramping REV PWM
71537,38847,1,Tower_B,REV_RAMP,-255,255,0,1587,-350,-157,-0.0854,-53.48,-53.21,OK,91,2116,OPEN,Ramping REV PWM
71580,38890,1,Tower_B,REV_RAMP,-255,255,0,1419,-519,-169,-0.1267,-57.57,-57.27,OK,95,2121,OPEN,Ramping REV PWM
71626,38936,1,Tower_B,REV_RAMP,-255,255,0,1236,-702,-183,-0.1714,-58.28,-57.97,OK,99,2057,OPEN,Ramping REV PWM
71669,38979,1,Tower_B,REV_RAMP,-255,255,0,1083,-855,-153,-0.2087,-52.12,-51.85,OK,101,2090,OPEN,Ramping REV PWM
71712,39022,1,Tower_B,REV_RAMP,-255,255,0,943,-994,-139,-0.2427,-47.35,-47.11,OK,102,2165,OPEN,Ramping REV PWM
71755,39065,1,Tower_B,REV_RAMP,-255,255,0,809,-1130,-136,-0.2759,-46.33,-46.09,OK,98,2145,OPEN,Ramping REV PWM
71801,39111,1,Tower_B,REV_RAMP,-255,255,0,651,-1285,-155,-0.3137,-49.36,-49.10,OK,96,2061,OPEN,Ramping REV PWM
71844,39154,1,Tower_B,REV_RAMP,-255,255,0,495,-1442,-157,-0.3521,-53.48,-53.21,OK,94,2083,OPEN,Ramping REV PWM
71887,39197,1,Tower_B,REV_RAMP,-255,255,0,326,-1610,-168,-0.3931,-57.23,-56.94,OK,88,2124,OPEN,Ramping REV PWM
71930,39240,1,Tower_B,REV_RAMP,-255,255,0,170,-1767,-157,-0.4314,-53.48,-53.21,OK,80,2142,OPEN,Ramping REV PWM
71973,39283,1,Tower_B,REV_RAMP,-255,255,0,36,-1902,-135,-0.4644,-45.99,-45.75,OK,74,2123,OPEN,Ramping REV PWM
72019,39329,1,Tower_B,REV_RAMP,-255,255,0,4005,-2029,-127,-0.4954,-40.44,-40.23,OK,72,2115,OPEN,Ramping REV PWM
72062,39372,1,Tower_B,REV_RAMP,-255,255,0,3865,-2169,-140,-0.5295,-47.69,-47.45,OK,72,2090,OPEN,Ramping REV PWM
72105,39415,1,Tower_B,REV_RAMP,-255,255,0,3716,-2317,-148,-0.5657,-50.42,-50.16,OK,74,2063,OPEN,Ramping REV PWM
72148,39458,1,Tower_B,REV_RAMP,-255,255,0,3550,-2483,-166,-0.6062,-56.55,-56.26,OK,78,2069,OPEN,Ramping REV PWM
72192,39502,1,Tower_B,REV_RAMP,-255,255,0,3379,-2655,-172,-0.6482,-57.26,-56.97,OK,78,2155,OPEN,Ramping REV PWM
72238,39548,1,Tower_B,REV_RAMP,-255,255,0,3206,-2828,-173,-0.6904,-55.09,-54.81,OK,64,2091,OPEN,Ramping REV PWM
72281,39591,1,Tower_B,REV_RAMP,-255,255,0,3062,-2971,-143,-0.7253,-48.71,-48.46,OK,86,2001,OPEN,Ramping REV PWM
72324,39634,1,Tower_B,REV_RAMP,-255,255,0,2915,-3117,-146,-0.7610,-49.74,-49.48,OK,94,2026,OPEN,Ramping REV PWM
72368,39678,1,Tower_B,REV_RAMP,-255,255,0,2758,-3276,-159,-0.7998,-52.93,-52.66,OK,98,2080,OPEN,Ramping REV PWM
72414,39724,1,Tower_B,REV_RAMP,-255,255,0,2600,-3435,-159,-0.8386,-50.63,-50.37,OK,92,2121,OPEN,Ramping REV PWM
72457,39767,1,Tower_B,REV_RAMP,-255,255,0,2442,-3592,-157,-0.8770,-53.48,-53.21,OK,94,2137,OPEN,Ramping REV PWM
72500,39810,1,Tower_B,REV_RAMP,-255,255,0,2269,-3763,-171,-0.9187,-58.25,-57.95,OK,86,2115,OPEN,Ramping REV PWM
72544,39854,1,Tower_B,REV_RAMP,-255,255,0,2120,-3913,-150,-0.9553,-49.94,-49.68,OK,80,2112,OPEN,Ramping REV PWM
72587,39897,1,Tower_B,REV_RAMP,-255,255,0,1991,-4043,-130,-0.9871,-44.29,-44.06,OK,80,2091,OPEN,Ramping REV PWM
72633,39943,1,Tower_B,REV_RAMP,-255,255,0,1859,-4174,-131,-1.0190,-41.72,-41.50,OK,82,2084,OPEN,Ramping REV PWM
72677,39987,1,Tower_B,REV_COAST,0,0,0,1723,-4311,-137,-1.0525,-45.61,-45.37,OK,86,2090,OPEN,Coasting to Stop
72720,40030,1,Tower_B,REV_COAST,0,0,0,1636,-4399,-88,-1.0740,-29.98,-29.82,OK,92,2126,OPEN,Coasting to Stop
72763,40073,1,Tower_B,REV_COAST,0,0,0,1588,-4447,-48,-1.0857,-16.35,-16.27,OK,94,2065,OPEN,Coasting to Stop
72808,40118,1,Tower_B,REV_COAST,0,0,0,1555,-4480,-33,-1.0938,-10.74,-10.69,OK,94,2098,OPEN,Coasting to Stop
72852,40162,1,Tower_B,REV_COAST,0,0,0,1531,-4504,-24,-1.0996,-7.99,-7.95,OK,94,2126,OPEN,Coasting to Stop
72895,40205,1,Tower_B,REV_COAST,0,0,0,1511,-4524,-20,-1.1045,-6.81,-6.78,OK,94,2079,OPEN,Coasting to Stop
72938,40248,1,Tower_B,REV_COAST,0,0,0,1496,-4539,-15,-1.1082,-5.11,-5.08,OK,94,2100,OPEN,Coasting to Stop
72981,40291,1,Tower_B,REV_COAST,0,0,0,1484,-4550,-11,-1.1108,-3.75,-3.73,OK,94,2114,OPEN,Coasting to Stop
73026,40336,1,Tower_B,REV_COAST,0,0,0,1476,-4559,-9,-1.1130,-2.93,-2.91,OK,94,2085,OPEN,Coasting to Stop
73069,40379,1,Tower_B,REV_COAST,0,0,0,1472,-4563,-4,-1.1140,-1.36,-1.36,OK,94,2075,OPEN,Coasting to Stop
73112,40422,1,Tower_B,REV_COAST,0,0,0,1472,-4563,0,-1.1140,0.00,0.00,OK,94,2094,OPEN,Coasting to Stop
73155,40465,1,Tower_B,REV_COAST,0,0,0,1473,-4562,1,-1.1138,0.34,0.34,OK,94,2096,OPEN,Coasting to Stop
73198,40508,1,Tower_B,REV_COAST,0,0,0,1472,-4563,-1,-1.1140,-0.34,-0.34,OK,94,2084,OPEN,Coasting to Stop
73244,40554,1,Tower_B,REV_COAST,0,0,0,1472,-4563,0,-1.1140,0.00,0.00,OK,94,2094,OPEN,Coasting to Stop
73287,40597,1,Tower_B,REV_COAST,0,0,0,1472,-4563,0,-1.1140,0.00,0.00,OK,94,2097,OPEN,Coasting to Stop
73330,40640,1,Tower_B,REV_COAST,0,0,0,1472,-4563,0,-1.1140,0.00,0.00,OK,94,2088,OPEN,Coasting to Stop
73373,40683,1,Tower_B,REV_COAST,0,0,0,1472,-4563,0,-1.1140,0.00,0.00,OK,94,2091,OPEN,Coasting to Stop
73416,40726,1,Tower_B,REV_COAST,0,0,0,1472,-4563,0,-1.1140,0.00,0.00,OK,94,2089,OPEN,Coasting to Stop
73461,40771,1,Tower_B,REV_COAST,0,0,0,1472,-4563,0,-1.1140,0.00,0.00,OK,94,2087,OPEN,Coasting to Stop
73504,40814,1,Tower_B,REV_COAST,0,0,0,1472,-4563,0,-1.1140,0.00,0.00,OK,94,2090,OPEN,Coasting to Stop
73547,40857,1,Tower_B,REV_COAST,0,0,0,1472,-4563,0,-1.1140,0.00,0.00,OK,94,2090,OPEN,Coasting to Stop
73590,40900,1,Tower_B,REV_COAST,0,0,0,1472,-4563,0,-1.1140,0.00,0.00,OK,94,2091,OPEN,Coasting to Stop
73633,40943,1,Tower_B,REV_COAST,0,0,0,1472,-4563,0,-1.1140,0.00,0.00,OK,94,2091,OPEN,Coasting to Stop
Summary,Motor_1,Tower_B,I2C,PASS,Magnet,OK,MinFwdPWM,60,MinRevPWM,60,MaxFwdRPM,64.38,MaxRevRPM,58.28,TotalFwdCounts,15984,TotalRevCounts,-20158,StallAt255,NO
73806,41116,2,Tower_C,FWD_RAMP,60,0,60,3683,0,0,0.0000,0.00,0.00,OK,84,2127,OPEN,Ramping FWD PWM
73849,41159,2,Tower_C,FWD_RAMP,60,0,60,3689,6,6,0.0015,2.04,2.03,OK,84,2124,OPEN,Ramping FWD PWM
73892,41202,2,Tower_C,FWD_RAMP,60,0,60,3702,19,13,0.0046,4.43,4.41,OK,84,2122,OPEN,Ramping FWD PWM
73935,41245,2,Tower_C,FWD_RAMP,60,0,60,3723,40,21,0.0098,7.15,7.12,OK,84,2118,OPEN,Ramping FWD PWM
73980,41290,2,Tower_C,FWD_RAMP,60,0,60,3749,65,25,0.0159,8.14,8.10,OK,84,2111,OPEN,Ramping FWD PWM
74023,41333,2,Tower_C,FWD_RAMP,60,0,60,3775,92,27,0.0225,9.20,9.15,OK,84,2109,OPEN,Ramping FWD PWM
74066,41376,2,Tower_C,FWD_RAMP,60,0,60,3810,127,35,0.0310,11.92,11.86,OK,84,2098,OPEN,Ramping FWD PWM
74109,41419,2,Tower_C,FWD_RAMP,60,0,60,3843,159,32,0.0388,10.90,10.84,OK,84,2094,OPEN,Ramping FWD PWM
74152,41462,2,Tower_C,FWD_RAMP,60,0,60,3876,193,34,0.0471,11.58,11.52,OK,84,2086,OPEN,Ramping FWD PWM
74198,41508,2,Tower_C,FWD_RAMP,60,0,60,3913,229,36,0.0559,11.46,11.40,OK,84,2079,OPEN,Ramping FWD PWM
74241,41551,2,Tower_C,FWD_RAMP,60,0,60,3947,263,34,0.0642,11.58,11.52,OK,84,2069,OPEN,Ramping FWD PWM
74284,41594,2,Tower_C,FWD_RAMP,60,0,60,3980,297,34,0.0725,11.58,11.52,OK,84,2062,OPEN,Ramping FWD PWM
74327,41637,2,Tower_C,FWD_RAMP,60,0,60,4017,334,37,0.0815,12.60,12.54,OK,84,2050,OPEN,Ramping FWD PWM
74370,41680,2,Tower_C,FWD_RAMP,60,0,60,4051,367,33,0.0896,11.24,11.18,OK,86,2066,OPEN,Ramping FWD PWM
74416,41726,2,Tower_C,FWD_RAMP,60,0,60,4084,401,34,0.0979,10.83,10.77,OK,86,2054,OPEN,Ramping FWD PWM
74495,41805,2,Tower_C,FWD_RAMP,60,0,60,45,457,56,0.1116,10.38,10.33,OK,88,2059,OPEN,Ramping FWD PWM
74539,41849,2,Tower_C,FWD_RAMP,60,0,60,81,493,36,0.1204,11.99,11.92,OK,90,2068,OPEN,Ramping FWD PWM
74582,41892,2,Tower_C,FWD_RAMP,60,0,60,119,532,39,0.1299,13.29,13.22,OK,90,2051,OPEN,Ramping FWD PWM
74625,41935,2,Tower_C,FWD_RAMP,60,0,60,155,567,35,0.1384,11.92,11.86,OK,92,2059,OPEN,Ramping FWD PWM
74671,41981,2,Tower_C,FWD_RAMP,60,0,60,192,604,37,0.1475,11.78,11.72,OK,94,2069,OPEN,Ramping FWD PWM
74714,42024,2,Tower_C,FWD_RAMP,60,0,60,224,637,33,0.1555,11.24,11.18,OK,94,2055,OPEN,Ramping FWD PWM
74758,42068,2,Tower_C,FWD_RAMP,60,0,60,257,670,33,0.1636,10.99,10.93,OK,96,2065,OPEN,Ramping FWD PWM
74801,42111,2,Tower_C,FWD_RAMP,60,0,60,297,710,40,0.1733,13.63,13.56,OK,96,2052,OPEN,Ramping FWD PWM
74845,42155,2,Tower_C,FWD_RAMP,60,0,60,339,752,42,0.1836,13.98,13.91,OK,98,2068,OPEN,Ramping FWD PWM
74891,42201,2,Tower_C,FWD_RAMP,60,0,60,378,790,38,0.1929,12.10,12.04,OK,98,2061,OPEN,Ramping FWD PWM
74934,42244,2,Tower_C,FWD_RAMP,60,0,60,416,829,39,0.2024,13.29,13.22,OK,98,2063,OPEN,Ramping FWD PWM
74977,42287,2,Tower_C,FWD_RAMP,60,0,60,454,867,38,0.2117,12.95,12.88,OK,98,2067,OPEN,Ramping FWD PWM
75021,42331,2,Tower_C,FWD_RAMP,60,0,60,495,907,40,0.2214,13.32,13.25,OK,98,2072,OPEN,Ramping FWD PWM
75064,42374,2,Tower_C,FWD_RAMP,60,0,60,535,947,40,0.2312,13.63,13.56,OK,98,2078,OPEN,Ramping FWD PWM
75110,42420,2,Tower_C,FWD_RAMP,60,0,60,579,992,45,0.2422,14.33,14.26,OK,98,2092,OPEN,Ramping FWD PWM
75153,42463,2,Tower_C,FWD_RAMP,60,0,60,618,1031,39,0.2517,13.29,13.22,OK,98,2107,OPEN,Ramping FWD PWM
75197,42507,2,Tower_C,FWD_RAMP,60,0,60,654,1067,36,0.2605,11.99,11.92,OK,98,2126,OPEN,Ramping FWD PWM
75241,42551,2,Tower_C,FWD_RAMP,60,0,60,692,1105,38,0.2698,12.65,12.59,OK,96,2123,OPEN,Ramping FWD PWM
75284,42594,2,Tower_C,FWD_RAMP,60,0,60,732,1144,39,0.2793,13.29,13.22,OK,94,2124,OPEN,Ramping FWD PWM
75329,42639,2,Tower_C,FWD_RAMP,100,0,100,778,1190,46,0.2905,14.97,14.90,OK,92,2129,OPEN,Ramping FWD PWM
75372,42682,2,Tower_C,FWD_RAMP,100,0,100,821,1234,44,0.3013,14.99,14.91,OK,90,2138,OPEN,Ramping FWD PWM
75415,42725,2,Tower_C,FWD_RAMP,100,0,100,868,1280,46,0.3125,15.67,15.59,OK,86,2121,OPEN,Ramping FWD PWM
75458,42768,2,Tower_C,FWD_RAMP,100,0,100,911,1324,44,0.3232,14.99,14.91,OK,84,2127,OPEN,Ramping FWD PWM
75501,42811,2,Tower_C,FWD_RAMP,100,0,100,966,1378,54,0.3364,18.40,18.30,OK,82,2138,OPEN,Ramping FWD PWM
75557,42867,2,Tower_C,FWD_RAMP,100,0,100,1039,1452,74,0.3545,19.36,19.26,OK,78,2122,OPEN,Ramping FWD PWM
75602,42912,2,Tower_C,FWD_RAMP,100,0,100,1093,1506,54,0.3677,17.58,17.49,OK,78,2142,OPEN,Ramping FWD PWM
75647,42957,2,Tower_C,FWD_RAMP,100,0,100,1149,1561,55,0.3811,17.90,17.81,OK,76,2125,OPEN,Ramping FWD PWM
75692,43002,2,Tower_C,FWD_RAMP,100,0,100,1212,1625,64,0.3967,20.83,20.73,OK,76,2129,OPEN,Ramping FWD PWM
75737,43047,2,Tower_C,FWD_RAMP,100,0,100,1272,1685,60,0.4114,19.53,19.43,OK,76,2127,OPEN,Ramping FWD PWM
75785,43095,2,Tower_C,FWD_RAMP,100,0,100,1337,1750,65,0.4272,19.84,19.73,OK,76,2120,OPEN,Ramping FWD PWM
75830,43140,2,Tower_C,FWD_RAMP,100,0,100,1406,1818,68,0.4438,22.14,22.02,OK,76,2110,OPEN,Ramping FWD PWM
75875,43185,2,Tower_C,FWD_RAMP,100,0,100,1470,1882,64,0.4595,20.83,20.73,OK,76,2102,OPEN,Ramping FWD PWM
75920,43230,2,Tower_C,FWD_RAMP,100,0,100,1529,1941,59,0.4739,19.21,19.11,OK,76,2097,OPEN,Ramping FWD PWM
75965,43275,2,Tower_C,FWD_RAMP,100,0,100,1600,2012,71,0.4912,23.11,22.99,OK,76,2093,OPEN,Ramping FWD PWM
76012,43322,2,Tower_C,FWD_RAMP,100,0,100,1674,2086,74,0.5093,23.06,22.94,OK,76,2092,OPEN,Ramping FWD PWM
76057,43367,2,Tower_C,FWD_RAMP,100,0,100,1736,2149,63,0.5247,20.51,20.40,OK,76,2091,OPEN,Ramping FWD PWM
76102,43412,2,Tower_C,FWD_RAMP,100,0,100,1795,2207,58,0.5388,18.88,18.78,OK,76,2093,OPEN,Ramping FWD PWM
76147,43457,2,Tower_C,FWD_RAMP,100,0,100,1861,2273,66,0.5549,21.48,21.37,OK,76,2097,OPEN,Ramping FWD PWM
76192,43502,2,Tower_C,FWD_RAMP,100,0,100,1922,2335,62,0.5701,20.18,20.08,OK,76,2096,OPEN,Ramping FWD PWM
76239,43549,2,Tower_C,FWD_RAMP,100,0,100,1984,2396,61,0.5850,19.01,18.91,OK,76,2088,OPEN,Ramping FWD PWM
76284,43594,2,Tower_C,FWD_RAMP,100,0,100,2042,2455,59,0.5994,19.21,19.11,OK,76,2072,OPEN,Ramping FWD PWM
76329,43639,2,Tower_C,FWD_RAMP,100,0,100,2100,2513,58,0.6135,18.88,18.78,OK,76,2050,OPEN,Ramping FWD PWM
76374,43684,2,Tower_C,FWD_RAMP,100,0,100,2158,2570,57,0.6274,18.55,18.46,OK,78,2050,OPEN,Ramping FWD PWM
76419,43729,2,Tower_C,FWD_RAMP,100,0,100,2219,2631,61,0.6423,19.86,19.75,OK,80,2052,OPEN,Ramping FWD PWM
76466,43776,2,Tower_C,FWD_RAMP,100,0,100,2286,2698,67,0.6587,20.88,20.77,OK,82,2050,OPEN,Ramping FWD PWM
76511,43821,2,Tower_C,FWD_RAMP,100,0,100,2345,2757,59,0.6731,19.21,19.11,OK,86,2071,OPEN,Ramping FWD PWM
76556,43866,2,Tower_C,FWD_RAMP,100,0,100,2411,2823,66,0.6892,21.48,21.37,OK,88,2071,OPEN,Ramping FWD PWM
76601,43911,2,Tower_C,FWD_RAMP,100,0,100,2482,2895,72,0.7068,23.44,23.32,OK,88,2062,OPEN,Ramping FWD PWM
76648,43958,2,Tower_C,FWD_RAMP,100,0,100,2559,2971,76,0.7253,23.69,23.56,OK,90,2096,OPEN,Ramping FWD PWM
76693,44003,2,Tower_C,FWD_RAMP,100,0,100,2626,3039,68,0.7419,22.14,22.02,OK,90,2122,OPEN,Ramping FWD PWM
76738,44048,2,Tower_C,FWD_RAMP,100,0,100,2694,3107,68,0.7585,22.14,22.02,OK,88,2126,OPEN,Ramping FWD PWM
76783,44093,2,Tower_C,FWD_RAMP,100,0,100,2767,3179,72,0.7761,23.44,23.32,OK,84,2128,OPEN,Ramping FWD PWM
76828,44138,2,Tower_C,FWD_RAMP,100,0,100,2834,3247,68,0.7927,22.14,22.02,OK,80,2133,OPEN,Ramping FWD PWM
76875,44185,2,Tower_C,FWD_RAMP,140,0,140,2913,3325,78,0.8118,24.31,24.18,OK,74,2114,OPEN,Ramping FWD PWM
76920,44230,2,Tower_C,FWD_RAMP,140,0,140,2980,3392,67,0.8281,21.81,21.70,OK,72,2140,OPEN,Ramping FWD PWM
76965,44275,2,Tower_C,FWD_RAMP,140,0,140,3047,3460,68,0.8447,22.14,22.02,OK,68,2124,OPEN,Ramping FWD PWM
77010,44320,2,Tower_C,FWD_RAMP,140,0,140,3120,3533,73,0.8625,23.76,23.64,OK,66,2118,OPEN,Ramping FWD PWM
77055,44365,2,Tower_C,FWD_RAMP,140,0,140,3199,3612,79,0.8818,25.72,25.58,OK,66,2120,OPEN,Ramping FWD PWM
77102,44412,2,Tower_C,FWD_RAMP,140,0,140,3277,3689,77,0.9006,24.00,23.87,OK,66,2093,OPEN,Ramping FWD PWM
77147,44457,2,Tower_C,FWD_RAMP,140,0,140,3360,3773,84,0.9211,27.34,27.20,OK,66,2054,OPEN,Ramping FWD PWM
77192,44502,2,Tower_C,FWD_RAMP,140,0,140,3444,3856,83,0.9414,27.02,26.88,OK,72,2073,OPEN,Ramping FWD PWM
77237,44547,2,Tower_C,FWD_RAMP,140,0,140,3528,3940,84,0.9619,27.34,27.20,OK,76,2061,OPEN,Ramping FWD PWM
77282,44592,2,Tower_C,FWD_RAMP,140,0,140,3619,4032,92,0.9844,29.95,29.79,OK,80,2059,OPEN,Ramping FWD PWM
77329,44639,2,Tower_C,FWD_RAMP,140,0,140,3708,4120,88,1.0059,27.43,27.29,OK,86,2062,OPEN,Ramping FWD PWM
77374,44684,2,Tower_C,FWD_RAMP,140,0,140,3799,4211,91,1.0281,29.62,29.47,OK,90,2068,OPEN,Ramping FWD PWM
77419,44729,2,Tower_C,FWD_RAMP,140,0,140,3882,4294,83,1.0483,27.02,26.88,OK,94,2058,OPEN,Ramping FWD PWM
77464,44774,2,Tower_C,FWD_RAMP,140,0,140,3958,4370,76,1.0669,24.74,24.61,OK,100,2067,OPEN,Ramping FWD PWM
77509,44819,2,Tower_C,FWD_RAMP,140,0,140,4041,4453,83,1.0872,27.02,26.88,OK,104,2061,OPEN,Ramping FWD PWM
77556,44866,2,Tower_C,FWD_RAMP,140,0,140,22,4530,77,1.1060,24.00,23.87,OK,110,2069,OPEN,Ramping FWD PWM
77601,44911,2,Tower_C,FWD_RAMP,140,0,140,100,4608,78,1.1250,25.39,25.26,OK,112,2053,OPEN,Ramping FWD PWM
77646,44956,2,Tower_C,FWD_RAMP,140,0,140,179,4687,79,1.1443,25.72,25.58,OK,114,2057,OPEN,Ramping FWD PWM
77691,45001,2,Tower_C,FWD_RAMP,140,0,140,256,4765,78,1.1633,25.39,25.26,OK,114,2051,OPEN,Ramping FWD PWM
77736,45046,2,Tower_C,FWD_RAMP,140,0,140,346,4854,89,1.1851,28.97,28.82,OK,116,2073,OPEN,Ramping FWD PWM
77783,45093,2,Tower_C,FWD_RAMP,140,0,140,432,4940,86,1.2061,26.80,26.67,OK,116,2116,OPEN,Ramping FWD PWM
77828,45138,2,Tower_C,FWD_RAMP,140,0,140,525,5033,93,1.2288,30.27,30.12,OK,114,2130,OPEN,Ramping FWD PWM
77873,45183,2,Tower_C,FWD_RAMP,140,0,140,624,5132,99,1.2529,32.23,32.06,OK,106,2143,OPEN,Ramping FWD PWM
77918,45228,2,Tower_C,FWD_RAMP,140,0,140,707,5216,84,1.2734,27.34,27.20,OK,98,2140,OPEN,Ramping FWD PWM
77963,45273,2,Tower_C,FWD_RAMP,140,0,140,799,5308,92,1.2959,29.95,29.79,OK,90,2126,OPEN,Ramping FWD PWM
78010,45320,2,Tower_C,FWD_RAMP,140,0,140,889,5398,90,1.3179,28.05,27.91,OK,82,2122,OPEN,Ramping FWD PWM
78055,45365,2,Tower_C,FWD_RAMP,140,0,140,974,5482,84,1.3384,27.34,27.20,OK,78,2128,OPEN,Ramping FWD PWM
78100,45410,2,Tower_C,FWD_RAMP,140,0,140,1053,5561,79,1.3577,25.72,25.58,OK,74,2122,OPEN,Ramping FWD PWM
78145,45455,2,Tower_C,FWD_RAMP,140,0,140,1127,5635,74,1.3757,24.09,23.96,OK,72,2117,OPEN,Ramping FWD PWM
78190,45500,2,Tower_C,FWD_RAMP,140,0,140,1217,5725,90,1.3977,29.30,29.15,OK,72,2111,OPEN,Ramping FWD PWM
78237,45547,2,Tower_C,FWD_RAMP,140,0,140,1296,5804,79,1.4170,24.62,24.49,OK,72,2091,OPEN,Ramping FWD PWM
78282,45592,2,Tower_C,FWD_RAMP,140,0,140,1384,5892,88,1.4385,28.65,28.50,OK,72,2064,OPEN,Ramping FWD PWM
78327,45637,2,Tower_C,FWD_RAMP,140,0,140,1475,5983,91,1.4607,29.62,29.47,OK,76,2069,OPEN,Ramping FWD PWM
78372,45682,2,Tower_C,FWD_RAMP,140,0,140,1560,6068,85,1.4814,27.67,27.53,OK,78,2050,OPEN,Ramping FWD PWM
78419,45729,2,Tower_C,FWD_RAMP,180,0,180,1655,6163,95,1.5046,29.61,29.46,OK,80,2054,OPEN,Ramping FWD PWM
78464,45774,2,Tower_C,FWD_RAMP,180,0,180,1742,6250,87,1.5259,28.32,28.17,OK,82,2048,OPEN,Ramping FWD PWM
78509,45819,2,Tower_C,FWD_RAMP,180,0,180,1845,6353,103,1.5510,33.53,33.36,OK,84,2050,OPEN,Ramping FWD PWM
78554,45864,2,Tower_C,FWD_RAMP,180,0,180,1937,6446,93,1.5737,30.27,30.12,OK,88,2071,OPEN,Ramping FWD PWM
78599,45909,2,Tower_C,FWD_RAMP,180,0,180,2036,6544,98,1.5977,31.90,31.74,OK,90,2068,OPEN,Ramping FWD PWM
78646,45956,2,Tower_C,FWD_RAMP,180,0,180,2137,6645,101,1.6223,31.48,31.32,OK,92,2066,OPEN,Ramping FWD PWM
78691,46001,2,Tower_C,FWD_RAMP,180,0,180,2251,6759,114,1.6501,37.11,36.92,OK,94,2066,OPEN,Ramping FWD PWM
78736,46046,2,Tower_C,FWD_RAMP,180,0,180,2356,6864,105,1.6758,34.18,34.00,OK,94,2056,OPEN,Ramping FWD PWM
78781,46091,2,Tower_C,FWD_RAMP,180,0,180,2477,6984,120,1.7051,39.06,38.86,OK,96,2097,OPEN,Ramping FWD PWM
78826,46136,2,Tower_C,FWD_RAMP,180,0,180,2598,7106,122,1.7349,39.71,39.51,OK,94,2143,OPEN,Ramping FWD PWM
78873,46183,2,Tower_C,FWD_RAMP,180,0,180,2733,7241,135,1.7678,42.08,41.86,OK,86,2119,OPEN,Ramping FWD PWM
78918,46228,2,Tower_C,FWD_RAMP,180,0,180,2849,7357,116,1.7961,37.76,37.57,OK,78,2123,OPEN,Ramping FWD PWM
78963,46273,2,Tower_C,FWD_RAMP,180,0,180,2969,7476,119,1.8252,38.74,38.54,OK,72,2129,OPEN,Ramping FWD PWM
79008,46318,2,Tower_C,FWD_RAMP,180,0,180,3074,7582,106,1.8511,34.51,34.33,OK,68,2116,OPEN,Ramping FWD PWM
79053,46363,2,Tower_C,FWD_RAMP,180,0,180,3182,7690,108,1.8774,35.16,34.97,OK,68,2120,OPEN,Ramping FWD PWM
79100,46410,2,Tower_C,FWD_RAMP,180,0,180,3293,7801,111,1.9045,34.60,34.42,OK,68,2067,OPEN,Ramping FWD PWM
79145,46455,2,Tower_C,FWD_RAMP,180,0,180,3409,7917,116,1.9329,37.76,37.57,OK,72,2048,OPEN,Ramping FWD PWM
79190,46500,2,Tower_C,FWD_RAMP,180,0,180,3518,8026,109,1.9595,35.48,35.30,OK,80,2075,OPEN,Ramping FWD PWM
79235,46545,2,Tower_C,FWD_RAMP,180,0,180,3644,8152,126,1.9902,41.02,40.80,OK,84,2052,OPEN,Ramping FWD PWM
79280,46590,2,Tower_C,FWD_RAMP,180,0,180,3751,8259,107,2.0164,34.83,34.65,OK,90,2065,OPEN,Ramping FWD PWM
79327,46637,2,Tower_C,FWD_RAMP,180,0,180,3864,8372,113,2.0439,35.22,35.04,OK,94,2067,OPEN,Ramping FWD PWM
79372,46682,2,Tower_C,FWD_RAMP,180,0,180,3962,8470,98,2.0679,31.90,31.74,OK,102,2055,OPEN,Ramping FWD PWM
79417,46727,2,Tower_C,FWD_RAMP,180,0,180,4063,8571,101,2.0925,32.88,32.71,OK,110,2050,OPEN,Ramping FWD PWM
79462,46772,2,Tower_C,FWD_RAMP,180,0,180,62,8666,95,2.1157,30.92,30.76,OK,118,2064,OPEN,Ramping FWD PWM
79507,46817,2,Tower_C,FWD_RAMP,180,0,180,168,8772,106,2.1416,34.51,34.33,OK,122,2066,OPEN,Ramping FWD PWM
79554,46864,2,Tower_C,FWD_RAMP,180,0,180,271,8875,103,2.1667,32.10,31.94,OK,122,2078,OPEN,Ramping FWD PWM
79599,46909,2,Tower_C,FWD_RAMP,180,0,180,385,8989,114,2.1946,37.11,36.92,OK,122,2112,OPEN,Ramping FWD PWM
79804,47114,2,Tower_C,FWD_RAMP,180,0,180,892,9496,507,2.3184,36.23,36.04,OK,94,2144,OPEN,Ramping FWD PWM
79849,47159,2,Tower_C,FWD_RAMP,180,0,180,1000,9604,108,2.3447,35.16,34.97,OK,88,2134,OPEN,Ramping FWD PWM
79896,47206,2,Tower_C,FWD_RAMP,180,0,180,1100,9704,100,2.3691,31.17,31.01,OK,76,2120,OPEN,Ramping FWD PWM
79941,47251,2,Tower_C,FWD_RAMP,220,0,220,1197,9801,97,2.3928,31.58,31.41,OK,70,2138,OPEN,Ramping FWD PWM
79986,47296,2,Tower_C,FWD_RAMP,220,0,220,1293,9897,96,2.4163,31.25,31.09,OK,62,2118,OPEN,Ramping FWD PWM
80031,47341,2,Tower_C,FWD_RAMP,220,0,220,1401,10006,109,2.4429,35.48,35.30,OK,56,2104,OPEN,Ramping FWD PWM
80076,47386,2,Tower_C,FWD_RAMP,220,0,220,1503,10107,101,2.4675,32.88,32.71,OK,50,2108,OPEN,Ramping FWD PWM
80123,47433,2,Tower_C,FWD_RAMP,220,0,220,1614,10218,111,2.4946,34.60,34.42,OK,48,2101,OPEN,Ramping FWD PWM
80168,47478,2,Tower_C,FWD_RAMP,220,0,220,1687,10291,73,2.5125,23.76,23.64,OK,54,2074,OPEN,Ramping FWD PWM
80213,47523,2,Tower_C,FWD_RAMP,220,0,220,1731,10335,44,2.5232,14.32,14.25,OK,76,2048,OPEN,Ramping FWD PWM
80258,47568,2,Tower_C,FWD_RAMP,220,0,220,1729,10334,-1,2.5229,-0.33,-0.32,OK,70,2113,OPEN,Ramping FWD PWM
80303,47613,2,Tower_C,FWD_RAMP,220,0,220,1709,10314,-20,2.5181,-6.51,-6.48,OK,66,2138,OPEN,Ramping FWD PWM
80350,47660,2,Tower_C,FWD_RAMP,220,0,220,1811,10415,101,2.5427,31.48,31.32,OK,84,2043,OPEN,Ramping FWD PWM
80395,47705,2,Tower_C,FWD_RAMP,220,0,220,1885,10489,74,2.5608,24.09,23.96,OK,108,2041,OPEN,Ramping FWD PWM
80440,47750,2,Tower_C,FWD_RAMP,220,0,220,1966,10570,81,2.5806,26.37,26.23,OK,146,2071,OPEN,Ramping FWD PWM
80485,47795,2,Tower_C,FWD_RAMP,220,0,220,2054,10658,88,2.6021,28.65,28.50,OK,194,2058,OPEN,Ramping FWD PWM
80530,47840,2,Tower_C,FWD_RAMP,220,0,220,2138,10742,84,2.6226,27.34,27.20,OK,255,2080,OPEN,Ramping FWD PWM
80577,47887,2,Tower_C,FWD_RAMP,220,0,220,2231,10835,93,2.6453,28.99,28.84,OK,255,1845,OPEN,Ramping FWD PWM
80622,47932,2,Tower_C,FWD_RAMP,220,0,220,2352,10956,121,2.6748,39.39,39.18,OK,255,1986,OPEN,Ramping FWD PWM
80667,47977,2,Tower_C,FWD_RAMP,220,0,220,2478,11081,125,2.7053,40.69,40.48,OK,253,2105,OPEN,Ramping FWD PWM
80712,48022,2,Tower_C,FWD_RAMP,220,0,220,2626,11229,148,2.7415,48.18,47.93,OK,213,2135,OPEN,Ramping FWD PWM
80757,48067,2,Tower_C,FWD_RAMP,220,0,220,2764,11368,139,2.7754,45.25,45.01,OK,217,2091,OPEN,Ramping FWD PWM
80804,48114,2,Tower_C,FWD_RAMP,220,0,220,2917,11521,153,2.8127,47.69,47.44,OK,160,2139,OPEN,Ramping FWD PWM
80849,48159,2,Tower_C,FWD_RAMP,220,0,220,3038,11643,122,2.8425,39.71,39.51,OK,130,2150,OPEN,Ramping FWD PWM
80894,48204,2,Tower_C,FWD_RAMP,220,0,220,3131,11735,92,2.8650,29.95,29.79,OK,88,2133,OPEN,Ramping FWD PWM
80939,48249,2,Tower_C,FWD_RAMP,220,0,220,3221,11825,90,2.8870,29.30,29.15,OK,72,2138,OPEN,Ramping FWD PWM
80986,48296,2,Tower_C,FWD_RAMP,220,0,220,3306,11910,85,2.9077,26.49,26.36,OK,54,2137,OPEN,Ramping FWD PWM
81031,48341,2,Tower_C,FWD_RAMP,220,0,220,3402,12006,96,2.9312,31.25,31.09,OK,46,2139,OPEN,Ramping FWD PWM
81076,48386,2,Tower_C,FWD_RAMP,220,0,220,3493,12097,91,2.9534,29.62,29.47,OK,44,2108,OPEN,Ramping FWD PWM
81121,48431,2,Tower_C,FWD_RAMP,220,0,220,3600,12205,108,2.9797,35.16,34.97,OK,48,2058,OPEN,Ramping FWD PWM
81166,48476,2,Tower_C,FWD_RAMP,220,0,220,3704,12308,103,3.0049,33.53,33.36,OK,64,2060,OPEN,Ramping FWD PWM
81213,48523,2,Tower_C,FWD_RAMP,220,0,220,3811,12415,107,3.0310,33.35,33.18,OK,86,2051,OPEN,Ramping FWD PWM
81258,48568,2,Tower_C,FWD_RAMP,220,0,220,3898,12502,87,3.0522,28.32,28.17,OK,120,2051,OPEN,Ramping FWD PWM
81303,48613,2,Tower_C,FWD_RAMP,220,0,220,3980,12585,83,3.0725,27.02,26.88,OK,168,2054,OPEN,Ramping FWD PWM
81348,48658,2,Tower_C,FWD_RAMP,220,0,220,4057,12661,76,3.0911,24.74,24.61,OK,242,2045,OPEN,Ramping FWD PWM
81393,48703,2,Tower_C,FWD_RAMP,220,0,220,54,12754,93,3.1138,30.27,30.12,FAULT,255,1711,OPEN,Ramping FWD PWM
81440,48750,2,Tower_C,FWD_RAMP,255,0,255,149,12849,95,3.1370,29.61,29.46,FAULT,255,1426,OPEN,Ramping FWD PWM
81485,48795,2,Tower_C,FWD_RAMP,255,0,255,274,12974,125,3.1675,40.69,40.48,FAULT,255,1493,OPEN,Ramping FWD PWM
81530,48840,2,Tower_C,FWD_RAMP,255,0,255,375,13076,102,3.1924,33.20,33.03,FAULT,255,1313,OPEN,Ramping FWD PWM
81575,48885,2,Tower_C,FWD_RAMP,255,0,255,553,13253,177,3.2356,57.62,57.32,FAULT,255,1782,OPEN,Ramping FWD PWM
81620,48930,2,Tower_C,FWD_RAMP,255,0,255,713,13411,158,3.2742,51.43,51.17,OK,255,1991,OPEN,Ramping FWD PWM
81667,48977,2,Tower_C,FWD_RAMP,255,0,255,925,13625,214,3.3264,66.70,66.35,OK,85,2134,OPEN,Ramping FWD PWM
81712,49022,2,Tower_C,FWD_RAMP,255,0,255,1055,13755,130,3.3582,42.32,42.10,OK,79,2128,OPEN,Ramping FWD PWM
81757,49067,2,Tower_C,FWD_RAMP,255,0,255,1200,13899,144,3.3933,46.87,46.63,OK,77,2139,OPEN,Ramping FWD PWM
81802,49112,2,Tower_C,FWD_RAMP,255,0,255,1322,14021,122,3.4231,39.71,39.51,OK,57,2119,OPEN,Ramping FWD PWM
81849,49159,2,Tower_C,FWD_RAMP,255,0,255,1447,14147,126,3.4539,39.27,39.07,OK,49,2136,OPEN,Ramping FWD PWM
81894,49204,2,Tower_C,FWD_RAMP,255,0,255,1564,14264,117,3.4824,38.09,37.89,OK,49,2121,OPEN,Ramping FWD PWM
81939,49249,2,Tower_C,FWD_RAMP,255,0,255,1661,14362,98,3.5063,31.90,31.74,OK,55,2073,OPEN,Ramping FWD PWM
81984,49294,2,Tower_C,FWD_RAMP,255,0,255,1752,14453,91,3.5286,29.62,29.47,OK,71,2065,OPEN,Ramping FWD PWM
82029,49339,2,Tower_C,FWD_RAMP,255,0,255,1836,14536,83,3.5488,27.02,26.88,OK,97,2055,OPEN,Ramping FWD PWM
82076,49386,2,Tower_C,FWD_RAMP,255,0,255,1932,14632,96,3.5723,29.92,29.77,OK,145,2048,OPEN,Ramping FWD PWM
82121,49431,2,Tower_C,FWD_RAMP,255,0,255,2025,14725,93,3.5950,30.27,30.12,OK,213,2056,OPEN,Ramping FWD PWM
82166,49476,2,Tower_C,FWD_RAMP,255,0,255,2133,14832,107,3.6211,34.83,34.65,OK,255,1961,OPEN,Ramping FWD PWM
82211,49521,2,Tower_C,FWD_RAMP,255,0,255,2241,14941,109,3.6477,35.48,35.30,FAULT,255,1626,OPEN,Ramping FWD PWM
82256,49566,2,Tower_C,FWD_RAMP,255,0,255,2307,15008,67,3.6641,21.81,21.70,FAULT,255,1256,OPEN,Ramping FWD PWM
82303,49613,2,Tower_C,FWD_RAMP,255,0,255,2412,15114,106,3.6899,33.04,32.87,FAULT,255,1226,OPEN,Ramping FWD PWM
82348,49658,2,Tower_C,FWD_RAMP,255,0,255,2441,15142,28,3.6968,9.11,9.07,FAULT,255,1027,OPEN,Ramping FWD PWM
82393,49703,2,Tower_C,FWD_RAMP,255,0,255,2520,15223,81,3.7166,26.37,26.23,FAULT,255,1063,OPEN,Ramping FWD PWM
82438,49748,2,Tower_C,FWD_RAMP,255,0,255,2595,15295,72,3.7341,23.44,23.32,FAULT,255,1183,OPEN,Ramping FWD PWM
82483,49793,2,Tower_C,FWD_RAMP,255,0,255,2682,15382,87,3.7554,28.32,28.17,FAULT,255,1186,OPEN,Ramping FWD PWM
82530,49840,2,Tower_C,FWD_RAMP,255,0,255,2772,15473,91,3.7776,28.36,28.22,FAULT,255,1609,OPEN,Ramping FWD PWM
82575,49885,2,Tower_C,FWD_RAMP,255,0,255,2813,15513,40,3.7874,13.02,12.95,OK,255,1897,OPEN,Ramping FWD PWM
82620,49930,2,Tower_C,FWD_RAMP,255,0,255,2834,15534,21,3.7925,6.84,6.80,OK,255,1899,OPEN,Ramping FWD PWM
82665,49975,2,Tower_C,FWD_RAMP,255,0,255,2868,15569,35,3.8010,11.39,11.33,OK,227,2131,OPEN,Ramping FWD PWM
82713,50023,2,Tower_C,FWD_RAMP,255,0,255,2874,15575,6,3.8025,1.83,1.82,OK,255,1839,OPEN,Ramping FWD PWM
82759,50069,2,Tower_C,FWD_RAMP,255,0,255,2949,15648,73,3.8203,23.25,23.13,OK,255,1903,OPEN,Ramping FWD PWM
82805,50115,2,Tower_C,FWD_RAMP,255,0,255,3078,15778,130,3.8521,41.40,41.18,OK,167,2161,OPEN,Ramping FWD PWM
82851,50161,2,Tower_C,FWD_RAMP,255,0,255,3189,15888,110,3.8789,35.03,34.85,OK,120,2084,OPEN,Ramping FWD PWM
82897,50207,2,Tower_C,FWD_RAMP,255,0,255,3260,15960,72,3.8965,22.93,22.81,OK,82,2121,OPEN,Ramping FWD PWM
82945,50255,2,Tower_C,FWD_COAST,0,0,0,3331,16032,72,3.9141,21.97,21.86,OK,70,2146,OPEN,Coasting to Stop
82990,50300,2,Tower_C,FWD_COAST,0,0,0,3341,16042,10,3.9165,3.26,3.24,OK,56,2136,OPEN,Coasting to Stop
83035,50345,2,Tower_C,FWD_COAST,0,0,0,3348,16049,7,3.9182,2.28,2.27,OK,52,2125,OPEN,Coasting to Stop
83080,50390,2,Tower_C,FWD_COAST,0,0,0,3347,16048,-1,3.9180,-0.33,-0.32,OK,50,2110,OPEN,Coasting to Stop
83125,50435,2,Tower_C,FWD_COAST,0,0,0,3342,16043,-5,3.9167,-1.63,-1.62,OK,50,2083,OPEN,Coasting to Stop
83172,50482,2,Tower_C,FWD_COAST,0,0,0,3339,16040,-3,3.9160,-0.94,-0.93,OK,52,2066,OPEN,Coasting to Stop
83217,50527,2,Tower_C,FWD_COAST,0,0,0,3333,16034,-6,3.9146,-1.95,-1.94,OK,54,2072,OPEN,Coasting to Stop
83262,50572,2,Tower_C,FWD_COAST,0,0,0,3326,16027,-7,3.9128,-2.28,-2.27,OK,56,2073,OPEN,Coasting to Stop
83307,50617,2,Tower_C,FWD_COAST,0,0,0,3318,16019,-8,3.9109,-2.60,-2.59,OK,56,2056,OPEN,Coasting to Stop
83352,50662,2,Tower_C,FWD_COAST,0,0,0,3309,16010,-9,3.9087,-2.93,-2.91,OK,58,2075,OPEN,Coasting to Stop
83399,50709,2,Tower_C,FWD_COAST,0,0,0,3298,15999,-11,3.9060,-3.43,-3.41,OK,58,2074,OPEN,Coasting to Stop
83444,50754,2,Tower_C,FWD_COAST,0,0,0,3285,15986,-13,3.9028,-4.23,-4.21,OK,58,2069,OPEN,Coasting to Stop
83489,50799,2,Tower_C,FWD_COAST,0,0,0,3273,15974,-12,3.8999,-3.91,-3.89,OK,58,2058,OPEN,Coasting to Stop
83534,50844,2,Tower_C,FWD_COAST,0,0,0,3263,15964,-10,3.8975,-3.26,-3.24,OK,60,2066,OPEN,Coasting to Stop
83579,50889,2,Tower_C,FWD_COAST,0,0,0,3250,15951,-13,3.8943,-4.23,-4.21,OK,64,2068,OPEN,Coasting to Stop
83626,50936,2,Tower_C,FWD_COAST,0,0,0,3239,15940,-11,3.8916,-3.43,-3.41,OK,70,2072,OPEN,Coasting to Stop
83671,50981,2,Tower_C,FWD_COAST,0,0,0,3223,15924,-16,3.8877,-5.21,-5.18,OK,74,2064,OPEN,Coasting to Stop
83716,51026,2,Tower_C,FWD_COAST,0,0,0,3209,15910,-14,3.8843,-4.56,-4.53,OK,80,2053,OPEN,Coasting to Stop
83761,51071,2,Tower_C,FWD_COAST,0,0,0,3192,15893,-17,3.8801,-5.53,-5.51,OK,88,2065,OPEN,Coasting to Stop
83806,51116,2,Tower_C,FWD_COAST,0,0,0,3172,15873,-20,3.8752,-6.51,-6.48,OK,98,2064,OPEN,Coasting to Stop
83853,51163,2,Tower_C,FWD_COAST,0,0,0,3151,15852,-21,3.8701,-6.55,-6.51,OK,108,2060,OPEN,Coasting to Stop
83898,51208,2,Tower_C,FWD_COAST,0,0,0,3132,15833,-19,3.8655,-6.18,-6.15,OK,120,2054,OPEN,Coasting to Stop
83943,51253,2,Tower_C,FWD_COAST,0,0,0,3109,15810,-23,3.8599,-7.49,-7.45,OK,132,2066,OPEN,Coasting to Stop
83988,51298,2,Tower_C,REV_RAMP,-60,60,0,3089,15790,-20,3.8550,-6.51,-6.48,OK,144,2067,OPEN,Ramping REV PWM
84033,51343,2,Tower_C,REV_RAMP,-60,60,0,3060,15761,-29,3.8479,-9.44,-9.39,OK,152,2058,OPEN,Ramping REV PWM
84080,51390,2,Tower_C,REV_RAMP,-60,60,0,3016,15718,-43,3.8374,-13.40,-13.33,OK,154,2059,OPEN,Ramping REV PWM
84125,51435,2,Tower_C,REV_RAMP,-60,60,0,2965,15666,-52,3.8247,-16.93,-16.84,OK,166,2066,OPEN,Ramping REV PWM
84170,51480,2,Tower_C,REV_RAMP,-60,60,0,2902,15603,-63,3.8093,-20.51,-20.40,OK,176,2045,OPEN,Ramping REV PWM
84215,51525,2,Tower_C,REV_RAMP,-60,60,0,2835,15536,-67,3.7930,-21.81,-21.70,OK,204,2057,OPEN,Ramping REV PWM
84262,51572,2,Tower_C,REV_RAMP,-60,60,0,2756,15458,-78,3.7739,-24.31,-24.18,OK,240,2058,OPEN,Ramping REV PWM
84307,51617,2,Tower_C,REV_RAMP,-60,60,0,2676,15378,-80,3.7544,-26.04,-25.91,OK,255,1883,OPEN,Ramping REV PWM
84352,51662,2,Tower_C,REV_RAMP,-60,60,0,2594,15296,-82,3.7344,-26.69,-26.55,FAULT,255,1726,OPEN,Ramping REV PWM
84397,51707,2,Tower_C,REV_RAMP,-60,60,0,2516,15217,-79,3.7151,-25.72,-25.58,FAULT,255,1644,OPEN,Ramping REV PWM
84442,51752,2,Tower_C,REV_RAMP,-60,60,0,2467,15168,-49,3.7031,-15.95,-15.87,FAULT,255,1676,OPEN,Ramping REV PWM
84489,51799,2,Tower_C,REV_RAMP,-60,60,0,2436,15138,-30,3.6958,-9.35,-9.30,OK,255,1874,OPEN,Ramping REV PWM
84534,51844,2,Tower_C,REV_RAMP,-60,60,0,2394,15096,-42,3.6855,-13.67,-13.60,OK,255,2015,OPEN,Ramping REV PWM
84579,51889,2,Tower_C,REV_RAMP,-60,60,0,2342,15044,-52,3.6729,-16.93,-16.84,OK,253,2092,OPEN,Ramping REV PWM
84624,51934,2,Tower_C,REV_RAMP,-60,60,0,2290,14992,-52,3.6602,-16.93,-16.84,OK,255,2056,OPEN,Ramping REV PWM
84669,51979,2,Tower_C,REV_RAMP,-60,60,0,2245,14946,-46,3.6489,-14.97,-14.90,OK,255,2060,OPEN,Ramping REV PWM
84716,52026,2,Tower_C,REV_RAMP,-60,60,0,2187,14889,-57,3.6350,-17.77,-17.67,OK,255,2119,OPEN,Ramping REV PWM
84761,52071,2,Tower_C,REV_RAMP,-60,60,0,2134,14835,-54,3.6218,-17.58,-17.49,OK,239,2133,OPEN,Ramping REV PWM
84806,52116,2,Tower_C,REV_RAMP,-60,60,0,2096,14797,-38,3.6125,-12.37,-12.31,OK,203,2134,OPEN,Ramping REV PWM
84851,52161,2,Tower_C,REV_RAMP,-60,60,0,2062,14763,-34,3.6042,-11.07,-11.01,OK,171,2142,OPEN,Ramping REV PWM
84898,52208,2,Tower_C,REV_RAMP,-60,60,0,2027,14728,-35,3.5957,-10.91,-10.85,OK,139,2135,OPEN,Ramping REV PWM
84943,52253,2,Tower_C,REV_RAMP,-60,60,0,1990,14692,-36,3.5869,-11.72,-11.66,OK,115,2140,OPEN,Ramping REV PWM
84988,52298,2,Tower_C,REV_RAMP,-60,60,0,1954,14655,-37,3.5779,-12.04,-11.98,OK,99,2127,OPEN,Ramping REV PWM
85033,52343,2,Tower_C,REV_RAMP,-60,60,0,1899,14600,-55,3.5645,-17.90,-17.81,OK,91,2139,OPEN,Ramping REV PWM
85094,52404,2,Tower_C,REV_RAMP,-60,60,0,1843,14544,-56,3.5508,-13.45,-13.38,OK,71,2130,OPEN,Ramping REV PWM
85141,52451,2,Tower_C,REV_RAMP,-60,60,0,1802,14504,-40,3.5410,-12.47,-12.40,OK,63,2116,OPEN,Ramping REV PWM
85186,52496,2,Tower_C,REV_RAMP,-60,60,0,1759,14461,-43,3.5305,-14.00,-13.93,OK,59,2133,OPEN,Ramping REV PWM
85231,52541,2,Tower_C,REV_RAMP,-60,60,0,1713,14414,-47,3.5190,-15.30,-15.22,OK,55,2134,OPEN,Ramping REV PWM
85276,52586,2,Tower_C,REV_RAMP,-60,60,0,1660,14361,-53,3.5061,-17.25,-17.16,OK,49,2113,OPEN,Ramping REV PWM
85321,52631,2,Tower_C,REV_RAMP,-60,60,0,1614,14316,-45,3.4951,-14.65,-14.57,OK,47,2120,OPEN,Ramping REV PWM
85368,52678,2,Tower_C,REV_RAMP,-60,60,0,1565,14267,-49,3.4832,-15.27,-15.19,OK,47,2131,OPEN,Ramping REV PWM
85413,52723,2,Tower_C,REV_RAMP,-60,60,0,1514,14216,-51,3.4707,-16.60,-16.52,OK,47,2125,OPEN,Ramping REV PWM
85458,52768,2,Tower_C,REV_RAMP,-60,60,0,1464,14166,-50,3.4585,-16.28,-16.19,OK,47,2105,OPEN,Ramping REV PWM
85503,52813,2,Tower_C,REV_RAMP,-100,100,0,1414,14116,-50,3.4463,-16.28,-16.19,OK,47,2065,OPEN,Ramping REV PWM
85548,52858,2,Tower_C,REV_RAMP,-100,100,0,1365,14067,-49,3.4343,-15.95,-15.87,OK,51,2067,OPEN,Ramping REV PWM
85595,52905,2,Tower_C,REV_RAMP,-100,100,0,1294,13996,-71,3.4170,-22.13,-22.01,OK,55,2050,OPEN,Ramping REV PWM
85640,52950,2,Tower_C,REV_RAMP,-100,100,0,1225,13927,-69,3.4001,-22.46,-22.34,OK,67,2074,OPEN,Ramping REV PWM
85685,52995,2,Tower_C,REV_RAMP,-100,100,0,1157,13859,-68,3.3835,-22.14,-22.02,OK,75,2065,OPEN,Ramping REV PWM
85730,53040,2,Tower_C,REV_RAMP,-100,100,0,1081,13783,-76,3.3650,-24.74,-24.61,OK,83,2052,OPEN,Ramping REV PWM
85777,53087,2,Tower_C,REV_RAMP,-100,100,0,992,13694,-89,3.3433,-27.74,-27.60,OK,107,2054,OPEN,Ramping REV PWM
85822,53132,2,Tower_C,REV_RAMP,-100,100,0,913,13615,-79,3.3240,-25.72,-25.58,OK,127,2045,OPEN,Ramping REV PWM
85867,53177,2,Tower_C,REV_RAMP,-100,100,0,825,13527,-88,3.3025,-28.65,-28.50,OK,153,2061,OPEN,Ramping REV PWM
85912,53222,2,Tower_C,REV_RAMP,-100,100,0,716,13418,-109,3.2759,-35.48,-35.30,OK,199,2046,OPEN,Ramping REV PWM
85957,53267,2,Tower_C,REV_RAMP,-100,100,0,621,13323,-95,3.2527,-30.92,-30.76,OK,223,2057,OPEN,Ramping REV PWM
86004,53314,2,Tower_C,REV_RAMP,-100,100,0,527,13229,-94,3.2297,-29.30,-29.15,OK,241,2056,OPEN,Ramping REV PWM
86049,53359,2,Tower_C,REV_RAMP,-100,100,0,441,13142,-87,3.2085,-28.32,-28.17,OK,255,2027,OPEN,Ramping REV PWM
86094,53404,2,Tower_C,REV_RAMP,-100,100,0,373,13075,-67,3.1921,-21.81,-21.70,OK,255,2031,OPEN,Ramping REV PWM
86139,53449,2,Tower_C,REV_RAMP,-100,100,0,305,13007,-68,3.1755,-22.14,-22.02,OK,255,2134,OPEN,Ramping REV PWM
86184,53494,2,Tower_C,REV_RAMP,-100,100,0,235,12937,-70,3.1584,-22.79,-22.67,OK,243,2144,OPEN,Ramping REV PWM
86231,53541,2,Tower_C,REV_RAMP,-100,100,0,166,12868,-69,3.1416,-21.51,-21.39,OK,223,2141,OPEN,Ramping REV PWM
86276,53586,2,Tower_C,REV_RAMP,-100,100,0,93,12795,-73,3.1238,-23.76,-23.64,OK,197,2152,OPEN,Ramping REV PWM
86321,53631,2,Tower_C,REV_RAMP,-100,100,0,18,12719,-76,3.1052,-24.74,-24.61,OK,167,2140,OPEN,Ramping REV PWM
86366,53676,2,Tower_C,REV_RAMP,-100,100,0,4049,12655,-64,3.0896,-20.83,-20.73,OK,141,2140,OPEN,Ramping REV PWM
86413,53723,2,Tower_C,REV_RAMP,-100,100,0,3986,12591,-64,3.0740,-19.95,-19.84,OK,115,2131,OPEN,Ramping REV PWM
86458,53768,2,Tower_C,REV_RAMP,-100,100,0,3917,12522,-69,3.0571,-22.46,-22.34,OK,95,2130,OPEN,Ramping REV PWM
86503,53813,2,Tower_C,REV_RAMP,-100,100,0,3856,12462,-60,3.0425,-19.53,-19.43,OK,83,2139,OPEN,Ramping REV PWM
86548,53858,2,Tower_C,REV_RAMP,-100,100,0,3793,12399,-63,3.0271,-20.51,-20.40,OK,73,2132,OPEN,Ramping REV PWM
86593,53903,2,Tower_C,REV_RAMP,-100,100,0,3722,12328,-71,3.0098,-23.11,-22.99,OK,65,2144,OPEN,Ramping REV PWM
86640,53950,2,Tower_C,REV_RAMP,-100,100,0,3652,12258,-70,2.9927,-21.82,-21.70,OK,57,2119,OPEN,Ramping REV PWM
86685,53995,2,Tower_C,REV_RAMP,-100,100,0,3577,12183,-75,2.9744,-24.41,-24.29,OK,53,2130,OPEN,Ramping REV PWM
86730,54040,2,Tower_C,REV_RAMP,-100,100,0,3507,12112,-71,2.9570,-23.11,-22.99,OK,47,2111,OPEN,Ramping REV PWM
86775,54085,2,Tower_C,REV_RAMP,-100,100,0,3443,12049,-63,2.9417,-20.51,-20.40,OK,47,2137,OPEN,Ramping REV PWM
86820,54130,2,Tower_C,REV_RAMP,-100,100,0,3372,11977,-72,2.9241,-23.44,-23.32,OK,45,2102,OPEN,Ramping REV PWM
86867,54177,2,Tower_C,REV_RAMP,-100,100,0,3294,11899,-78,2.9050,-24.31,-24.18,OK,45,2073,OPEN,Ramping REV PWM
86912,54222,2,Tower_C,REV_RAMP,-100,100,0,3228,11833,-66,2.8889,-21.48,-21.37,OK,47,2063,OPEN,Ramping REV PWM
86957,54267,2,Tower_C,REV_RAMP,-100,100,0,3146,11752,-81,2.8691,-26.37,-26.23,OK,51,2066,OPEN,Ramping REV PWM
87002,54312,2,Tower_C,REV_RAMP,-100,100,0,3074,11679,-73,2.8513,-23.76,-23.64,OK,61,2057,OPEN,Ramping REV PWM
87049,54359,2,Tower_C,REV_RAMP,-140,140,0,3000,11606,-73,2.8335,-22.75,-22.63,OK,63,2075,OPEN,Ramping REV PWM
87094,54404,2,Tower_C,REV_RAMP,-140,140,0,2921,11526,-80,2.8140,-26.04,-25.91,OK,69,2060,OPEN,Ramping REV PWM
87139,54449,2,Tower_C,REV_RAMP,-140,140,0,2837,11443,-83,2.7937,-27.02,-26.88,OK,79,2064,OPEN,Ramping REV PWM
87184,54494,2,Tower_C,REV_RAMP,-140,140,0,2745,11351,-92,2.7712,-29.95,-29.79,OK,83,2072,OPEN,Ramping REV PWM
87229,54539,2,Tower_C,REV_RAMP,-140,140,0,2643,11249,-102,2.7463,-33.20,-33.03,OK,87,2053,OPEN,Ramping REV PWM
87276,54586,2,Tower_C,REV_RAMP,-140,140,0,2535,11141,-108,2.7200,-33.66,-33.49,OK,95,2050,OPEN,Ramping REV PWM
87321,54631,2,Tower_C,REV_RAMP,-140,140,0,2429,11035,-106,2.6941,-34.51,-34.33,OK,101,2071,OPEN,Ramping REV PWM
87366,54676,2,Tower_C,REV_RAMP,-140,140,0,2336,10941,-94,2.6711,-30.60,-30.44,OK,101,2096,OPEN,Ramping REV PWM
87411,54721,2,Tower_C,REV_RAMP,-140,140,0,2237,10843,-98,2.6472,-31.90,-31.74,OK,99,2119,OPEN,Ramping REV PWM
87458,54768,2,Tower_C,REV_RAMP,-140,140,0,2145,10751,-92,2.6248,-28.67,-28.53,OK,97,2137,OPEN,Ramping REV PWM
87503,54813,2,Tower_C,REV_RAMP,-140,140,0,2055,10661,-90,2.6028,-29.30,-29.15,OK,89,2133,OPEN,Ramping REV PWM
87548,54858,2,Tower_C,REV_RAMP,-140,140,0,1973,10579,-82,2.5828,-26.69,-26.55,OK,85,2131,OPEN,Ramping REV PWM
87593,54903,2,Tower_C,REV_RAMP,-140,140,0,1888,10494,-85,2.5620,-27.67,-27.53,OK,81,2139,OPEN,Ramping REV PWM
87638,54948,2,Tower_C,REV_RAMP,-140,140,0,1800,10405,-89,2.5403,-28.97,-28.82,OK,77,2141,OPEN,Ramping REV PWM
87685,54995,2,Tower_C,REV_RAMP,-140,140,0,1705,10311,-94,2.5173,-29.30,-29.15,OK,75,2120,OPEN,Ramping REV PWM
87730,55040,2,Tower_C,REV_RAMP,-140,140,0,1611,10216,-95,2.4941,-30.92,-30.76,OK,71,2128,OPEN,Ramping REV PWM
87775,55085,2,Tower_C,REV_RAMP,-140,140,0,1511,10117,-99,2.4700,-32.23,-32.06,OK,61,2117,OPEN,Ramping REV PWM
87820,55130,2,Tower_C,REV_RAMP,-140,140,0,1408,10014,-103,2.4448,-33.53,-33.36,OK,61,2125,OPEN,Ramping REV PWM
87865,55175,2,Tower_C,REV_RAMP,-140,140,0,1313,9919,-95,2.4216,-30.92,-30.76,OK,61,2096,OPEN,Ramping REV PWM
87912,55222,2,Tower_C,REV_RAMP,-140,140,0,1206,9811,-108,2.3953,-33.66,-33.49,OK,61,2067,OPEN,Ramping REV PWM
87957,55267,2,Tower_C,REV_RAMP,-140,140,0,1114,9720,-91,2.3730,-29.62,-29.47,OK,65,2057,OPEN,Ramping REV PWM
88002,55312,2,Tower_C,REV_RAMP,-140,140,0,1014,9619,-101,2.3484,-32.88,-32.71,OK,73,2058,OPEN,Ramping REV PWM
88047,55357,2,Tower_C,REV_RAMP,-140,140,0,921,9527,-92,2.3259,-29.95,-29.79,OK,77,2049,OPEN,Ramping REV PWM
88094,55404,2,Tower_C,REV_RAMP,-140,140,0,817,9423,-104,2.3005,-32.41,-32.25,OK,83,2066,OPEN,Ramping REV PWM
88139,55449,2,Tower_C,REV_RAMP,-140,140,0,723,9329,-94,2.2776,-30.60,-30.44,OK,93,2067,OPEN,Ramping REV PWM
88184,55494,2,Tower_C,REV_RAMP,-140,140,0,615,9221,-108,2.2512,-35.16,-34.97,OK,101,2069,OPEN,Ramping REV PWM
88229,55539,2,Tower_C,REV_RAMP,-140,140,0,503,9109,-112,2.2239,-36.46,-36.27,OK,105,2050,OPEN,Ramping REV PWM
88274,55584,2,Tower_C,REV_RAMP,-140,140,0,409,9015,-94,2.2009,-30.60,-30.44,OK,107,2068,OPEN,Ramping REV PWM
88321,55631,2,Tower_C,REV_RAMP,-140,140,0,303,8909,-106,2.1750,-33.04,-32.87,OK,107,2097,OPEN,Ramping REV PWM
88366,55676,2,Tower_C,REV_RAMP,-140,140,0,212,8818,-91,2.1528,-29.62,-29.47,OK,105,2127,OPEN,Ramping REV PWM
88411,55721,2,Tower_C,REV_RAMP,-140,140,0,124,8730,-88,2.1313,-28.65,-28.50,OK,99,2130,OPEN,Ramping REV PWM
88456,55766,2,Tower_C,REV_RAMP,-140,140,0,40,8645,-85,2.1106,-27.67,-27.53,OK,91,2124,OPEN,Ramping REV PWM
88501,55811,2,Tower_C,REV_RAMP,-140,140,0,4054,8564,-81,2.0908,-26.37,-26.23,OK,87,2135,OPEN,Ramping REV PWM
88548,55858,2,Tower_C,REV_RAMP,-140,140,0,3963,8473,-91,2.0686,-28.36,-28.22,OK,83,2132,OPEN,Ramping REV PWM
88593,55903,2,Tower_C,REV_RAMP,-180,180,0,3879,8389,-84,2.0481,-27.34,-27.20,OK,81,2138,OPEN,Ramping REV PWM
88638,55948,2,Tower_C,REV_RAMP,-180,180,0,3769,8279,-110,2.0212,-35.81,-35.62,OK,77,2131,OPEN,Ramping REV PWM
88683,55993,2,Tower_C,REV_RAMP,-180,180,0,3666,8176,-103,1.9961,-33.53,-33.36,OK,75,2133,OPEN,Ramping REV PWM
88728,56038,2,Tower_C,REV_RAMP,-180,180,0,3548,8058,-118,1.9673,-38.41,-38.21,OK,71,2124,OPEN,Ramping REV PWM
88775,56085,2,Tower_C,REV_RAMP,-180,180,0,3429,7939,-119,1.9382,-37.09,-36.90,OK,67,2118,OPEN,Ramping REV PWM
88820,56130,2,Tower_C,REV_RAMP,-180,180,0,3308,7818,-121,1.9087,-39.39,-39.18,OK,65,2125,OPEN,Ramping REV PWM
88865,56175,2,Tower_C,REV_RAMP,-180,180,0,3197,7707,-111,1.8816,-36.13,-35.95,OK,63,2115,OPEN,Ramping REV PWM
88910,56220,2,Tower_C,REV_RAMP,-180,180,0,3081,7591,-116,1.8533,-37.76,-37.57,OK,63,2078,OPEN,Ramping REV PWM
88957,56267,2,Tower_C,REV_RAMP,-180,180,0,2966,7476,-115,1.8252,-35.84,-35.66,OK,67,2062,OPEN,Ramping REV PWM
89002,56312,2,Tower_C,REV_RAMP,-180,180,0,2842,7352,-124,1.7949,-40.36,-40.16,OK,75,2053,OPEN,Ramping REV PWM
89047,56357,2,Tower_C,REV_RAMP,-180,180,0,2716,7226,-126,1.7642,-41.02,-40.80,OK,83,2060,OPEN,Ramping REV PWM
89092,56402,2,Tower_C,REV_RAMP,-180,180,0,2589,7099,-127,1.7332,-41.34,-41.13,OK,89,2079,OPEN,Ramping REV PWM
89137,56447,2,Tower_C,REV_RAMP,-180,180,0,2452,6962,-137,1.6997,-44.60,-44.37,OK,93,2075,OPEN,Ramping REV PWM
89184,56494,2,Tower_C,REV_RAMP,-180,180,0,2331,6841,-121,1.6702,-37.71,-37.52,OK,93,2087,OPEN,Ramping REV PWM
89229,56539,2,Tower_C,REV_RAMP,-180,180,0,2209,6719,-122,1.6404,-39.71,-39.51,OK,93,2144,OPEN,Ramping REV PWM
89274,56584,2,Tower_C,REV_RAMP,-180,180,0,2101,6611,-108,1.6140,-35.16,-34.97,OK,89,2139,OPEN,Ramping REV PWM
89319,56629,2,Tower_C,REV_RAMP,-180,180,0,1995,6505,-106,1.5881,-34.51,-34.33,OK,83,2131,OPEN,Ramping REV PWM
89364,56674,2,Tower_C,REV_RAMP,-180,180,0,1881,6391,-114,1.5603,-37.11,-36.92,OK,79,2113,OPEN,Ramping REV PWM
89411,56721,2,Tower_C,REV_RAMP,-180,180,0,1774,6284,-107,1.5342,-33.35,-33.18,OK,77,2141,OPEN,Ramping REV PWM
89456,56766,2,Tower_C,REV_RAMP,-180,180,0,1648,6158,-126,1.5034,-41.02,-40.80,OK,73,2118,OPEN,Ramping REV PWM
89501,56811,2,Tower_C,REV_RAMP,-180,180,0,1528,6039,-119,1.4744,-38.74,-38.54,OK,71,2119,OPEN,Ramping REV PWM
89546,56856,2,Tower_C,REV_RAMP,-180,180,0,1399,5909,-130,1.4426,-42.32,-42.10,OK,69,2142,OPEN,Ramping REV PWM
89604,56914,2,Tower_C,REV_RAMP,-180,180,0,1238,5749,-160,1.4036,-40.41,-40.20,OK,67,2135,OPEN,Ramping REV PWM
89650,56960,2,Tower_C,REV_RAMP,-180,180,0,1120,5631,-118,1.3748,-37.58,-37.38,OK,67,2102,OPEN,Ramping REV PWM
89695,57005,2,Tower_C,REV_RAMP,-180,180,0,999,5508,-123,1.3447,-40.04,-39.83,OK,69,2064,OPEN,Ramping REV PWM
89740,57050,2,Tower_C,REV_RAMP,-180,180,0,886,5396,-112,1.3174,-36.46,-36.27,OK,77,2063,OPEN,Ramping REV PWM
89785,57095,2,Tower_C,REV_RAMP,-180,180,0,754,5265,-131,1.2854,-42.64,-42.42,OK,89,2069,OPEN,Ramping REV PWM
89833,57143,2,Tower_C,REV_RAMP,-180,180,0,618,5128,-137,1.2520,-41.81,-41.59,OK,99,2047,OPEN,Ramping REV PWM
89878,57188,2,Tower_C,REV_RAMP,-180,180,0,481,4991,-137,1.2185,-44.60,-44.37,OK,105,2059,OPEN,Ramping REV PWM
89923,57233,2,Tower_C,REV_RAMP,-180,180,0,354,4865,-126,1.1877,-41.02,-40.80,OK,107,2082,OPEN,Ramping REV PWM
89968,57278,2,Tower_C,REV_RAMP,-180,180,0,222,4732,-133,1.1553,-43.29,-43.07,OK,107,2105,OPEN,Ramping REV PWM
90013,57323,2,Tower_C,REV_RAMP,-180,180,0,100,4610,-122,1.1255,-39.71,-39.51,OK,103,2142,OPEN,Ramping REV PWM
90060,57370,2,Tower_C,REV_RAMP,-180,180,0,4083,4497,-113,1.0979,-35.22,-35.04,OK,95,2116,OPEN,Ramping REV PWM
90105,57415,2,Tower_C,REV_RAMP,-220,220,0,3971,4385,-112,1.0706,-36.46,-36.27,OK,89,2125,OPEN,Ramping REV PWM
90150,57460,2,Tower_C,REV_RAMP,-220,220,0,3856,4270,-115,1.0425,-37.43,-37.24,OK,83,2120,OPEN,Ramping REV PWM
90195,57505,2,Tower_C,REV_RAMP,-220,220,0,3727,4141,-129,1.0110,-41.99,-41.78,OK,75,2123,OPEN,Ramping REV PWM
90242,57552,2,Tower_C,REV_RAMP,-220,220,0,3579,3993,-148,0.9749,-46.13,-45.89,OK,71,2137,OPEN,Ramping REV PWM
90405,57715,2,Tower_C,REV_RAMP,-220,220,0,3091,3505,-488,0.8557,-43.86,-43.63,OK,63,2110,OPEN,Ramping REV PWM
90450,57760,2,Tower_C,REV_RAMP,-220,220,0,2957,3371,-134,0.8230,-43.62,-43.39,OK,65,2056,OPEN,Ramping REV PWM
90495,57805,2,Tower_C,REV_RAMP,-220,220,0,2825,3240,-131,0.7910,-42.64,-42.42,OK,73,2050,OPEN,Ramping REV PWM
90540,57850,2,Tower_C,REV_RAMP,-220,220,0,2670,3085,-155,0.7532,-50.46,-50.20,OK,81,2051,OPEN,Ramping REV PWM
90587,57897,2,Tower_C,REV_RAMP,-220,220,0,2515,2930,-155,0.7153,-48.31,-48.06,OK,87,2068,OPEN,Ramping REV PWM
90632,57942,2,Tower_C,REV_RAMP,-220,220,0,2368,2782,-148,0.6792,-48.18,-47.93,OK,87,2062,OPEN,Ramping REV PWM
90677,57987,2,Tower_C,REV_RAMP,-220,220,0,2224,2639,-143,0.6443,-46.55,-46.31,OK,87,2094,OPEN,Ramping REV PWM
90722,58032,2,Tower_C,REV_RAMP,-220,220,0,2093,2507,-132,0.6121,-42.97,-42.75,OK,85,2124,OPEN,Ramping REV PWM
90877,58187,2,Tower_C,REV_RAMP,-220,220,0,1639,2054,-453,0.5015,-42.81,-42.59,OK,73,2120,OPEN,Ramping REV PWM
90922,58232,2,Tower_C,REV_RAMP,-220,220,0,1492,1907,-147,0.4656,-47.85,-47.60,OK,71,2135,OPEN,Ramping REV PWM
90967,58277,2,Tower_C,REV_RAMP,-220,220,0,1345,1759,-148,0.4294,-48.18,-47.93,OK,67,2112,OPEN,Ramping REV PWM
91012,58322,2,Tower_C,REV_RAMP,-220,220,0,1197,1611,-148,0.3933,-48.18,-47.93,OK,67,2128,OPEN,Ramping REV PWM
91057,58367,2,Tower_C,REV_RAMP,-220,220,0,1061,1475,-136,0.3601,-44.27,-44.04,OK,67,2089,OPEN,Ramping REV PWM
91104,58414,2,Tower_C,REV_RAMP,-220,220,0,901,1316,-159,0.3213,-49.56,-49.30,OK,75,2057,OPEN,Ramping REV PWM
91149,58459,2,Tower_C,REV_RAMP,-220,220,0,752,1166,-150,0.2847,-48.83,-48.58,OK,89,2061,OPEN,Ramping REV PWM
91301,58611,2,Tower_C,REV_RAMP,-220,220,0,229,643,-523,0.1570,-50.40,-50.14,OK,105,2124,OPEN,Ramping REV PWM
91346,58656,2,Tower_C,REV_RAMP,-220,220,0,93,507,-136,0.1238,-44.27,-44.04,OK,99,2146,OPEN,Ramping REV PWM
91391,58701,2,Tower_C,REV_RAMP,-220,220,0,4066,384,-123,0.0938,-40.04,-39.83,OK,89,2140,OPEN,Ramping REV PWM
91438,58748,2,Tower_C,REV_RAMP,-220,220,0,3934,252,-132,0.0615,-41.14,-40.93,OK,81,2120,OPEN,Ramping REV PWM
91483,58793,2,Tower_C,REV_RAMP,-220,220,0,3799,117,-135,0.0286,-43.95,-43.72,OK,79,2134,OPEN,Ramping REV PWM
91528,58838,2,Tower_C,REV_RAMP,-220,220,0,3663,-19,-136,-0.0046,-44.27,-44.04,OK,75,2146,OPEN,Ramping REV PWM
91573,58883,2,Tower_C,REV_RAMP,-220,220,0,3514,-168,-149,-0.0410,-48.50,-48.25,OK,69,2132,OPEN,Ramping REV PWM
91618,58928,2,Tower_C,REV_RAMP,-255,255,0,3373,-308,-140,-0.0752,-45.57,-45.34,OK,65,2137,OPEN,Ramping REV PWM
91775,59085,2,Tower_C,REV_RAMP,-255,255,0,2861,-821,-513,-0.2004,-47.86,-47.62,OK,71,2050,OPEN,Ramping REV PWM
91820,59130,2,Tower_C,REV_RAMP,-255,255,0,2700,-982,-161,-0.2397,-52.41,-52.14,OK,81,2071,OPEN,Ramping REV PWM
91865,59175,2,Tower_C,REV_RAMP,-255,255,0,2527,-1155,-173,-0.2820,-56.32,-56.02,OK,85,2058,OPEN,Ramping REV PWM
91910,59220,2,Tower_C,REV_RAMP,-255,255,0,2357,-1325,-170,-0.3235,-55.34,-55.05,OK,87,2076,OPEN,Ramping REV PWM
91957,59267,2,Tower_C,REV_RAMP,-255,255,0,2187,-1495,-170,-0.3650,-52.98,-52.71,OK,85,2118,OPEN,Ramping REV PWM
92002,59312,2,Tower_C,REV_RAMP,-255,255,0,2037,-1644,-149,-0.4014,-48.50,-48.25,OK,81,2126,OPEN,Ramping REV PWM
92047,59357,2,Tower_C,REV_RAMP,-255,255,0,1885,-1797,-153,-0.4387,-49.80,-49.55,OK,79,2136,OPEN,Ramping REV PWM
92092,59402,2,Tower_C,REV_RAMP,-255,255,0,1733,-1948,-151,-0.4756,-49.15,-48.90,OK,75,2123,OPEN,Ramping REV PWM
92137,59447,2,Tower_C,REV_RAMP,-255,255,0,1554,-2127,-179,-0.5193,-58.27,-57.97,OK,73,2133,OPEN,Ramping REV PWM
92184,59494,2,Tower_C,REV_RAMP,-255,255,0,1370,-2311,-184,-0.5642,-57.35,-57.05,OK,69,2123,OPEN,Ramping REV PWM
92229,59539,2,Tower_C,REV_RAMP,-255,255,0,1199,-2483,-172,-0.6062,-55.99,-55.70,OK,69,2131,OPEN,Ramping REV PWM
92274,59584,2,Tower_C,REV_RAMP,-255,255,0,1036,-2646,-163,-0.6460,-53.06,-52.79,OK,69,2067,OPEN,Ramping REV PWM
92319,59629,2,Tower_C,REV_RAMP,-255,255,0,885,-2797,-151,-0.6829,-49.15,-48.90,OK,77,2048,OPEN,Ramping REV PWM
92366,59676,2,Tower_C,REV_RAMP,-255,255,0,708,-2973,-176,-0.7258,-54.85,-54.57,OK,89,2053,OPEN,Ramping REV PWM
92411,59721,2,Tower_C,REV_RAMP,-255,255,0,527,-3154,-181,-0.7700,-58.92,-58.62,OK,97,2067,OPEN,Ramping REV PWM
92456,59766,2,Tower_C,REV_RAMP,-255,255,0,362,-3319,-165,-0.8103,-53.71,-53.43,OK,97,2066,OPEN,Ramping REV PWM
92501,59811,2,Tower_C,REV_RAMP,-255,255,0,210,-3472,-153,-0.8477,-49.80,-49.55,OK,97,2129,OPEN,Ramping REV PWM
92546,59856,2,Tower_C,REV_RAMP,-255,255,0,58,-3623,-151,-0.8845,-49.15,-48.90,OK,89,2142,OPEN,Ramping REV PWM
92593,59903,2,Tower_C,REV_RAMP,-255,255,0,4026,-3752,-129,-0.9160,-40.21,-40.00,OK,81,2134,OPEN,Ramping REV PWM
92638,59948,2,Tower_C,REV_RAMP,-255,255,0,3894,-3884,-132,-0.9482,-42.97,-42.75,OK,75,2120,OPEN,Ramping REV PWM
92683,59993,2,Tower_C,REV_RAMP,-255,255,0,3740,-4037,-153,-0.9856,-49.80,-49.55,OK,71,2109,OPEN,Ramping REV PWM
92728,60038,2,Tower_C,REV_RAMP,-255,255,0,3573,-4205,-168,-1.0266,-54.69,-54.41,OK,71,2115,OPEN,Ramping REV PWM
92775,60085,2,Tower_C,REV_RAMP,-255,255,0,3398,-4379,-174,-1.0691,-54.23,-53.95,OK,71,2132,OPEN,Ramping REV PWM
92820,60130,2,Tower_C,REV_RAMP,-255,255,0,3242,-4536,-157,-1.1074,-51.11,-50.84,OK,71,2129,OPEN,Ramping REV PWM
92865,60175,2,Tower_C,REV_RAMP,-255,255,0,3086,-4692,-156,-1.1455,-50.78,-50.52,OK,71,2102,OPEN,Ramping REV PWM
92910,60220,2,Tower_C,REV_RAMP,-255,255,0,2941,-4836,-144,-1.1807,-46.87,-46.63,OK,73,2054,OPEN,Ramping REV PWM
92955,60265,2,Tower_C,REV_RAMP,-255,255,0,2786,-4991,-155,-1.2185,-50.46,-50.20,OK,79,2054,OPEN,Ramping REV PWM
93002,60312,2,Tower_C,REV_RAMP,-255,255,0,2618,-5159,-168,-1.2595,-52.36,-52.09,OK,81,2114,OPEN,Ramping REV PWM
93047,60357,2,Tower_C,REV_RAMP,-255,255,0,2444,-5333,-174,-1.3020,-56.64,-56.35,OK,79,2120,OPEN,Ramping REV PWM
93092,60402,2,Tower_C,REV_RAMP,-255,255,0,2276,-5502,-169,-1.3433,-55.01,-54.73,OK,73,2118,OPEN,Ramping REV PWM
93137,60447,2,Tower_C,REV_COAST,0,0,0,2131,-5647,-145,-1.3787,-47.20,-46.96,OK,71,2135,OPEN,Coasting to Stop
93182,60492,2,Tower_C,REV_COAST,0,0,0,2050,-5729,-82,-1.3987,-26.69,-26.55,OK,69,2124,OPEN,Coasting to Stop
93229,60539,2,Tower_C,REV_COAST,0,0,0,2001,-5777,-48,-1.4104,-14.96,-14.88,OK,69,2122,OPEN,Coasting to Stop
93274,60584,2,Tower_C,REV_COAST,0,0,0,1973,-5806,-29,-1.4175,-9.44,-9.39,OK,69,2117,OPEN,Coasting to Stop
93319,60629,2,Tower_C,REV_COAST,0,0,0,1953,-5826,-20,-1.4224,-6.51,-6.48,OK,69,2115,OPEN,Coasting to Stop
93364,60674,2,Tower_C,REV_COAST,0,0,0,1934,-5845,-19,-1.4270,-6.18,-6.15,OK,69,2112,OPEN,Coasting to Stop
93411,60721,2,Tower_C,REV_COAST,0,0,0,1920,-5859,-14,-1.4304,-4.36,-4.34,OK,69,2105,OPEN,Coasting to Stop
93456,60766,2,Tower_C,REV_COAST,0,0,0,1908,-5871,-12,-1.4333,-3.91,-3.89,OK,69,2103,OPEN,Coasting to Stop
93501,60811,2,Tower_C,REV_COAST,0,0,0,1900,-5879,-8,-1.4353,-2.60,-2.59,OK,69,2100,OPEN,Coasting to Stop
93546,60856,2,Tower_C,REV_COAST,0,0,0,1895,-5884,-5,-1.4365,-1.63,-1.62,OK,69,2098,OPEN,Coasting to Stop
93591,60901,2,Tower_C,REV_COAST,0,0,0,1892,-5887,-3,-1.4373,-0.98,-0.97,OK,69,2098,OPEN,Coasting to Stop
93638,60948,2,Tower_C,REV_COAST,0,0,0,1890,-5889,-2,-1.4377,-0.62,-0.62,OK,69,2098,OPEN,Coasting to Stop
93683,60993,2,Tower_C,REV_COAST,0,0,0,1890,-5889,0,-1.4377,0.00,0.00,OK,69,2097,OPEN,Coasting to Stop
93728,61038,2,Tower_C,REV_COAST,0,0,0,1890,-5889,0,-1.4377,0.00,0.00,OK,69,2097,OPEN,Coasting to Stop
93773,61083,2,Tower_C,REV_COAST,0,0,0,1890,-5889,0,-1.4377,0.00,0.00,OK,69,2098,OPEN,Coasting to Stop
93818,61128,2,Tower_C,REV_COAST,0,0,0,1890,-5889,0,-1.4377,0.00,0.00,OK,69,2097,OPEN,Coasting to Stop
93865,61175,2,Tower_C,REV_COAST,0,0,0,1890,-5889,0,-1.4377,0.00,0.00,OK,69,2099,OPEN,Coasting to Stop
93910,61220,2,Tower_C,REV_COAST,0,0,0,1890,-5889,0,-1.4377,0.00,0.00,OK,69,2099,OPEN,Coasting to Stop
93955,61265,2,Tower_C,REV_COAST,0,0,0,1890,-5889,0,-1.4377,0.00,0.00,OK,69,2098,OPEN,Coasting to Stop
94000,61310,2,Tower_C,REV_COAST,0,0,0,1890,-5889,0,-1.4377,0.00,0.00,OK,69,2098,OPEN,Coasting to Stop
94045,61355,2,Tower_C,REV_COAST,0,0,0,1890,-5889,0,-1.4377,0.00,0.00,OK,69,2098,OPEN,Coasting to Stop
94092,61402,2,Tower_C,REV_COAST,0,0,0,1890,-5889,0,-1.4377,0.00,0.00,OK,69,2097,OPEN,Coasting to Stop
94137,61447,2,Tower_C,REV_COAST,0,0,0,1890,-5889,0,-1.4377,0.00,0.00,OK,69,2100,OPEN,Coasting to Stop
Summary,Motor_2,Tower_C,I2C,PASS,Magnet,OK,MinFwdPWM,60,MinRevPWM,60,MaxFwdRPM,66.70,MaxRevRPM,58.92,TotalFwdCounts,15960,TotalRevCounts,-21462,StallAt255,NO
94311,61621,3,Extruder,FWD_RAMP,60,0,60,2211,0,0,0.0000,0.00,0.00,OK,121,2134,OPEN,Ramping FWD PWM
94355,61665,3,Extruder,FWD_RAMP,60,0,60,2211,0,0,0.0000,0.00,0.00,OK,121,2133,OPEN,Ramping FWD PWM
94402,61712,3,Extruder,FWD_RAMP,60,0,60,2274,63,63,0.0154,19.64,19.53,OK,121,2094,OPEN,Ramping FWD PWM
94447,61757,3,Extruder,FWD_RAMP,60,0,60,2353,142,79,0.0347,25.72,25.58,OK,121,2069,OPEN,Ramping FWD PWM
94492,61802,3,Extruder,FWD_RAMP,60,0,60,2419,208,66,0.0508,21.48,21.37,OK,123,2068,OPEN,Ramping FWD PWM
94537,61847,3,Extruder,FWD_RAMP,60,0,60,2485,273,65,0.0667,21.16,21.05,OK,123,2049,OPEN,Ramping FWD PWM
94582,61892,3,Extruder,FWD_RAMP,60,0,60,2548,337,64,0.0823,20.83,20.73,OK,127,2057,OPEN,Ramping FWD PWM
94629,61939,3,Extruder,FWD_RAMP,60,0,60,2587,376,39,0.0918,12.16,12.09,OK,127,2061,OPEN,Ramping FWD PWM
94674,61984,3,Extruder,FWD_RAMP,60,0,60,2626,415,39,0.1013,12.70,12.63,OK,127,2048,OPEN,Ramping FWD PWM
94719,62029,3,Extruder,FWD_RAMP,60,0,60,2667,456,41,0.1113,13.35,13.28,OK,129,2050,OPEN,Ramping FWD PWM
94764,62074,3,Extruder,FWD_RAMP,60,0,60,2696,485,29,0.1184,9.44,9.39,OK,131,2067,OPEN,Ramping FWD PWM
94809,62119,3,Extruder,FWD_RAMP,60,0,60,2716,505,20,0.1233,6.51,6.48,OK,131,2063,OPEN,Ramping FWD PWM
94856,62166,3,Extruder,FWD_RAMP,60,0,60,2741,530,25,0.1294,7.79,7.75,OK,131,2053,OPEN,Ramping FWD PWM
94901,62211,3,Extruder,FWD_RAMP,60,0,60,2746,535,5,0.1306,1.63,1.62,OK,131,2051,OPEN,Ramping FWD PWM
94946,62256,3,Extruder,FWD_RAMP,60,0,60,2746,535,0,0.1306,0.00,0.00,OK,131,2052,OPEN,Ramping FWD PWM
94991,62301,3,Extruder,FWD_RAMP,60,0,60,2746,535,0,0.1306,0.00,0.00,OK,131,2052,OPEN,Ramping FWD PWM
95036,62346,3,Extruder,FWD_RAMP,60,0,60,2746,535,0,0.1306,0.00,0.00,OK,131,2051,OPEN,Ramping FWD PWM
95083,62393,3,Extruder,FWD_RAMP,60,0,60,2746,535,0,0.1306,0.00,0.00,OK,131,2053,OPEN,Ramping FWD PWM
95128,62438,3,Extruder,FWD_RAMP,60,0,60,2747,536,1,0.1309,0.33,0.32,OK,131,2053,OPEN,Ramping FWD PWM
95173,62483,3,Extruder,FWD_RAMP,60,0,60,2747,536,0,0.1309,0.00,0.00,OK,131,2052,OPEN,Ramping FWD PWM
95218,62528,3,Extruder,FWD_RAMP,60,0,60,2746,536,0,0.1309,0.00,0.00,OK,131,2051,OPEN,Ramping FWD PWM
95263,62573,3,Extruder,FWD_RAMP,60,0,60,2747,536,0,0.1309,0.00,0.00,OK,131,2052,OPEN,Ramping FWD PWM
95310,62620,3,Extruder,FWD_RAMP,60,0,60,2747,536,0,0.1309,0.00,0.00,OK,131,2052,OPEN,Ramping FWD PWM
95355,62665,3,Extruder,FWD_RAMP,60,0,60,2746,535,-1,0.1306,-0.33,-0.32,OK,131,2053,OPEN,Ramping FWD PWM
95400,62710,3,Extruder,FWD_RAMP,60,0,60,2747,536,1,0.1309,0.33,0.32,OK,131,2051,OPEN,Ramping FWD PWM
95445,62755,3,Extruder,FWD_RAMP,60,0,60,2747,536,0,0.1309,0.00,0.00,OK,131,2053,OPEN,Ramping FWD PWM
95490,62800,3,Extruder,FWD_RAMP,60,0,60,2747,536,0,0.1309,0.00,0.00,OK,131,2051,OPEN,Ramping FWD PWM
95537,62847,3,Extruder,FWD_RAMP,60,0,60,2747,536,0,0.1309,0.00,0.00,OK,131,2052,OPEN,Ramping FWD PWM
95582,62892,3,Extruder,FWD_RAMP,60,0,60,2747,536,0,0.1309,0.00,0.00,OK,131,2053,OPEN,Ramping FWD PWM
95627,62937,3,Extruder,FWD_RAMP,60,0,60,2747,536,0,0.1309,0.00,0.00,OK,131,2052,OPEN,Ramping FWD PWM
95672,62982,3,Extruder,FWD_RAMP,60,0,60,2747,536,0,0.1309,0.00,0.00,OK,131,2052,OPEN,Ramping FWD PWM
95717,63027,3,Extruder,FWD_RAMP,60,0,60,2747,536,0,0.1309,0.00,0.00,OK,131,2053,OPEN,Ramping FWD PWM
95764,63074,3,Extruder,FWD_RAMP,60,0,60,2747,536,0,0.1309,0.00,0.00,OK,131,2052,OPEN,Ramping FWD PWM
95809,63119,3,Extruder,FWD_RAMP,60,0,60,2747,536,0,0.1309,0.00,0.00,OK,131,2052,OPEN,Ramping FWD PWM
95854,63164,3,Extruder,FWD_RAMP,100,0,100,2747,536,0,0.1309,0.00,0.00,OK,131,2052,OPEN,Ramping FWD PWM
95899,63209,3,Extruder,FWD_RAMP,100,0,100,2830,618,82,0.1509,26.69,26.55,OK,133,2053,OPEN,Ramping FWD PWM
95944,63254,3,Extruder,FWD_RAMP,100,0,100,2995,783,165,0.1912,53.71,53.43,OK,137,2053,OPEN,Ramping FWD PWM
95991,63301,3,Extruder,FWD_RAMP,100,0,100,3164,952,169,0.2324,52.67,52.40,OK,141,2056,OPEN,Ramping FWD PWM
96036,63346,3,Extruder,FWD_RAMP,100,0,100,3319,1107,155,0.2703,50.46,50.20,OK,147,2060,OPEN,Ramping FWD PWM
96307,63617,3,Extruder,FWD_RAMP,100,0,100,843,2725,1618,0.6653,87.46,87.01,OK,125,2126,OPEN,Ramping FWD PWM
96579,63889,3,Extruder,FWD_RAMP,100,0,100,3010,797,-1928,0.1946,-103.83,-103.30,OK,137,2060,OPEN,Ramping FWD PWM
96822,64132,3,Extruder,FWD_RAMP,100,0,100,51,1933,1136,0.4719,68.48,68.13,OK,129,2124,OPEN,Ramping FWD PWM
96869,64179,3,Extruder,FWD_RAMP,100,0,100,412,2293,360,0.5598,112.20,111.62,OK,127,2122,OPEN,Ramping FWD PWM
96914,64224,3,Extruder,FWD_RAMP,100,0,100,799,2681,388,0.6545,126.30,125.65,OK,127,2141,OPEN,Ramping FWD PWM
96959,64269,3,Extruder,FWD_RAMP,100,0,100,1183,3065,384,0.7483,125.00,124.35,OK,123,2112,OPEN,Ramping FWD PWM
97004,64314,3,Extruder,FWD_RAMP,100,0,100,1598,3480,415,0.8496,135.09,134.39,OK,123,2066,OPEN,Ramping FWD PWM
97051,64361,3,Extruder,FWD_RAMP,100,0,100,2022,3904,424,0.9531,132.15,131.47,OK,119,2121,OPEN,Ramping FWD PWM
97096,64406,3,Extruder,FWD_RAMP,100,0,100,2372,4255,351,1.0388,114.26,113.67,OK,121,2051,OPEN,Ramping FWD PWM
97141,64451,3,Extruder,FWD_RAMP,100,0,100,2711,4593,338,1.1213,110.03,109.46,OK,131,2057,OPEN,Ramping FWD PWM
97186,64496,3,Extruder,FWD_RAMP,100,0,100,2983,4866,273,1.1880,88.87,88.41,OK,137,2052,OPEN,Ramping FWD PWM
97231,64541,3,Extruder,FWD_RAMP,100,0,100,3181,5065,199,1.2366,64.78,64.44,OK,141,2051,OPEN,Ramping FWD PWM
97278,64588,3,Extruder,FWD_RAMP,100,0,100,3369,5252,187,1.2822,58.28,57.98,OK,149,2062,OPEN,Ramping FWD PWM
97323,64633,3,Extruder,FWD_RAMP,100,0,100,3547,5430,178,1.3257,57.94,57.64,OK,151,2058,OPEN,Ramping FWD PWM
97368,64678,3,Extruder,FWD_RAMP,140,0,140,3753,5636,206,1.3760,67.06,66.71,OK,151,2085,OPEN,Ramping FWD PWM
97413,64723,3,Extruder,FWD_RAMP,140,0,140,4075,5956,320,1.4541,104.17,103.63,OK,133,2138,OPEN,Ramping FWD PWM
97458,64768,3,Extruder,FWD_RAMP,140,0,140,452,6428,472,1.5693,153.65,152.85,OK,127,2121,OPEN,Ramping FWD PWM
97505,64815,3,Extruder,FWD_RAMP,140,0,140,1038,7014,586,1.7124,182.64,181.70,OK,123,2128,OPEN,Ramping FWD PWM
97550,64860,3,Extruder,FWD_RAMP,140,0,140,1662,7638,624,1.8647,203.12,202.08,OK,123,2076,OPEN,Ramping FWD PWM
97595,64905,3,Extruder,FWD_RAMP,140,0,140,2220,8196,558,2.0010,181.64,180.70,OK,119,2089,OPEN,Ramping FWD PWM
97640,64950,3,Extruder,FWD_RAMP,140,0,140,2777,8754,558,2.1372,181.64,180.70,OK,133,2059,OPEN,Ramping FWD PWM
97688,64998,3,Extruder,FWD_RAMP,140,0,140,3273,9250,496,2.2583,151.37,150.59,OK,145,2049,OPEN,Ramping FWD PWM
97733,65043,3,Extruder,FWD_RAMP,140,0,140,3717,9695,445,2.3669,144.86,144.11,OK,151,2074,OPEN,Ramping FWD PWM
97778,65088,3,Extruder,FWD_RAMP,140,0,140,86,10159,464,2.4802,151.04,150.26,OK,129,2138,OPEN,Ramping FWD PWM
97824,65134,3,Extruder,FWD_RAMP,140,0,140,643,10714,555,2.6157,176.74,175.82,OK,127,2111,OPEN,Ramping FWD PWM
97870,65180,3,Extruder,FWD_RAMP,140,0,140,1223,11294,580,2.7573,184.70,183.74,OK,123,2101,OPEN,Ramping FWD PWM
97918,65228,3,Extruder,FWD_RAMP,140,0,140,1875,11946,652,2.9165,198.97,197.95,OK,123,2138,OPEN,Ramping FWD PWM
97963,65273,3,Extruder,FWD_RAMP,140,0,140,2431,12503,557,3.0525,181.32,180.38,OK,125,2065,OPEN,Ramping FWD PWM
98008,65318,3,Extruder,FWD_RAMP,140,0,140,2981,13053,550,3.1868,179.04,178.11,OK,137,2052,OPEN,Ramping FWD PWM
98053,65363,3,Extruder,FWD_RAMP,140,0,140,3407,13481,428,3.2913,139.32,138.60,OK,151,2065,OPEN,Ramping FWD PWM
98098,65408,3,Extruder,FWD_RAMP,140,0,140,3848,13921,440,3.3987,143.23,142.49,OK,151,2148,OPEN,Ramping FWD PWM
98145,65455,3,Extruder,FWD_RAMP,140,0,140,238,14407,486,3.5173,151.47,150.69,OK,127,2133,OPEN,Ramping FWD PWM
98190,65500,3,Extruder,FWD_RAMP,140,0,140,826,14993,586,3.6604,190.76,189.77,OK,125,2125,OPEN,Ramping FWD PWM
98235,65545,3,Extruder,FWD_RAMP,140,0,140,1419,15587,594,3.8054,193.36,192.36,OK,123,2072,OPEN,Ramping FWD PWM
98280,65590,3,Extruder,FWD_RAMP,140,0,140,2031,16199,612,3.9548,199.22,198.19,OK,119,2122,OPEN,Ramping FWD PWM
98327,65637,3,Extruder,FWD_RAMP,140,0,140,2618,16786,587,4.0981,182.95,182.01,OK,127,2053,OPEN,Ramping FWD PWM
98372,65682,3,Extruder,FWD_RAMP,140,0,140,3113,17281,495,4.2190,161.13,160.30,OK,139,2049,OPEN,Ramping FWD PWM
98417,65727,3,Extruder,FWD_RAMP,140,0,140,3566,17736,455,4.3301,148.11,147.35,OK,151,2054,OPEN,Ramping FWD PWM
98462,65772,3,Extruder,FWD_RAMP,140,0,140,4012,18180,444,4.4385,144.53,143.79,OK,135,2133,OPEN,Ramping FWD PWM
98507,65817,3,Extruder,FWD_RAMP,140,0,140,438,18703,523,4.5662,170.25,169.37,OK,127,2123,OPEN,Ramping FWD PWM
98554,65864,3,Extruder,FWD_RAMP,140,0,140,1037,19300,597,4.7119,186.07,185.11,OK,123,2125,OPEN,Ramping FWD PWM
98599,65909,3,Extruder,FWD_RAMP,140,0,140,1636,19898,598,4.8579,194.66,193.66,OK,123,2079,OPEN,Ramping FWD PWM
98644,65954,3,Extruder,FWD_RAMP,140,0,140,2215,20478,580,4.9995,188.80,187.83,OK,119,2087,OPEN,Ramping FWD PWM
98689,65999,3,Extruder,FWD_RAMP,140,0,140,2782,21047,569,5.1384,185.22,184.27,OK,133,2057,OPEN,Ramping FWD PWM
98734,66044,3,Extruder,FWD_RAMP,140,0,140,3243,21509,462,5.2512,150.39,149.61,OK,145,2058,OPEN,Ramping FWD PWM
98781,66091,3,Extruder,FWD_RAMP,140,0,140,3696,21960,451,5.3613,140.56,139.84,OK,151,2067,OPEN,Ramping FWD PWM
98826,66136,3,Extruder,FWD_RAMP,140,0,140,47,22408,448,5.4707,145.83,145.08,OK,129,2127,OPEN,Ramping FWD PWM
98871,66181,3,Extruder,FWD_RAMP,180,0,180,586,22945,537,5.6018,174.80,173.90,OK,127,2106,OPEN,Ramping FWD PWM
98916,66226,3,Extruder,FWD_RAMP,180,0,180,1231,23588,643,5.7588,209.31,208.23,OK,123,2090,OPEN,Ramping FWD PWM
98963,66273,3,Extruder,FWD_RAMP,180,0,180,2024,24382,794,5.9526,247.47,246.19,OK,121,2145,OPEN,Ramping FWD PWM
99008,66318,3,Extruder,FWD_RAMP,180,0,180,2740,25100,718,6.1279,233.72,232.52,OK,133,2069,OPEN,Ramping FWD PWM
99053,66363,3,Extruder,FWD_RAMP,180,0,180,3420,25778,678,6.2935,220.70,219.56,OK,151,2060,OPEN,Ramping FWD PWM
99098,66408,3,Extruder,FWD_RAMP,180,0,180,4092,26452,674,6.4580,219.40,218.27,OK,131,2133,OPEN,Ramping FWD PWM
99143,66453,3,Extruder,FWD_RAMP,180,0,180,738,27192,740,6.6387,240.89,239.64,OK,127,2130,OPEN,Ramping FWD PWM
99190,66500,3,Extruder,FWD_RAMP,180,0,180,1533,27986,794,6.8325,247.47,246.19,OK,123,2072,OPEN,Ramping FWD PWM
99235,66545,3,Extruder,FWD_RAMP,180,0,180,2302,28755,769,7.0203,250.33,249.03,OK,119,2059,OPEN,Ramping FWD PWM
99280,66590,3,Extruder,FWD_RAMP,180,0,180,3054,29509,754,7.2043,245.44,244.18,OK,139,2055,OPEN,Ramping FWD PWM
99325,66635,3,Extruder,FWD_RAMP,180,0,180,3719,30176,667,7.3672,217.12,216.00,OK,151,2078,OPEN,Ramping FWD PWM
99372,66682,3,Extruder,FWD_RAMP,180,0,180,313,30863,687,7.5349,214.12,213.01,OK,127,2139,OPEN,Ramping FWD PWM
99417,66727,3,Extruder,FWD_RAMP,180,0,180,1084,31633,770,7.7229,250.65,249.36,OK,123,2108,OPEN,Ramping FWD PWM
99462,66772,3,Extruder,FWD_RAMP,180,0,180,1910,32460,827,7.9248,269.21,267.82,OK,121,2130,OPEN,Ramping FWD PWM
99507,66817,3,Extruder,FWD_RAMP,180,0,180,2653,33204,744,8.1064,242.19,240.94,OK,129,2046,OPEN,Ramping FWD PWM
99552,66862,3,Extruder,FWD_RAMP,180,0,180,3354,33904,700,8.2773,227.86,226.69,OK,149,2057,OPEN,Ramping FWD PWM
99599,66909,3,Extruder,FWD_RAMP,180,0,180,4070,34621,717,8.4524,223.47,222.31,OK,133,2141,OPEN,Ramping FWD PWM
99644,66954,3,Extruder,FWD_RAMP,180,0,180,715,35362,741,8.6333,241.21,239.97,OK,127,2123,OPEN,Ramping FWD PWM
99689,66999,3,Extruder,FWD_RAMP,180,0,180,1478,36125,763,8.8196,248.37,247.09,OK,123,2068,OPEN,Ramping FWD PWM
99734,67044,3,Extruder,FWD_RAMP,180,0,180,2257,36903,778,9.0095,253.26,251.95,OK,119,2069,OPEN,Ramping FWD PWM
99779,67089,3,Extruder,FWD_RAMP,180,0,180,3015,37663,760,9.1951,247.40,246.12,OK,139,2066,OPEN,Ramping FWD PWM
99826,67136,3,Extruder,FWD_RAMP,180,0,180,3714,38360,697,9.3652,217.23,216.11,OK,151,2072,OPEN,Ramping FWD PWM
99871,67181,3,Extruder,FWD_RAMP,180,0,180,281,39023,663,9.5271,215.82,214.71,OK,127,2134,OPEN,Ramping FWD PWM
99916,67226,3,Extruder,FWD_RAMP,180,0,180,1054,39796,773,9.7158,251.63,250.33,OK,123,2092,OPEN,Ramping FWD PWM
99961,67271,3,Extruder,FWD_RAMP,180,0,180,1881,40624,828,9.9180,269.53,268.14,OK,123,2142,OPEN,Ramping FWD PWM
100008,67318,3,Extruder,FWD_RAMP,180,0,180,2661,41403,779,10.1082,242.79,241.54,OK,129,2066,OPEN,Ramping FWD PWM
100053,67363,3,Extruder,FWD_RAMP,180,0,180,3360,42102,699,10.2788,227.54,226.36,OK,149,2054,OPEN,Ramping FWD PWM
100098,67408,3,Extruder,FWD_RAMP,180,0,180,4049,42791,689,10.4470,224.28,223.13,OK,133,2130,OPEN,Ramping FWD PWM
100143,67453,3,Extruder,FWD_RAMP,180,0,180,692,43529,738,10.6272,240.23,238.99,OK,127,2137,OPEN,Ramping FWD PWM
100188,67498,3,Extruder,FWD_RAMP,180,0,180,1452,44289,760,10.8127,247.40,246.12,OK,123,2072,OPEN,Ramping FWD PWM
100235,67545,3,Extruder,FWD_RAMP,180,0,180,2264,45103,814,11.0115,253.70,252.39,OK,119,2066,OPEN,Ramping FWD PWM
100280,67590,3,Extruder,FWD_RAMP,180,0,180,3021,45860,757,11.1963,246.42,245.15,OK,139,2065,OPEN,Ramping FWD PWM
100325,67635,3,Extruder,FWD_RAMP,180,0,180,3693,46530,670,11.3599,218.10,216.97,OK,151,2067,OPEN,Ramping FWD PWM
100370,67680,3,Extruder,FWD_RAMP,180,0,180,259,47195,665,11.5222,216.47,215.35,OK,127,2124,OPEN,Ramping FWD PWM
100417,67727,3,Extruder,FWD_RAMP,220,0,220,1062,47997,802,11.7180,249.96,248.67,OK,123,2097,OPEN,Ramping FWD PWM
100462,67772,3,Extruder,FWD_RAMP,220,0,220,1954,48887,890,11.9353,289.71,288.22,OK,121,2138,OPEN,Ramping FWD PWM
100507,67817,3,Extruder,FWD_RAMP,220,0,220,2840,49774,887,12.1519,288.74,287.25,OK,135,2059,OPEN,Ramping FWD PWM
100552,67862,3,Extruder,FWD_RAMP,220,0,220,3742,50674,900,12.3716,292.97,291.46,OK,151,2088,OPEN,Ramping FWD PWM
100597,67907,3,Extruder,FWD_RAMP,220,0,220,556,51586,912,12.5942,296.88,295.34,OK,125,2107,OPEN,Ramping FWD PWM
100644,67954,3,Extruder,FWD_RAMP,220,0,220,1564,52591,1005,12.8396,313.23,311.61,OK,123,2077,OPEN,Ramping FWD PWM
100689,67999,3,Extruder,FWD_RAMP,220,0,220,2531,53558,967,13.0757,314.78,313.15,OK,129,2045,OPEN,Ramping FWD PWM
100734,68044,3,Extruder,FWD_RAMP,220,0,220,3453,54481,923,13.3010,300.46,298.90,OK,151,2055,OPEN,Ramping FWD PWM
100779,68089,3,Extruder,FWD_RAMP,220,0,220,243,55368,887,13.5176,288.74,287.25,OK,126,2123,OPEN,Ramping FWD PWM
100826,68136,3,Extruder,FWD_RAMP,220,0,220,1258,56381,1013,13.7649,315.72,314.09,OK,124,2094,OPEN,Ramping FWD PWM
100871,68181,3,Extruder,FWD_RAMP,220,0,220,2248,57373,992,14.0071,322.92,321.25,OK,120,2080,OPEN,Ramping FWD PWM
100916,68226,3,Extruder,FWD_RAMP,220,0,220,3181,58307,934,14.2351,304.04,302.47,OK,142,2042,OPEN,Ramping FWD PWM
100961,68271,3,Extruder,FWD_RAMP,220,0,220,10,59230,923,14.4604,300.46,298.90,OK,132,2150,OPEN,Ramping FWD PWM
101006,68316,3,Extruder,FWD_RAMP,220,0,220,962,60182,952,14.6929,309.90,308.30,OK,124,2134,OPEN,Ramping FWD PWM
101053,68363,3,Extruder,FWD_RAMP,220,0,220,1986,61206,1024,14.9429,319.15,317.50,OK,120,2134,OPEN,Ramping FWD PWM
101098,68408,3,Extruder,FWD_RAMP,220,0,220,2945,62164,958,15.1768,311.85,310.24,OK,138,2060,OPEN,Ramping FWD PWM
101143,68453,3,Extruder,FWD_RAMP,220,0,220,3840,63061,897,15.3958,291.99,290.48,OK,150,2148,OPEN,Ramping FWD PWM
101188,68498,3,Extruder,FWD_RAMP,220,0,220,657,63972,911,15.6182,296.55,295.02,OK,125,2109,OPEN,Ramping FWD PWM
101235,68545,3,Extruder,FWD_RAMP,220,0,220,1710,65027,1055,15.8757,328.81,327.11,OK,123,2107,OPEN,Ramping FWD PWM
101280,68590,3,Extruder,FWD_RAMP,220,0,220,2654,65971,944,16.1062,307.29,305.71,OK,129,2064,OPEN,Ramping FWD PWM
101325,68635,3,Extruder,FWD_RAMP,220,0,220,3573,66890,919,16.3306,299.15,297.61,OK,151,2056,OPEN,Ramping FWD PWM
101370,68680,3,Extruder,FWD_RAMP,220,0,220,394,67805,915,16.5540,297.85,296.31,OK,125,2119,OPEN,Ramping FWD PWM
101415,68725,3,Extruder,FWD_RAMP,220,0,220,1351,68763,958,16.7878,311.85,310.24,OK,123,2074,OPEN,Ramping FWD PWM
101462,68772,3,Extruder,FWD_RAMP,220,0,220,2367,69782,1019,17.0366,317.59,315.95,OK,123,2062,OPEN,Ramping FWD PWM
101507,68817,3,Extruder,FWD_RAMP,220,0,220,3305,70718,936,17.2651,304.69,303.11,OK,147,2054,OPEN,Ramping FWD PWM
101552,68862,3,Extruder,FWD_RAMP,220,0,220,99,71609,891,17.4827,290.04,288.54,OK,128,2127,OPEN,Ramping FWD PWM
101597,68907,3,Extruder,FWD_RAMP,220,0,220,1053,72562,953,17.7153,310.22,308.62,OK,122,2121,OPEN,Ramping FWD PWM
101642,68952,3,Extruder,FWD_RAMP,220,0,220,2061,73570,1008,17.9614,328.12,326.43,OK,120,2137,OPEN,Ramping FWD PWM
101689,68999,3,Extruder,FWD_RAMP,220,0,220,3028,74539,969,18.1980,302.01,300.45,OK,138,2052,OPEN,Ramping FWD PWM
101734,69044,3,Extruder,FWD_RAMP,220,0,220,3957,75464,925,18.4238,301.11,299.55,OK,138,2132,OPEN,Ramping FWD PWM
101779,69089,3,Extruder,FWD_RAMP,220,0,220,792,76395,931,18.6511,303.06,301.50,OK,126,2137,OPEN,Ramping FWD PWM
101824,69134,3,Extruder,FWD_RAMP,220,0,220,1770,77373,978,18.8899,318.36,316.72,OK,124,2125,OPEN,Ramping FWD PWM
101871,69181,3,Extruder,FWD_RAMP,220,0,220,2780,78383,1010,19.1365,314.79,313.16,OK,134,2062,OPEN,Ramping FWD PWM
101916,69226,3,Extruder,FWD_RAMP,220,0,220,3675,79279,896,19.3552,291.67,290.16,OK,152,2080,OPEN,Ramping FWD PWM
101985,69295,3,Extruder,FWD_RAMP,255,0,255,993,80693,1414,19.7004,300.19,298.64,OK,123,2121,OPEN,Ramping FWD PWM
102100,69410,3,Extruder,FWD_RAMP,255,0,255,3749,79350,-1343,19.3726,-171.07,-170.19,OK,153,2110,OPEN,Ramping FWD PWM
102272,69582,3,Extruder,FWD_RAMP,255,0,255,3975,79578,228,19.4282,19.42,19.32,OK,134,2132,OPEN,Ramping FWD PWM
102493,69803,3,Extruder,FWD_RAMP,255,0,255,1368,81065,1487,19.7913,98.56,98.05,OK,123,2074,OPEN,Ramping FWD PWM
102538,69848,3,Extruder,FWD_RAMP,255,0,255,2530,82227,1162,20.0750,378.26,376.30,OK,131,2067,OPEN,Ramping FWD PWM
102583,69893,3,Extruder,FWD_RAMP,255,0,255,3663,83363,1136,20.3523,369.79,367.88,OK,151,2072,OPEN,Ramping FWD PWM
102628,69938,3,Extruder,FWD_RAMP,255,0,255,682,84475,1112,20.6238,361.98,360.11,OK,127,2131,OPEN,Ramping FWD PWM
102675,69985,3,Extruder,FWD_RAMP,255,0,255,1924,85718,1243,20.9272,387.40,385.40,OK,121,2136,OPEN,Ramping FWD PWM
102720,70030,3,Extruder,FWD_RAMP,255,0,255,3034,86830,1112,21.1987,361.98,360.11,OK,139,2059,OPEN,Ramping FWD PWM
102765,70075,3,Extruder,FWD_RAMP,255,0,255,68,87958,1128,21.4741,367.19,365.29,OK,130,2136,OPEN,Ramping FWD PWM
102810,70120,3,Extruder,FWD_RAMP,255,0,255,1205,89095,1137,21.7517,370.12,368.21,OK,122,2090,OPEN,Ramping FWD PWM
102855,70165,3,Extruder,FWD_RAMP,255,0,255,2360,90250,1155,22.0337,375.98,374.04,OK,122,2057,OPEN,Ramping FWD PWM
102902,70212,3,Extruder,FWD_RAMP,255,0,255,3548,91440,1190,22.3242,370.89,368.97,OK,152,2065,OPEN,Ramping FWD PWM
102947,70257,3,Extruder,FWD_RAMP,255,0,255,554,92540,1100,22.5928,358.07,356.22,OK,127,2126,OPEN,Ramping FWD PWM
102992,70302,3,Extruder,FWD_RAMP,255,0,255,1756,93742,1202,22.8862,391.28,389.26,OK,123,2115,OPEN,Ramping FWD PWM
103037,70347,3,Extruder,FWD_RAMP,255,0,255,2872,94861,1119,23.1594,364.26,362.38,OK,135,2046,OPEN,Ramping FWD PWM
103084,70394,3,Extruder,FWD_RAMP,255,0,255,4060,96046,1185,23.4487,369.33,367.42,OK,135,2142,OPEN,Ramping FWD PWM
103129,70439,3,Extruder,FWD_RAMP,255,0,255,1088,97173,1127,23.7239,366.86,364.97,OK,121,2098,OPEN,Ramping FWD PWM
103174,70484,3,Extruder,FWD_RAMP,255,0,255,2240,98322,1149,24.0044,374.02,372.09,OK,119,2075,OPEN,Ramping FWD PWM
103219,70529,3,Extruder,FWD_RAMP,255,0,255,3378,99460,1138,24.2822,370.44,368.53,OK,149,2050,OPEN,Ramping FWD PWM
103264,70574,3,Extruder,FWD_RAMP,255,0,255,362,100539,1079,24.5457,351.24,349.42,OK,125,2128,OPEN,Ramping FWD PWM
103311,70621,3,Extruder,FWD_RAMP,255,0,255,1625,101802,1263,24.8540,393.64,391.61,OK,123,2088,OPEN,Ramping FWD PWM
103356,70666,3,Extruder,FWD_RAMP,255,0,255,2756,102937,1135,25.1311,369.47,367.56,OK,133,2052,OPEN,Ramping FWD PWM
103401,70711,3,Extruder,FWD_RAMP,255,0,255,3881,104060,1123,25.4053,365.56,363.67,OK,145,2184,OPEN,Ramping FWD PWM
103446,70756,3,Extruder,FWD_RAMP,255,0,255,916,105190,1130,25.6812,367.84,365.94,OK,124,2141,OPEN,Ramping FWD PWM
103493,70803,3,Extruder,FWD_COAST,0,0,0,2053,106331,1141,25.9597,355.61,353.78,OK,120,2135,OPEN,Coasting to Stop
103538,70848,3,Extruder,FWD_COAST,0,0,0,2561,106843,512,26.0847,166.67,165.81,OK,128,2049,OPEN,Coasting to Stop
103583,70893,3,Extruder,FWD_COAST,0,0,0,2742,107026,183,26.1294,59.57,59.26,OK,132,2061,OPEN,Coasting to Stop
103628,70938,3,Extruder,FWD_COAST,0,0,0,2753,107038,12,26.1323,3.91,3.89,OK,132,2070,OPEN,Coasting to Stop
103673,70983,3,Extruder,FWD_COAST,0,0,0,2753,107038,0,26.1323,0.00,0.00,OK,132,2069,OPEN,Coasting to Stop
103720,71030,3,Extruder,FWD_COAST,0,0,0,2753,107038,0,26.1323,0.00,0.00,OK,132,2068,OPEN,Coasting to Stop
103765,71075,3,Extruder,FWD_COAST,0,0,0,2753,107038,0,26.1323,0.00,0.00,OK,132,2068,OPEN,Coasting to Stop
103810,71120,3,Extruder,FWD_COAST,0,0,0,2753,107038,0,26.1323,0.00,0.00,OK,132,2067,OPEN,Coasting to Stop
103855,71165,3,Extruder,FWD_COAST,0,0,0,2753,107038,0,26.1323,0.00,0.00,OK,132,2068,OPEN,Coasting to Stop
103900,71210,3,Extruder,FWD_COAST,0,0,0,2753,107038,0,26.1323,0.00,0.00,OK,132,2068,OPEN,Coasting to Stop
103947,71257,3,Extruder,FWD_COAST,0,0,0,2753,107038,0,26.1323,0.00,0.00,OK,132,2069,OPEN,Coasting to Stop
103992,71302,3,Extruder,FWD_COAST,0,0,0,2753,107038,0,26.1323,0.00,0.00,OK,132,2070,OPEN,Coasting to Stop
104037,71347,3,Extruder,FWD_COAST,0,0,0,2753,107038,0,26.1323,0.00,0.00,OK,132,2069,OPEN,Coasting to Stop
104082,71392,3,Extruder,FWD_COAST,0,0,0,2753,107038,0,26.1323,0.00,0.00,OK,132,2070,OPEN,Coasting to Stop
104129,71439,3,Extruder,FWD_COAST,0,0,0,2753,107038,0,26.1323,0.00,0.00,OK,132,2069,OPEN,Coasting to Stop
104174,71484,3,Extruder,FWD_COAST,0,0,0,2753,107038,0,26.1323,0.00,0.00,OK,132,2070,OPEN,Coasting to Stop
104219,71529,3,Extruder,FWD_COAST,0,0,0,2753,107038,0,26.1323,0.00,0.00,OK,132,2068,OPEN,Coasting to Stop
104264,71574,3,Extruder,FWD_COAST,0,0,0,2753,107038,0,26.1323,0.00,0.00,OK,132,2069,OPEN,Coasting to Stop
104309,71619,3,Extruder,FWD_COAST,0,0,0,2753,107038,0,26.1323,0.00,0.00,OK,132,2070,OPEN,Coasting to Stop
104356,71666,3,Extruder,FWD_COAST,0,0,0,2753,107038,0,26.1323,0.00,0.00,OK,132,2070,OPEN,Coasting to Stop
104401,71711,3,Extruder,FWD_COAST,0,0,0,2753,107038,0,26.1323,0.00,0.00,OK,132,2069,OPEN,Coasting to Stop
104446,71756,3,Extruder,FWD_COAST,0,0,0,2753,107038,0,26.1323,0.00,0.00,OK,132,2069,OPEN,Coasting to Stop
104491,71801,3,Extruder,FWD_COAST,0,0,0,2753,107038,0,26.1323,0.00,0.00,OK,132,2070,OPEN,Coasting to Stop
104536,71846,3,Extruder,REV_RAMP,-60,60,0,2753,107038,0,26.1323,0.00,0.00,OK,132,2070,OPEN,Ramping REV PWM
104583,71893,3,Extruder,REV_RAMP,-60,60,0,2753,107038,0,26.1323,0.00,0.00,OK,132,2077,OPEN,Ramping REV PWM
104628,71938,3,Extruder,REV_RAMP,-60,60,0,2698,106983,-55,26.1189,-17.90,-17.81,OK,132,2098,OPEN,Ramping REV PWM
104673,71983,3,Extruder,REV_RAMP,-60,60,0,2650,106936,-47,26.1074,-15.30,-15.22,OK,132,2109,OPEN,Ramping REV PWM
104718,72028,3,Extruder,REV_RAMP,-60,60,0,2605,106890,-46,26.0962,-14.97,-14.90,OK,132,2118,OPEN,Ramping REV PWM
104763,72073,3,Extruder,REV_RAMP,-60,60,0,2561,106846,-44,26.0854,-14.32,-14.25,OK,132,2127,OPEN,Ramping REV PWM
104820,72130,3,Extruder,REV_RAMP,-60,60,0,2489,106774,-72,26.0679,-18.50,-18.41,OK,130,2130,OPEN,Ramping REV PWM
104865,72175,3,Extruder,REV_RAMP,-60,60,0,2420,106706,-68,26.0513,-22.14,-22.02,OK,128,2134,OPEN,Ramping REV PWM
104910,72220,3,Extruder,REV_RAMP,-60,60,0,2346,106632,-74,26.0332,-24.09,-23.96,OK,126,2136,OPEN,Ramping REV PWM
104956,72266,3,Extruder,REV_RAMP,-60,60,0,2263,106549,-83,26.0129,-26.43,-26.29,OK,122,2124,OPEN,Ramping REV PWM
105004,72314,3,Extruder,REV_RAMP,-60,60,0,2163,106449,-100,25.9885,-30.52,-30.36,OK,120,2128,OPEN,Ramping REV PWM
105049,72359,3,Extruder,REV_RAMP,-60,60,0,2057,106343,-106,25.9626,-34.51,-34.33,OK,120,2132,OPEN,Ramping REV PWM
105094,72404,3,Extruder,REV_RAMP,-60,60,0,1934,106220,-123,25.9326,-40.04,-39.83,OK,120,2109,OPEN,Ramping REV PWM
105139,72449,3,Extruder,REV_RAMP,-60,60,0,1788,106074,-146,25.8970,-47.53,-47.28,OK,120,2065,OPEN,Ramping REV PWM
105184,72494,3,Extruder,REV_RAMP,-60,60,0,1619,105906,-168,25.8560,-54.69,-54.41,OK,122,2054,OPEN,Ramping REV PWM
105231,72541,3,Extruder,REV_RAMP,-60,60,0,1427,105714,-192,25.8091,-59.84,-59.53,OK,124,2078,OPEN,Ramping REV PWM
105276,72586,3,Extruder,REV_RAMP,-60,60,0,1236,105523,-191,25.7625,-62.17,-61.85,OK,124,2100,OPEN,Ramping REV PWM
105321,72631,3,Extruder,REV_RAMP,-60,60,0,1045,105332,-191,25.7158,-62.17,-61.85,OK,124,2110,OPEN,Ramping REV PWM
105366,72676,3,Extruder,REV_RAMP,-60,60,0,852,105139,-193,25.6687,-62.83,-62.50,OK,124,2104,OPEN,Ramping REV PWM
105413,72723,3,Extruder,REV_RAMP,-60,60,0,640,104927,-212,25.6169,-66.07,-65.73,OK,124,2070,OPEN,Ramping REV PWM
105458,72768,3,Extruder,REV_RAMP,-60,60,0,428,104715,-212,25.5652,-69.01,-68.65,OK,124,2063,OPEN,Ramping REV PWM
105503,72813,3,Extruder,REV_RAMP,-60,60,0,221,104507,-208,25.5144,-67.71,-67.36,OK,124,2062,OPEN,Ramping REV PWM
105548,72858,3,Extruder,REV_RAMP,-60,60,0,13,104300,-207,25.4639,-67.38,-67.03,OK,130,2065,OPEN,Ramping REV PWM
105593,72903,3,Extruder,REV_RAMP,-60,60,0,3897,104088,-212,25.4121,-69.01,-68.65,OK,144,2064,OPEN,Ramping REV PWM
105640,72950,3,Extruder,REV_RAMP,-60,60,0,3727,103917,-171,25.3704,-53.30,-53.02,OK,156,2047,OPEN,Ramping REV PWM
105685,72995,3,Extruder,REV_RAMP,-60,60,0,3701,103890,-27,25.3638,-8.79,-8.74,OK,158,2066,OPEN,Ramping REV PWM
105730,73040,3,Extruder,REV_RAMP,-60,60,0,3700,103889,-1,25.3635,-0.33,-0.32,OK,158,2066,OPEN,Ramping REV PWM
105775,73085,3,Extruder,REV_RAMP,-60,60,0,3700,103889,0,25.3635,0.00,0.00,OK,158,2068,OPEN,Ramping REV PWM
105822,73132,3,Extruder,REV_RAMP,-60,60,0,3700,103889,0,25.3635,0.00,0.00,OK,158,2069,OPEN,Ramping REV PWM
105867,73177,3,Extruder,REV_RAMP,-60,60,0,3700,103889,0,25.3635,0.00,0.00,OK,158,2070,OPEN,Ramping REV PWM
105912,73222,3,Extruder,REV_RAMP,-60,60,0,3700,103889,0,25.3635,0.00,0.00,OK,158,2070,OPEN,Ramping REV PWM
105957,73267,3,Extruder,REV_RAMP,-60,60,0,3700,103889,0,25.3635,0.00,0.00,OK,158,2069,OPEN,Ramping REV PWM
106002,73312,3,Extruder,REV_RAMP,-60,60,0,3700,103889,0,25.3635,0.00,0.00,OK,158,2069,OPEN,Ramping REV PWM
106049,73359,3,Extruder,REV_RAMP,-100,100,0,3700,103889,0,25.3635,0.00,0.00,OK,158,2070,OPEN,Ramping REV PWM
106094,73404,3,Extruder,REV_RAMP,-100,100,0,3643,103833,-56,25.3499,-18.23,-18.14,OK,160,2066,OPEN,Ramping REV PWM
106139,73449,3,Extruder,REV_RAMP,-100,100,0,3525,103716,-117,25.3213,-38.09,-37.89,OK,160,2097,OPEN,Ramping REV PWM
106184,73494,3,Extruder,REV_RAMP,-100,100,0,3378,103568,-148,25.2852,-48.18,-47.93,OK,160,2142,OPEN,Ramping REV PWM
106229,73539,3,Extruder,REV_RAMP,-100,100,0,3230,103420,-148,25.2490,-48.18,-47.93,OK,154,2142,OPEN,Ramping REV PWM
106276,73586,3,Extruder,REV_RAMP,-100,100,0,3071,103261,-159,25.2102,-49.56,-49.30,OK,146,2126,OPEN,Ramping REV PWM
106321,73631,3,Extruder,REV_RAMP,-100,100,0,2908,103099,-162,25.1707,-52.73,-52.46,OK,142,2132,OPEN,Ramping REV PWM
106366,73676,3,Extruder,REV_RAMP,-100,100,0,2702,102894,-205,25.1206,-66.73,-66.39,OK,136,2136,OPEN,Ramping REV PWM
106411,73721,3,Extruder,REV_RAMP,-100,100,0,2435,102627,-267,25.0554,-86.91,-86.47,OK,128,2129,OPEN,Ramping REV PWM
106458,73768,3,Extruder,REV_RAMP,-100,100,0,2131,102323,-304,24.9812,-94.75,-94.26,OK,120,2134,OPEN,Ramping REV PWM
106503,73813,3,Extruder,REV_RAMP,-100,100,0,1809,102000,-323,24.9023,-105.14,-104.60,OK,120,2073,OPEN,Ramping REV PWM
106548,73858,3,Extruder,REV_RAMP,-100,100,0,1397,101590,-410,24.8022,-133.46,-132.77,OK,124,2076,OPEN,Ramping REV PWM
106593,73903,3,Extruder,REV_RAMP,-100,100,0,974,101167,-423,24.6990,-137.70,-136.98,OK,124,2107,OPEN,Ramping REV PWM
106640,73950,3,Extruder,REV_RAMP,-100,100,0,518,100711,-456,24.5876,-142.12,-141.39,OK,124,2064,OPEN,Ramping REV PWM
106685,73995,3,Extruder,REV_RAMP,-100,100,0,87,100280,-431,24.4824,-140.30,-139.58,OK,124,2053,OPEN,Ramping REV PWM
106730,74040,3,Extruder,REV_RAMP,-100,100,0,3755,99852,-428,24.3779,-139.32,-138.60,OK,156,2054,OPEN,Ramping REV PWM
106775,74085,3,Extruder,REV_RAMP,-100,100,0,3396,99491,-361,24.2898,-117.51,-116.91,OK,160,2135,OPEN,Ramping REV PWM
106820,74130,3,Extruder,REV_RAMP,-100,100,0,3169,99264,-227,24.2344,-73.89,-73.51,OK,152,2144,OPEN,Ramping REV PWM
106867,74177,3,Extruder,REV_RAMP,-100,100,0,2980,99074,-190,24.1880,-59.22,-58.91,OK,144,2129,OPEN,Ramping REV PWM
106912,74222,3,Extruder,REV_RAMP,-100,100,0,2779,98874,-200,24.1392,-65.10,-64.77,OK,138,2128,OPEN,Ramping REV PWM
106957,74267,3,Extruder,REV_RAMP,-100,100,0,2519,98615,-259,24.0759,-84.31,-83.87,OK,132,2142,OPEN,Ramping REV PWM
107002,74312,3,Extruder,REV_RAMP,-100,100,0,2236,98331,-284,24.0066,-92.45,-91.97,OK,122,2135,OPEN,Ramping REV PWM
107049,74359,3,Extruder,REV_RAMP,-100,100,0,1910,98006,-325,23.9272,-101.29,-100.77,OK,120,2102,OPEN,Ramping REV PWM
107094,74404,3,Extruder,REV_RAMP,-100,100,0,1531,97627,-379,23.8347,-123.37,-122.74,OK,124,2071,OPEN,Ramping REV PWM
107139,74449,3,Extruder,REV_RAMP,-100,100,0,1124,97221,-406,23.7356,-132.16,-131.48,OK,124,2131,OPEN,Ramping REV PWM
107184,74494,3,Extruder,REV_RAMP,-100,100,0,720,96817,-404,23.6370,-131.51,-130.83,OK,124,2089,OPEN,Ramping REV PWM
107229,74539,3,Extruder,REV_RAMP,-100,100,0,273,96370,-447,23.5278,-145.51,-144.76,OK,124,2065,OPEN,Ramping REV PWM
107276,74586,3,Extruder,REV_RAMP,-100,100,0,3906,95907,-463,23.4148,-144.30,-143.56,OK,142,2054,OPEN,Ramping REV PWM
107321,74631,3,Extruder,REV_RAMP,-100,100,0,3484,95484,-423,23.3115,-137.70,-136.98,OK,162,2138,OPEN,Ramping REV PWM
107366,74676,3,Extruder,REV_RAMP,-100,100,0,3233,95232,-252,23.2500,-82.03,-81.61,OK,154,2138,OPEN,Ramping REV PWM
107411,74721,3,Extruder,REV_RAMP,-100,100,0,3056,95054,-178,23.2065,-57.94,-57.64,OK,146,2129,OPEN,Ramping REV PWM
107576,74886,3,Extruder,REV_RAMP,-140,140,0,2181,94181,-873,22.9934,-77.50,-77.10,OK,120,2130,OPEN,Ramping REV PWM
107621,74931,3,Extruder,REV_RAMP,-140,140,0,1801,93803,-378,22.9011,-123.05,-122.41,OK,120,2070,OPEN,Ramping REV PWM
107666,74976,3,Extruder,REV_RAMP,-140,140,0,1228,93231,-572,22.7615,-186.20,-185.24,OK,124,2101,OPEN,Ramping REV PWM
107711,75021,3,Extruder,REV_RAMP,-140,140,0,639,92641,-590,22.6174,-192.06,-191.07,OK,124,2074,OPEN,Ramping REV PWM
107758,75068,3,Extruder,REV_RAMP,-140,140,0,4092,91999,-642,22.4607,-200.09,-199.06,OK,130,2047,OPEN,Ramping REV PWM
107803,75113,3,Extruder,REV_RAMP,-140,140,0,3455,91360,-639,22.3047,-208.01,-206.93,OK,162,2118,OPEN,Ramping REV PWM
107848,75158,3,Extruder,REV_RAMP,-140,140,0,2957,90862,-498,22.1831,-162.11,-161.27,OK,144,2133,OPEN,Ramping REV PWM
108002,75312,3,Extruder,REV_RAMP,-140,140,0,1160,89067,-1795,21.7449,-170.74,-169.86,OK,124,2127,OPEN,Ramping REV PWM
108047,75357,3,Extruder,REV_RAMP,-140,140,0,554,88461,-606,21.5969,-197.27,-196.25,OK,124,2064,OPEN,Ramping REV PWM
108094,75404,3,Extruder,REV_RAMP,-140,140,0,3967,87778,-683,21.4302,-212.87,-211.77,OK,138,2044,OPEN,Ramping REV PWM
108139,75449,3,Extruder,REV_RAMP,-140,140,0,3312,87123,-655,21.2703,-213.22,-212.12,OK,156,2133,OPEN,Ramping REV PWM
108184,75494,3,Extruder,REV_RAMP,-140,140,0,2861,86670,-453,21.1597,-147.46,-146.70,OK,140,2133,OPEN,Ramping REV PWM
108229,75539,3,Extruder,REV_RAMP,-140,140,0,2391,86199,-471,21.0447,-153.32,-152.53,OK,128,2146,OPEN,Ramping REV PWM
108276,75586,3,Extruder,REV_RAMP,-140,140,0,1885,85694,-505,20.9214,-157.39,-156.58,OK,120,2091,OPEN,Ramping REV PWM
108321,75631,3,Extruder,REV_RAMP,-140,140,0,1267,85078,-616,20.7710,-200.52,-199.49,OK,124,2100,OPEN,Ramping REV PWM
108473,75783,3,Extruder,REV_RAMP,-140,140,0,3252,87062,1984,21.2554,191.20,190.21,OK,154,2133,OPEN,Ramping REV PWM
108518,75828,3,Extruder,REV_RAMP,-140,140,0,2796,86606,-456,21.1440,-148.44,-147.67,OK,138,2124,OPEN,Ramping REV PWM
108563,75873,3,Extruder,REV_RAMP,-140,140,0,2309,86119,-487,21.0251,-158.53,-157.71,OK,124,2131,OPEN,Ramping REV PWM
108610,75920,3,Extruder,REV_RAMP,-140,140,0,1781,85591,-528,20.8962,-164.56,-163.71,OK,120,2062,OPEN,Ramping REV PWM
108655,75965,3,Extruder,REV_RAMP,-140,140,0,1184,84994,-597,20.7505,-194.34,-193.33,OK,124,2103,OPEN,Ramping REV PWM
108700,76010,3,Extruder,REV_RAMP,-140,140,0,581,84391,-603,20.6033,-196.29,-195.28,OK,124,2067,OPEN,Ramping REV PWM
108745,76055,3,Extruder,REV_RAMP,-140,140,0,4029,83744,-647,20.4453,-210.61,-209.52,OK,136,2049,OPEN,Ramping REV PWM
108903,76213,3,Extruder,REV_RAMP,-140,140,0,2199,81912,-1832,19.9980,-169.85,-168.97,OK,121,2136,OPEN,Ramping REV PWM
108948,76258,3,Extruder,REV_RAMP,-140,140,0,1687,81402,-510,19.8735,-166.02,-165.16,OK,121,2050,OPEN,Ramping REV PWM
108993,76303,3,Extruder,REV_RAMP,-140,140,0,1053,80768,-634,19.7188,-206.38,-205.31,OK,123,2126,OPEN,Ramping REV PWM
109038,76348,3,Extruder,REV_RAMP,-140,140,0,407,80122,-646,19.5610,-210.29,-209.20,OK,125,2073,OPEN,Ramping REV PWM
109085,76395,3,Extruder,REV_RAMP,-180,180,0,3862,79479,-643,19.4041,-200.40,-199.37,OK,149,2033,OPEN,Ramping REV PWM
109130,76440,3,Extruder,REV_RAMP,-180,180,0,3176,78795,-684,19.2371,-222.66,-221.51,OK,153,2146,OPEN,Ramping REV PWM
109175,76485,3,Extruder,REV_RAMP,-180,180,0,2535,78154,-641,19.0806,-208.66,-207.58,OK,131,2133,OPEN,Ramping REV PWM
109220,76530,3,Extruder,REV_RAMP,-180,180,0,1851,77471,-683,18.9138,-222.33,-221.18,OK,119,2071,OPEN,Ramping REV PWM
109265,76575,3,Extruder,REV_RAMP,-180,180,0,1065,76685,-786,18.7219,-255.86,-254.54,OK,123,2107,OPEN,Ramping REV PWM
109312,76622,3,Extruder,REV_RAMP,-180,180,0,208,75827,-858,18.5125,-267.41,-266.03,OK,125,2084,OPEN,Ramping REV PWM
109357,76667,3,Extruder,REV_RAMP,-180,180,0,3432,74957,-870,18.3000,-283.20,-281.74,OK,161,2119,OPEN,Ramping REV PWM
109402,76712,3,Extruder,REV_RAMP,-180,180,0,2712,74236,-721,18.1240,-234.70,-233.49,OK,135,2127,OPEN,Ramping REV PWM
109447,76757,3,Extruder,REV_RAMP,-180,180,0,2018,73542,-694,17.9546,-225.91,-224.75,OK,119,2117,OPEN,Ramping REV PWM
109494,76804,3,Extruder,REV_RAMP,-180,180,0,1171,72697,-845,17.7483,-263.36,-262.00,OK,123,2089,OPEN,Ramping REV PWM
109539,76849,3,Extruder,REV_RAMP,-180,180,0,332,71857,-840,17.5432,-273.44,-272.03,OK,123,2052,OPEN,Ramping REV PWM
109584,76894,3,Extruder,REV_RAMP,-180,180,0,3597,71027,-830,17.3406,-270.18,-268.79,OK,162,2059,OPEN,Ramping REV PWM
109629,76939,3,Extruder,REV_RAMP,-180,180,0,2835,70263,-764,17.1541,-248.70,-247.41,OK,138,2125,OPEN,Ramping REV PWM
109676,76986,3,Extruder,REV_RAMP,-180,180,0,2087,69515,-748,16.9714,-233.13,-231.92,OK,120,2134,OPEN,Ramping REV PWM
109721,77031,3,Extruder,REV_RAMP,-180,180,0,1318,68746,-769,16.7837,-250.33,-249.03,OK,124,2087,OPEN,Ramping REV PWM
109766,77076,3,Extruder,REV_RAMP,-180,180,0,516,67942,-804,16.5874,-261.72,-260.37,OK,124,2057,OPEN,Ramping REV PWM
109811,77121,3,Extruder,REV_RAMP,-180,180,0,3754,67088,-854,16.3789,-277.99,-276.56,OK,156,2046,OPEN,Ramping REV PWM
109856,77166,3,Extruder,REV_RAMP,-180,180,0,2942,66273,-815,16.1799,-265.30,-263.93,OK,144,2134,OPEN,Ramping REV PWM
109903,77213,3,Extruder,REV_RAMP,-180,180,0,2217,65548,-725,16.0029,-225.96,-224.79,OK,122,2145,OPEN,Ramping REV PWM
109948,77258,3,Extruder,REV_RAMP,-180,180,0,1471,64804,-744,15.8213,-242.19,-240.94,OK,124,2068,OPEN,Ramping REV PWM
109993,77303,3,Extruder,REV_RAMP,-180,180,0,633,63965,-839,15.6165,-273.11,-271.70,OK,124,2069,OPEN,Ramping REV PWM
110038,77348,3,Extruder,REV_RAMP,-180,180,0,3905,63142,-823,15.4155,-267.90,-266.52,OK,144,2049,OPEN,Ramping REV PWM
110085,77395,3,Extruder,REV_RAMP,-180,180,0,3048,62283,-859,15.2058,-267.72,-266.34,OK,146,2133,OPEN,Ramping REV PWM
110130,77440,3,Extruder,REV_RAMP,-180,180,0,2327,61563,-720,15.0300,-234.37,-233.17,OK,126,2148,OPEN,Ramping REV PWM
110175,77485,3,Extruder,REV_RAMP,-180,180,0,1604,60841,-722,14.8538,-235.03,-233.81,OK,122,2052,OPEN,Ramping REV PWM
110220,77530,3,Extruder,REV_RAMP,-180,180,0,810,60047,-794,14.6599,-258.46,-257.13,OK,124,2094,OPEN,Ramping REV PWM
110265,77575,3,Extruder,REV_RAMP,-180,180,0,4066,59207,-840,14.4548,-273.44,-272.03,OK,134,2055,OPEN,Ramping REV PWM
110312,77622,3,Extruder,REV_RAMP,-180,180,0,3158,58298,-909,14.2329,-283.31,-281.84,OK,151,2142,OPEN,Ramping REV PWM
110357,77667,3,Extruder,REV_RAMP,-180,180,0,2475,57615,-683,14.0662,-222.33,-221.18,OK,129,2130,OPEN,Ramping REV PWM
110402,77712,3,Extruder,REV_RAMP,-180,180,0,1781,56921,-694,13.8967,-225.91,-224.75,OK,119,2051,OPEN,Ramping REV PWM
110447,77757,3,Extruder,REV_RAMP,-180,180,0,948,56088,-833,13.6934,-271.16,-269.76,OK,123,2099,OPEN,Ramping REV PWM
110494,77804,3,Extruder,REV_RAMP,-180,180,0,77,55217,-871,13.4807,-271.46,-270.06,OK,127,2046,OPEN,Ramping REV PWM
110539,77849,3,Extruder,REV_RAMP,-180,180,0,3316,54361,-856,13.2717,-278.65,-277.21,OK,157,2138,OPEN,Ramping REV PWM
110584,77894,3,Extruder,REV_RAMP,-180,180,0,2601,53643,-718,13.0964,-233.72,-232.52,OK,133,2134,OPEN,Ramping REV PWM
110629,77939,3,Extruder,REV_RAMP,-220,220,0,1892,52936,-707,12.9238,-230.14,-228.96,OK,119,2081,OPEN,Ramping REV PWM
110676,77986,3,Extruder,REV_RAMP,-220,220,0,990,52036,-900,12.7041,-280.50,-279.05,OK,123,2092,OPEN,Ramping REV PWM
110721,78031,3,Extruder,REV_RAMP,-220,220,0,20,51067,-969,12.4675,-315.43,-313.80,OK,129,2053,OPEN,Ramping REV PWM
110766,78076,3,Extruder,REV_RAMP,-220,220,0,3073,50022,-1045,12.2124,-340.17,-338.41,OK,148,2139,OPEN,Ramping REV PWM
110811,78121,3,Extruder,REV_RAMP,-220,220,0,2168,49118,-904,11.9917,-294.27,-292.75,OK,120,2130,OPEN,Ramping REV PWM
110856,78166,3,Extruder,REV_RAMP,-220,220,0,1176,48127,-991,11.7498,-322.59,-320.93,OK,124,2090,OPEN,Ramping REV PWM
110903,78213,3,Extruder,REV_RAMP,-220,220,0,106,47056,-1071,11.4883,-333.80,-332.07,OK,126,2043,OPEN,Ramping REV PWM
110948,78258,3,Extruder,REV_RAMP,-220,220,0,3149,46004,-1052,11.2314,-342.45,-340.68,OK,150,2136,OPEN,Ramping REV PWM
110993,78303,3,Extruder,REV_RAMP,-220,220,0,2194,45048,-956,10.9980,-311.20,-309.59,OK,120,2129,OPEN,Ramping REV PWM
111038,78348,3,Extruder,REV_RAMP,-220,220,0,1217,44073,-975,10.7600,-317.38,-315.74,OK,124,2104,OPEN,Ramping REV PWM
111085,78395,3,Extruder,REV_RAMP,-220,220,0,149,43003,-1070,10.4988,-333.49,-331.76,OK,124,2037,OPEN,Ramping REV PWM
111130,78440,3,Extruder,REV_RAMP,-220,220,0,3151,41910,-1093,10.2319,-355.79,-353.96,OK,150,2136,OPEN,Ramping REV PWM
111175,78485,3,Extruder,REV_RAMP,-220,220,0,2226,40983,-927,10.0056,-301.76,-300.20,OK,122,2142,OPEN,Ramping REV PWM
111220,78530,3,Extruder,REV_RAMP,-220,220,0,1238,39998,-985,9.7651,-320.64,-318.98,OK,124,2091,OPEN,Ramping REV PWM
111265,78575,3,Extruder,REV_RAMP,-220,220,0,198,38956,-1042,9.5107,-339.19,-337.44,OK,124,2069,OPEN,Ramping REV PWM
111312,78622,3,Extruder,REV_RAMP,-220,220,0,3201,37863,-1093,9.2439,-340.65,-338.90,OK,153,2123,OPEN,Ramping REV PWM
111357,78667,3,Extruder,REV_RAMP,-220,220,0,2243,36905,-958,9.0100,-311.85,-310.24,OK,121,2127,OPEN,Ramping REV PWM
111402,78712,3,Extruder,REV_RAMP,-220,220,0,1266,35929,-976,8.7717,-317.71,-316.07,OK,123,2101,OPEN,Ramping REV PWM
111447,78757,3,Extruder,REV_RAMP,-220,220,0,249,34912,-1017,8.5234,-331.05,-329.35,OK,125,2076,OPEN,Ramping REV PWM
111494,78804,3,Extruder,REV_RAMP,-220,220,0,3209,33773,-1139,8.2454,-354.99,-353.16,OK,154,2135,OPEN,Ramping REV PWM
111539,78849,3,Extruder,REV_RAMP,-220,220,0,2279,32843,-930,8.0183,-302.73,-301.17,OK,124,2146,OPEN,Ramping REV PWM
111584,78894,3,Extruder,REV_RAMP,-220,220,0,1299,31867,-976,7.7800,-317.71,-316.07,OK,124,2104,OPEN,Ramping REV PWM
111629,78939,3,Extruder,REV_RAMP,-220,220,0,253,30820,-1047,7.5244,-340.82,-339.06,OK,124,2071,OPEN,Ramping REV PWM
111677,78987,3,Extruder,REV_RAMP,-220,220,0,3232,29702,-1118,7.2515,-341.19,-339.43,OK,153,2134,OPEN,Ramping REV PWM
111723,79033,3,Extruder,REV_RAMP,-220,220,0,2250,28720,-982,7.0117,-312.71,-311.10,OK,123,2149,OPEN,Ramping REV PWM
111769,79079,3,Extruder,REV_RAMP,-220,220,0,1256,27724,-996,6.7686,-317.17,-315.53,OK,123,2088,OPEN,Ramping REV PWM
111815,79125,3,Extruder,REV_RAMP,-220,220,0,222,26692,-1032,6.5166,-328.63,-326.94,OK,125,2055,OPEN,Ramping REV PWM
111861,79171,3,Extruder,REV_RAMP,-220,220,0,3200,25574,-1118,6.2437,-356.02,-354.18,OK,153,2134,OPEN,Ramping REV PWM
111909,79219,3,Extruder,REV_RAMP,-220,220,0,2214,24587,-987,6.0027,-301.21,-299.65,OK,121,2136,OPEN,Ramping REV PWM
111954,79264,3,Extruder,REV_RAMP,-220,220,0,1227,23602,-985,5.7622,-320.64,-318.98,OK,123,2085,OPEN,Ramping REV PWM
111999,79309,3,Extruder,REV_RAMP,-220,220,0,185,22560,-1042,5.5078,-339.19,-337.44,OK,125,2072,OPEN,Ramping REV PWM
112044,79354,3,Extruder,REV_RAMP,-220,220,0,3231,21510,-1050,5.2515,-341.80,-340.03,OK,155,2134,OPEN,Ramping REV PWM
112091,79401,3,Extruder,REV_RAMP,-220,220,0,2233,20509,-1001,5.0071,-311.98,-310.37,OK,121,2133,OPEN,Ramping REV PWM
112136,79446,3,Extruder,REV_RAMP,-255,255,0,1261,19540,-969,4.7705,-315.43,-313.80,OK,123,2087,OPEN,Ramping REV PWM
112181,79491,3,Extruder,REV_RAMP,-255,255,0,182,18462,-1078,4.5073,-350.91,-349.10,OK,125,2055,OPEN,Ramping REV PWM
112226,79536,3,Extruder,REV_RAMP,-255,255,0,3056,17236,-1226,4.2080,-399.09,-397.03,OK,147,2143,OPEN,Ramping REV PWM
112271,79581,3,Extruder,REV_RAMP,-255,255,0,1966,16148,-1088,3.9424,-354.17,-352.34,OK,119,2103,OPEN,Ramping REV PWM
112318,79628,3,Extruder,REV_RAMP,-255,255,0,687,14872,-1276,3.6309,-397.69,-395.64,OK,123,2062,OPEN,Ramping REV PWM
112363,79673,3,Extruder,REV_RAMP,-255,255,0,3538,13629,-1243,3.3274,-404.62,-402.53,OK,163,2139,OPEN,Ramping REV PWM
112408,79718,3,Extruder,REV_RAMP,-255,255,0,2322,12410,-1219,3.0298,-396.81,-394.76,OK,125,2147,OPEN,Ramping REV PWM
112453,79763,3,Extruder,REV_RAMP,-255,255,0,1150,11235,-1175,2.7429,-382.49,-380.51,OK,123,2106,OPEN,Ramping REV PWM
112500,79810,3,Extruder,REV_RAMP,-255,255,0,3953,9942,-1293,2.4272,-402.99,-400.91,OK,135,2042,OPEN,Ramping REV PWM
112545,79855,3,Extruder,REV_RAMP,-255,255,0,2711,8703,-1239,2.1248,-403.32,-401.24,OK,136,2140,OPEN,Ramping REV PWM
112590,79900,3,Extruder,REV_RAMP,-255,255,0,1562,7554,-1149,1.8442,-374.02,-372.09,OK,122,2046,OPEN,Ramping REV PWM
112635,79945,3,Extruder,REV_RAMP,-255,255,0,302,6294,-1260,1.5366,-410.16,-408.04,OK,124,2071,OPEN,Ramping REV PWM
112682,79992,3,Extruder,REV_RAMP,-255,255,0,3094,4990,-1304,1.2183,-406.42,-404.32,OK,147,2127,OPEN,Ramping REV PWM
112727,80037,3,Extruder,REV_RAMP,-255,255,0,1928,3824,-1166,0.9336,-379.56,-377.60,OK,119,2092,OPEN,Ramping REV PWM
112772,80082,3,Extruder,REV_RAMP,-255,255,0,735,2631,-1193,0.6423,-388.35,-386.34,OK,123,2069,OPEN,Ramping REV PWM
112817,80127,3,Extruder,REV_RAMP,-255,255,0,3550,1352,-1279,0.3301,-416.34,-414.19,OK,163,2134,OPEN,Ramping REV PWM
112862,80172,3,Extruder,REV_RAMP,-255,255,0,2345,146,-1206,0.0356,-392.58,-390.55,OK,125,2135,OPEN,Ramping REV PWM
112909,80219,3,Extruder,REV_RAMP,-255,255,0,1100,-1100,-1246,-0.2686,-388.34,-386.33,OK,123,2133,OPEN,Ramping REV PWM
112954,80264,3,Extruder,REV_RAMP,-255,255,0,3983,-2315,-1215,-0.5652,-395.51,-393.47,OK,141,2049,OPEN,Ramping REV PWM
112999,80309,3,Extruder,REV_RAMP,-255,255,0,2725,-3571,-1256,-0.8718,-408.85,-406.74,OK,136,2141,OPEN,Ramping REV PWM
113044,80354,3,Extruder,REV_RAMP,-255,255,0,1547,-4747,-1176,-1.1589,-382.81,-380.84,OK,124,2069,OPEN,Ramping REV PWM
113173,80483,3,Extruder,REV_RAMP,-255,255,0,2148,-4149,598,-1.0129,67.91,67.55,OK,120,2134,OPEN,Ramping REV PWM
113295,80605,3,Extruder,REV_RAMP,-255,255,0,2911,-3388,761,-0.8271,91.37,90.90,OK,142,2125,OPEN,Ramping REV PWM
113448,80758,3,Extruder,REV_RAMP,-255,255,0,2861,-3436,-48,-0.8389,-4.60,-4.57,OK,142,2152,OPEN,Ramping REV PWM
113655,80965,3,Extruder,REV_COAST,0,0,0,1482,-4816,-1380,-1.1758,-97.66,-97.15,OK,124,2076,OPEN,Coasting to Stop
113700,81010,3,Extruder,REV_COAST,0,0,0,872,-5431,-615,-1.3259,-200.20,-199.16,OK,124,2109,OPEN,Coasting to Stop
113747,81057,3,Extruder,REV_COAST,0,0,0,563,-5742,-311,-1.4019,-96.93,-96.43,OK,124,2064,OPEN,Coasting to Stop
113792,81102,3,Extruder,REV_COAST,0,0,0,385,-5921,-179,-1.4456,-58.27,-57.97,OK,124,2071,OPEN,Coasting to Stop
113837,81147,3,Extruder,REV_COAST,0,0,0,283,-6023,-102,-1.4705,-33.20,-33.03,OK,124,2066,OPEN,Coasting to Stop
113882,81192,3,Extruder,REV_COAST,0,0,0,241,-6066,-43,-1.4810,-14.00,-13.93,OK,124,2068,OPEN,Coasting to Stop
113929,81239,3,Extruder,REV_COAST,0,0,0,238,-6069,-3,-1.4817,-0.94,-0.93,OK,124,2069,OPEN,Coasting to Stop
113974,81284,3,Extruder,REV_COAST,0,0,0,238,-6069,0,-1.4817,0.00,0.00,OK,124,2070,OPEN,Coasting to Stop
114019,81329,3,Extruder,REV_COAST,0,0,0,238,-6069,0,-1.4817,0.00,0.00,OK,124,2069,OPEN,Coasting to Stop
114064,81374,3,Extruder,REV_COAST,0,0,0,238,-6069,0,-1.4817,0.00,0.00,OK,124,2070,OPEN,Coasting to Stop
114109,81419,3,Extruder,REV_COAST,0,0,0,238,-6069,0,-1.4817,0.00,0.00,OK,124,2069,OPEN,Coasting to Stop
114156,81466,3,Extruder,REV_COAST,0,0,0,238,-6069,0,-1.4817,0.00,0.00,OK,124,2070,OPEN,Coasting to Stop
114201,81511,3,Extruder,REV_COAST,0,0,0,238,-6069,0,-1.4817,0.00,0.00,OK,124,2069,OPEN,Coasting to Stop
114246,81556,3,Extruder,REV_COAST,0,0,0,238,-6069,0,-1.4817,0.00,0.00,OK,124,2071,OPEN,Coasting to Stop
114291,81601,3,Extruder,REV_COAST,0,0,0,238,-6069,0,-1.4817,0.00,0.00,OK,124,2070,OPEN,Coasting to Stop
114336,81646,3,Extruder,REV_COAST,0,0,0,238,-6069,0,-1.4817,0.00,0.00,OK,124,2070,OPEN,Coasting to Stop
114383,81693,3,Extruder,REV_COAST,0,0,0,238,-6069,0,-1.4817,0.00,0.00,OK,124,2069,OPEN,Coasting to Stop
114428,81738,3,Extruder,REV_COAST,0,0,0,238,-6069,0,-1.4817,0.00,0.00,OK,124,2069,OPEN,Coasting to Stop
114473,81783,3,Extruder,REV_COAST,0,0,0,238,-6069,0,-1.4817,0.00,0.00,OK,124,2070,OPEN,Coasting to Stop
114518,81828,3,Extruder,REV_COAST,0,0,0,238,-6069,0,-1.4817,0.00,0.00,OK,124,2070,OPEN,Coasting to Stop
114563,81873,3,Extruder,REV_COAST,0,0,0,238,-6069,0,-1.4817,0.00,0.00,OK,124,2071,OPEN,Coasting to Stop
114610,81920,3,Extruder,REV_COAST,0,0,0,238,-6069,0,-1.4817,0.00,0.00,OK,124,2069,OPEN,Coasting to Stop
114655,81965,3,Extruder,REV_COAST,0,0,0,238,-6069,0,-1.4817,0.00,0.00,OK,124,2071,OPEN,Coasting to Stop
Summary,Motor_3,Extruder,I2C,PASS,Magnet,OK,MinFwdPWM,60,MinRevPWM,60,MaxFwdRPM,393.64,MaxRevRPM,416.34,TotalFwdCounts,105190,TotalRevCounts,-108626,StallAt255,NO
