TimestampMs,State,TargetX,TargetY,TargetZ,SetpointA,SetpointB,SetpointC,CountA,CountB,CountC,ErrA,ErrB,ErrC,Status
--- NEW TEST SESSION STARTED ---
16625,0,0,0,0,0,0,0,0,0,0,0,0,0,SECTION: HOMING ROUTINE STARTED
16634,1,0.00,0.00,0.00,0,0,0,0,0,0,0,0,0,RUNNING
16656,1,0.00,0.00,0.00,0,0,0,0,1,0,0,-1,0,RUNNING
16678,1,0.00,0.00,0.00,0,0,0,12,17,1,-12,-17,-1,RUNNING
16700,1,0.00,0.00,0.00,0,0,0,43,49,16,-43,-49,-16,RUNNING
16722,1,0.00,0.00,0.00,0,0,0,90,92,64,-90,-92,-64,RUNNING
16744,1,0.00,0.00,0.00,0,0,0,143,143,122,-143,-143,-122,RUNNING
16768,1,0.00,0.00,0.00,0,0,0,211,202,193,-211,-202,-193,RUNNING
16790,1,0.00,0.00,0.00,0,0,0,285,262,263,-285,-262,-263,RUNNING
16812,1,0.00,0.00,0.00,0,0,0,361,332,344,-361,-332,-344,RUNNING
16834,1,0.00,0.00,0.00,0,0,0,429,396,419,-429,-396,-419,RUNNING
16856,1,0.00,0.00,0.00,0,0,0,504,464,496,-504,-464,-496,RUNNING
16878,1,0.00,0.00,0.00,0,0,0,586,539,592,-586,-539,-592,RUNNING
16900,1,0.00,0.00,0.00,0,0,0,661,626,666,-661,-626,-666,RUNNING
16922,1,0.00,0.00,0.00,0,0,0,726,703,733,-726,-703,-733,RUNNING
16946,1,0.00,0.00,0.00,0,0,0,813,783,811,-813,-783,-811,RUNNING
16968,1,0.00,0.00,0.00,0,0,0,885,860,877,-885,-860,-877,RUNNING
16990,1,0.00,0.00,0.00,0,0,0,954,936,942,-954,-936,-942,RUNNING
17012,1,0.00,0.00,0.00,0,0,0,1026,1004,1016,-1026,-1004,-1016,RUNNING
17034,1,0.00,0.00,0.00,0,0,0,1100,1072,1079,-1100,-1072,-1079,RUNNING
17056,1,0.00,0.00,0.00,0,0,0,1182,1130,1152,-1182,-1130,-1152,RUNNING
17078,1,0.00,0.00,0.00,0,0,0,1263,1193,1240,-1263,-1193,-1240,RUNNING
17100,1,0.00,0.00,0.00,0,0,0,1336,1261,1316,-1336,-1261,-1316,RUNNING
17124,1,0.00,0.00,0.00,0,0,0,1422,1326,1398,-1422,-1326,-1398,RUNNING
17146,1,0.00,0.00,0.00,0,0,0,1503,1390,1485,-1503,-1390,-1485,RUNNING
17168,1,0.00,0.00,0.00,0,0,0,1579,1467,1563,-1579,-1467,-1563,RUNNING
17190,1,0.00,0.00,0.00,0,0,0,1652,1542,1630,-1652,-1542,-1630,RUNNING
17212,1,0.00,0.00,0.00,0,0,0,1719,1618,1702,-1719,-1618,-1702,RUNNING
17234,1,0.00,0.00,0.00,0,0,0,1782,1696,1768,-1782,-1696,-1768,RUNNING
17256,1,0.00,0.00,0.00,0,0,0,1855,1771,1833,-1855,-1771,-1833,RUNNING
17280,1,0.00,0.00,0.00,0,0,0,1921,1863,1906,-1921,-1863,-1906,RUNNING
17302,1,0.00,0.00,0.00,0,0,0,1977,1933,1964,-1977,-1933,-1964,RUNNING
17324,1,0.00,0.00,0.00,0,0,0,2052,1997,2031,-2052,-1997,-2031,RUNNING
17346,1,0.00,0.00,0.00,0,0,0,2121,2063,2104,-2121,-2063,-2104,RUNNING
17368,1,0.00,0.00,0.00,0,0,0,2190,2134,2174,-2190,-2134,-2174,RUNNING
17390,1,0.00,0.00,0.00,0,0,0,2270,2191,2250,-2270,-2191,-2250,RUNNING
17412,1,0.00,0.00,0.00,0,0,0,2348,2254,2331,-2348,-2254,-2331,RUNNING
17436,1,0.00,0.00,0.00,0,0,0,2440,2324,2419,-2440,-2324,-2419,RUNNING
17458,1,0.00,0.00,0.00,0,0,0,2524,2388,2501,-2524,-2388,-2501,RUNNING
17480,1,0.00,0.00,0.00,0,0,0,2596,2464,2582,-2596,-2464,-2582,RUNNING
17502,1,0.00,0.00,0.00,0,0,0,2666,2533,2657,-2666,-2533,-2657,RUNNING
17524,1,0.00,0.00,0.00,0,0,0,2748,2604,2733,-2748,-2604,-2733,RUNNING
17546,1,0.00,0.00,0.00,0,0,0,2816,2691,2803,-2816,-2691,-2803,RUNNING
17568,1,0.00,0.00,0.00,0,0,0,2881,2770,2864,-2881,-2770,-2864,RUNNING
17592,1,0.00,0.00,0.00,0,0,0,2958,2848,2941,-2958,-2848,-2941,RUNNING
17614,1,0.00,0.00,0.00,0,0,0,3025,2919,3005,-3025,-2919,-3005,RUNNING
17636,1,0.00,0.00,0.00,0,0,0,3089,2984,3071,-3089,-2984,-3071,RUNNING
17658,1,0.00,0.00,0.00,0,0,0,3161,3046,3143,-3161,-3046,-3143,RUNNING
17680,1,0.00,0.00,0.00,0,0,0,3228,3099,3207,-3228,-3099,-3207,RUNNING
17702,1,0.00,0.00,0.00,0,0,0,3303,3154,3280,-3303,-3154,-3280,RUNNING
17724,1,0.00,0.00,0.00,0,0,0,3381,3212,3359,-3381,-3212,-3359,RUNNING
17746,1,0.00,0.00,0.00,0,0,0,3447,3274,3431,-3447,-3274,-3431,RUNNING
17770,1,0.00,0.00,0.00,0,0,0,3521,3340,3508,-3521,-3340,-3508,RUNNING
17792,1,0.00,0.00,0.00,0,0,0,3598,3400,3590,-3598,-3400,-3590,RUNNING
17814,1,0.00,0.00,0.00,0,0,0,3664,3466,3660,-3664,-3466,-3660,RUNNING
17836,1,0.00,0.00,0.00,0,0,0,3725,3533,3723,-3725,-3533,-3723,RUNNING
17858,1,0.00,0.00,0.00,0,0,0,3791,3611,3789,-3791,-3611,-3789,RUNNING
17880,1,0.00,0.00,0.00,0,0,0,3852,3681,3850,-3852,-3681,-3850,RUNNING
17902,1,0.00,0.00,0.00,0,0,0,3912,3767,3912,-3912,-3767,-3912,RUNNING
17926,1,0.00,0.00,0.00,0,0,0,3981,3842,3992,-3981,-3842,-3992,RUNNING
17948,1,0.00,0.00,0.00,0,0,0,4039,3936,4051,-4039,-3936,-4051,RUNNING
17970,1,0.00,0.00,0.00,0,0,0,4099,4002,4109,-4099,-4002,-4109,RUNNING
17992,1,0.00,0.00,0.00,0,0,0,4176,4072,4182,-4176,-4072,-4182,RUNNING
18074,1,0.00,0.00,0.00,0,0,0,4453,4319,4460,-4453,-4319,-4460,RUNNING
18152,1,0.00,0.00,0.00,0,0,0,4729,4564,4733,-4729,-4564,-4733,RUNNING
18394,1,0.00,0.00,0.00,0,0,0,5565,5344,5481,-5565,-5344,-5481,RUNNING
18418,1,0.00,0.00,0.00,0,0,0,5638,5414,5564,-5638,-5414,-5564,RUNNING
18440,1,0.00,0.00,0.00,0,0,0,5706,5481,5630,-5706,-5481,-5630,RUNNING
18462,1,0.00,0.00,0.00,0,0,0,5776,5551,5692,-5776,-5551,-5692,RUNNING
18484,1,0.00,0.00,0.00,0,0,0,5839,5616,5762,-5839,-5616,-5762,RUNNING
18506,1,0.00,0.00,0.00,0,0,0,5895,5693,5819,-5895,-5693,-5819,RUNNING
18528,1,0.00,0.00,0.00,0,0,0,5963,5782,5873,-5963,-5782,-5873,RUNNING
18550,1,0.00,0.00,0.00,0,0,0,6025,5854,5933,-6025,-5854,-5933,RUNNING
18593,1,0.00,0.00,0.00,0,0,0,6149,6004,6047,-6149,-6004,-6047,RUNNING
18617,1,0.00,0.00,0.00,0,0,0,6219,6077,6112,-6219,-6077,-6112,RUNNING
18639,1,0.00,0.00,0.00,0,0,0,6293,6146,6177,-6293,-6146,-6177,RUNNING
18661,1,0.00,0.00,0.00,0,0,0,6376,6206,6243,-6376,-6206,-6243,RUNNING
18683,1,0.00,0.00,0.00,0,0,0,6449,6262,6316,-6449,-6262,-6316,RUNNING
18705,1,0.00,0.00,0.00,0,0,0,6523,6321,6390,-6523,-6321,-6390,RUNNING
18727,1,0.00,0.00,0.00,0,0,0,6610,6391,6467,-6610,-6391,-6467,RUNNING
18749,1,0.00,0.00,0.00,0,0,0,6688,6451,6546,-6688,-6451,-6546,RUNNING
18773,1,0.00,0.00,0.00,0,0,0,6764,6518,6645,-6764,-6518,-6645,RUNNING
18795,1,0.00,0.00,0.00,0,0,0,6837,6595,6725,-6837,-6595,-6725,RUNNING
18817,1,0.00,0.00,0.00,0,0,0,6904,6670,6797,-6904,-6670,-6797,RUNNING
18839,1,0.00,0.00,0.00,0,0,0,6971,6740,6870,-6971,-6740,-6870,RUNNING
18861,1,0.00,0.00,0.00,0,0,0,7042,6819,6936,-7042,-6819,-6936,RUNNING
18883,1,0.00,0.00,0.00,0,0,0,7105,6890,7007,-7105,-6890,-7007,RUNNING
18905,1,0.00,0.00,0.00,0,0,0,7169,6960,7069,-7169,-6960,-7069,RUNNING
18929,1,0.00,0.00,0.00,0,0,0,7253,7041,7137,-7253,-7041,-7137,RUNNING
18951,1,0.00,0.00,0.00,0,0,0,7324,7101,7201,-7324,-7101,-7201,RUNNING
18973,1,0.00,0.00,0.00,0,0,0,7390,7159,7273,-7390,-7159,-7273,RUNNING
18995,1,0.00,0.00,0.00,0,0,0,7466,7219,7335,-7466,-7219,-7335,RUNNING
19017,1,0.00,0.00,0.00,0,0,0,7540,7287,7405,-7540,-7287,-7405,RUNNING
19039,1,0.00,0.00,0.00,0,0,0,7613,7351,7487,-7613,-7351,-7487,RUNNING
19061,1,0.00,0.00,0.00,0,0,0,7685,7409,7557,-7685,-7409,-7557,RUNNING
19083,1,0.00,0.00,0.00,0,0,0,7746,7472,7631,-7746,-7472,-7631,RUNNING
19107,1,0.00,0.00,0.00,0,0,0,7817,7549,7708,-7817,-7549,-7708,RUNNING
19129,1,0.00,0.00,0.00,0,0,0,7886,7612,7768,-7886,-7612,-7768,RUNNING
19151,1,0.00,0.00,0.00,0,0,0,7946,7685,7829,-7946,-7685,-7829,RUNNING
19173,1,0.00,0.00,0.00,0,0,0,8000,7760,7895,-8000,-7760,-7895,RUNNING
19195,1,0.00,0.00,0.00,0,0,0,8068,7831,7950,-8068,-7831,-7950,RUNNING
19217,1,0.00,0.00,0.00,0,0,0,8130,7915,8005,-8130,-7915,-8005,RUNNING
19239,1,0.00,0.00,0.00,0,0,0,8189,7985,8068,-8189,-7985,-8068,RUNNING
19263,1,0.00,0.00,0.00,0,0,0,8270,8057,8134,-8270,-8057,-8134,RUNNING
19285,1,0.00,0.00,0.00,0,0,0,8342,8128,8193,-8342,-8128,-8193,RUNNING
19307,1,0.00,0.00,0.00,0,0,0,8417,8197,8261,-8417,-8197,-8261,RUNNING
19329,1,0.00,0.00,0.00,0,0,0,8503,8261,8324,-8503,-8261,-8324,RUNNING
19351,1,0.00,0.00,0.00,0,0,0,8577,8320,8392,-8577,-8320,-8392,RUNNING
19373,1,0.00,0.00,0.00,0,0,0,8654,8390,8463,-8654,-8390,-8463,RUNNING
19395,1,0.00,0.00,0.00,0,0,0,8744,8459,8542,-8744,-8459,-8542,RUNNING
19419,1,0.00,0.00,0.00,0,0,0,8831,8534,8624,-8831,-8534,-8624,RUNNING
19441,1,0.00,0.00,0.00,0,0,0,8899,8603,8699,-8899,-8603,-8699,RUNNING
19463,1,0.00,0.00,0.00,0,0,0,8981,8674,8784,-8981,-8674,-8784,RUNNING
19485,1,0.00,0.00,0.00,0,0,0,9059,8754,8853,-9059,-8754,-8853,RUNNING
19507,1,0.00,0.00,0.00,0,0,0,9132,8835,8920,-9132,-8835,-8920,RUNNING
19529,1,0.00,0.00,0.00,0,0,0,9207,8907,8989,-9207,-8907,-8989,RUNNING
19551,1,0.00,0.00,0.00,0,0,0,9277,8987,9054,-9277,-8987,-9054,RUNNING
19573,1,0.00,0.00,0.00,0,0,0,9358,9061,9115,-9358,-9061,-9115,RUNNING
19597,1,0.00,0.00,0.00,0,0,0,9446,9142,9188,-9446,-9142,-9188,RUNNING
19619,1,0.00,0.00,0.00,0,0,0,9517,9213,9250,-9517,-9213,-9250,RUNNING
19641,1,0.00,0.00,0.00,0,0,0,9591,9273,9315,-9591,-9273,-9315,RUNNING
19663,1,0.00,0.00,0.00,0,0,0,9673,9334,9388,-9673,-9334,-9388,RUNNING
19685,1,0.00,0.00,0.00,0,0,0,9749,9403,9460,-9749,-9403,-9460,RUNNING
19707,1,0.00,0.00,0.00,0,0,0,9816,9463,9524,-9816,-9463,-9524,RUNNING
19729,1,0.00,0.00,0.00,0,0,0,9885,9522,9597,-9885,-9522,-9597,RUNNING
19753,1,0.00,0.00,0.00,0,0,0,9952,9595,9681,-9952,-9595,-9681,RUNNING
19775,1,0.00,0.00,0.00,0,0,0,10018,9663,9745,-10018,-9663,-9745,RUNNING
19797,1,0.00,0.00,0.00,0,0,0,10083,9735,9810,-10083,-9735,-9810,RUNNING
19819,1,0.00,0.00,0.00,0,0,0,10141,9810,9873,-10141,-9810,-9873,RUNNING
19841,1,0.00,0.00,0.00,0,0,0,10203,9885,9933,-10203,-9885,-9933,RUNNING
19863,1,0.00,0.00,0.00,0,0,0,10276,9958,9992,-10276,-9958,-9992,RUNNING
19885,1,0.00,0.00,0.00,0,0,0,10345,10047,10054,-10345,-10047,-10054,RUNNING
19909,1,0.00,0.00,0.00,0,0,0,10422,10123,10114,-10422,-10123,-10114,RUNNING
19931,1,0.00,0.00,0.00,0,0,0,10505,10183,10174,-10505,-10183,-10174,RUNNING
19953,1,0.00,0.00,0.00,0,0,0,10581,10251,10241,-10581,-10251,-10241,RUNNING
19975,1,0.00,0.00,0.00,0,0,0,10666,10316,10304,-10666,-10316,-10304,RUNNING
19997,1,0.00,0.00,0.00,0,0,0,10744,10375,10373,-10744,-10375,-10373,RUNNING
20019,1,0.00,0.00,0.00,0,0,0,10813,10430,10445,-10813,-10430,-10445,RUNNING
20041,1,0.00,0.00,0.00,0,0,0,10894,10495,10525,-10894,-10495,-10525,RUNNING
20065,1,0.00,0.00,0.00,0,0,0,10974,10565,10613,-10974,-10565,-10613,RUNNING
20087,1,0.00,0.00,0.00,0,0,0,11037,10632,10701,-11037,-10632,-10701,RUNNING
20109,1,0.00,0.00,0.00,0,0,0,11105,10706,10780,-11105,-10706,-10780,RUNNING
20131,1,0.00,0.00,0.00,0,0,0,11177,10782,10860,-11177,-10782,-10860,RUNNING
20153,1,0.00,0.00,0.00,0,0,0,11242,10852,10949,-11242,-10852,-10949,RUNNING
20175,1,0.00,0.00,0.00,0,0,0,11311,10938,11013,-11311,-10938,-11013,RUNNING
20197,1,0.00,0.00,0.00,0,0,0,11382,11006,11075,-11382,-11006,-11075,RUNNING
20221,1,0.00,0.00,0.00,0,0,0,11462,11076,11148,-11462,-11076,-11148,RUNNING
20243,1,0.00,0.00,0.00,0,0,0,11543,11143,11210,-11543,-11143,-11210,RUNNING
20265,1,0.00,0.00,0.00,0,0,0,11613,11207,11270,-11613,-11207,-11270,RUNNING
20287,1,0.00,0.00,0.00,0,0,0,11680,11266,11337,-11680,-11266,-11337,RUNNING
20309,1,0.00,0.00,0.00,0,0,0,11756,11318,11398,-11756,-11318,-11398,RUNNING
20331,1,0.00,0.00,0.00,0,0,0,11827,11382,11465,-11827,-11382,-11465,RUNNING
20355,1,0.00,0.00,0.00,0,0,0,11895,11448,11545,-11895,-11448,-11545,RUNNING
20377,1,0.00,0.00,0.00,0,0,0,11962,11511,11614,-11962,-11511,-11614,RUNNING
20399,1,0.00,0.00,0.00,0,0,0,12026,11573,11677,-12026,-11573,-11677,RUNNING
20421,1,0.00,0.00,0.00,0,0,0,12087,11639,11753,-12087,-11639,-11753,RUNNING
20443,1,0.00,0.00,0.00,0,0,0,12152,11704,11820,-12152,-11704,-11820,RUNNING
20465,1,0.00,0.00,0.00,0,0,0,12212,11780,11881,-12212,-11780,-11881,RUNNING
20487,1,0.00,0.00,0.00,0,0,0,12273,11858,11940,-12273,-11858,-11940,RUNNING
20511,1,0.00,0.00,0.00,0,0,0,12356,11929,12007,-12356,-11929,-12007,RUNNING
20533,1,0.00,0.00,0.00,0,0,0,12429,12010,12064,-12429,-12010,-12064,RUNNING
20555,1,0.00,0.00,0.00,0,0,0,12497,12087,12123,-12497,-12087,-12123,RUNNING
20577,1,0.00,0.00,0.00,0,0,0,12579,12159,12183,-12579,-12159,-12183,RUNNING
20599,1,0.00,0.00,0.00,0,0,0,12661,12230,12239,-12661,-12230,-12239,RUNNING
20621,1,0.00,0.00,0.00,0,0,0,12739,12292,12296,-12739,-12292,-12296,RUNNING
20643,1,0.00,0.00,0.00,0,0,0,12820,12359,12363,-12820,-12359,-12363,RUNNING
20667,1,0.00,0.00,0.00,0,0,0,12904,12437,12434,-12904,-12437,-12434,RUNNING
20689,1,0.00,0.00,0.00,0,0,0,12975,12498,12499,-12975,-12498,-12499,RUNNING
20760,1,0.00,0.00,0.00,0,0,0,13219,12722,12747,-13219,-12722,-12747,RUNNING
20782,1,0.00,0.00,0.00,0,0,0,13298,12797,12825,-13298,-12797,-12825,RUNNING
20804,1,0.00,0.00,0.00,0,0,0,13374,12871,12902,-13374,-12871,-12902,RUNNING
20826,1,0.00,0.00,0.00,0,0,0,13445,12948,12973,-13445,-12948,-12973,RUNNING
20850,1,0.00,0.00,0.00,0,0,0,13526,13039,13049,-13526,-13039,-13049,RUNNING
20872,1,0.00,0.00,0.00,0,0,0,13604,13121,13117,-13604,-13121,-13117,RUNNING
20894,1,0.00,0.00,0.00,0,0,0,13678,13187,13177,-13678,-13187,-13177,RUNNING
20916,1,0.00,0.00,0.00,0,0,0,13752,13258,13242,-13752,-13258,-13242,RUNNING
20938,1,0.00,0.00,0.00,0,0,0,13822,13329,13310,-13822,-13329,-13310,RUNNING
20960,1,0.00,0.00,0.00,0,0,0,13890,13391,13377,-13890,-13391,-13377,RUNNING
20982,1,0.00,0.00,0.00,0,0,0,13964,13448,13440,-13964,-13448,-13440,RUNNING
21006,1,0.00,0.00,0.00,0,0,0,14033,13519,13526,-14033,-13519,-13526,RUNNING
21028,1,0.00,0.00,0.00,0,0,0,14093,13577,13596,-14093,-13577,-13596,RUNNING
21050,1,0.00,0.00,0.00,0,0,0,14162,13639,13668,-14162,-13639,-13668,RUNNING
21072,1,0.00,0.00,0.00,0,0,0,14224,13709,13742,-14224,-13709,-13742,RUNNING
21094,1,0.00,0.00,0.00,0,0,0,14286,13773,13811,-14286,-13773,-13811,RUNNING
21116,1,0.00,0.00,0.00,0,0,0,14352,13843,13878,-14352,-13843,-13878,RUNNING
21138,1,0.00,0.00,0.00,0,0,0,14421,13930,13943,-14421,-13930,-13943,RUNNING
21162,1,0.00,0.00,0.00,0,0,0,14506,14013,14009,-14506,-14013,-14009,RUNNING
21184,1,0.00,0.00,0.00,0,0,0,14586,14083,14065,-14586,-14083,-14065,RUNNING
21206,1,0.00,0.00,0.00,0,0,0,14656,14165,14126,-14656,-14165,-14126,RUNNING
21228,1,0.00,0.00,0.00,0,0,0,14738,14233,14186,-14738,-14233,-14186,RUNNING
21250,1,0.00,0.00,0.00,0,0,0,14825,14303,14246,-14825,-14303,-14246,RUNNING
21272,1,0.00,0.00,0.00,0,0,0,14899,14365,14315,-14899,-14365,-14315,RUNNING
21294,1,0.00,0.00,0.00,0,0,0,14977,14425,14379,-14977,-14425,-14379,RUNNING
21318,1,0.00,0.00,0.00,0,0,0,15057,14487,14451,-15057,-14487,-14451,RUNNING
21340,1,0.00,0.00,0.00,0,0,0,15129,14550,14525,-15129,-14550,-14525,RUNNING
21362,1,0.00,0.00,0.00,0,0,0,15200,14614,14599,-15200,-14614,-14599,RUNNING
21384,1,0.00,0.00,0.00,0,0,0,15268,14674,14677,-15268,-14674,-14677,RUNNING
21406,1,0.00,0.00,0.00,0,0,0,15332,14739,14762,-15332,-14739,-14762,RUNNING
21428,1,0.00,0.00,0.00,0,0,0,15406,14819,14850,-15406,-14819,-14850,RUNNING
21452,1,0.00,0.00,0.00,0,0,0,15487,14897,14932,-15487,-14897,-14932,RUNNING
21474,1,0.00,0.00,0.00,0,0,0,15553,14967,15005,-15553,-14967,-15005,RUNNING
21496,1,0.00,0.00,0.00,0,0,0,15627,15041,15074,-15627,-15041,-15074,RUNNING
21518,1,0.00,0.00,0.00,0,0,0,15704,15114,15137,-15704,-15114,-15137,RUNNING
21540,1,0.00,0.00,0.00,0,0,0,15777,15184,15206,-15777,-15184,-15206,RUNNING
21562,1,0.00,0.00,0.00,0,0,0,15850,15251,15267,-15850,-15251,-15267,RUNNING
21584,1,0.00,0.00,0.00,0,0,0,15916,15313,15327,-15916,-15313,-15327,RUNNING
21608,1,0.00,0.00,0.00,0,0,0,15985,15376,15395,-15985,-15376,-15395,RUNNING
21630,1,0.00,0.00,0.00,0,0,0,16054,15440,15466,-16054,-15440,-15466,RUNNING
21652,1,0.00,0.00,0.00,0,0,0,16118,15503,15528,-16118,-15503,-15528,RUNNING
21674,1,0.00,0.00,0.00,0,0,0,16173,15558,15593,-16173,-15558,-15593,RUNNING
21696,1,0.00,0.00,0.00,0,0,0,16234,15620,15665,-16234,-15620,-15665,RUNNING
21718,1,0.00,0.00,0.00,0,0,0,16299,15690,15734,-16299,-15690,-15734,RUNNING
21740,1,0.00,0.00,0.00,0,0,0,16359,15757,15801,-16359,-15757,-15801,RUNNING
21764,1,0.00,0.00,0.00,0,0,0,16430,15835,15878,-16430,-15835,-15878,RUNNING
21786,1,0.00,0.00,0.00,0,0,0,16502,15907,15940,-16502,-15907,-15940,RUNNING
21808,1,0.00,0.00,0.00,0,0,0,16576,15988,16002,-16576,-15988,-16002,RUNNING
21830,1,0.00,0.00,0.00,0,0,0,16657,16066,16066,-16657,-16066,-16066,RUNNING
21852,1,0.00,0.00,0.00,0,0,0,16734,16142,16124,-16734,-16142,-16124,RUNNING
21874,1,0.00,0.00,0.00,0,0,0,16806,16208,16178,-16806,-16208,-16178,RUNNING
21896,1,0.00,0.00,0.00,0,0,0,16889,16279,16237,-16889,-16279,-16237,RUNNING
21920,1,0.00,0.00,0.00,0,0,0,16979,16357,16304,-16979,-16357,-16304,RUNNING
21942,1,0.00,0.00,0.00,0,0,0,17048,16424,16359,-17048,-16424,-16359,RUNNING
21964,1,0.00,0.00,0.00,0,0,0,17121,16486,16421,-17121,-16486,-16421,RUNNING
21986,1,0.00,0.00,0.00,0,0,0,17202,16555,16488,-17202,-16555,-16488,RUNNING
22008,1,0.00,0.00,0.00,0,0,0,17278,16619,16556,-17278,-16619,-16556,RUNNING
22030,1,0.00,0.00,0.00,0,0,0,17349,16686,16628,-17349,-16686,-16628,RUNNING
22055,1,0.00,0.00,0.00,0,0,0,17434,16767,16714,-17434,-16767,-16714,RUNNING
22077,1,0.00,0.00,0.00,0,0,0,17509,16832,16793,-17509,-16832,-16793,RUNNING
22099,1,0.00,0.00,0.00,0,0,0,17586,16910,16874,-17586,-16910,-16874,RUNNING
22121,1,0.00,0.00,0.00,0,0,0,17664,16992,16959,-17664,-16992,-16959,RUNNING
22143,1,0.00,0.00,0.00,0,0,0,17733,17063,17031,-17733,-17063,-17031,RUNNING
22165,1,0.00,0.00,0.00,0,0,0,17808,17139,17102,-17808,-17139,-17102,RUNNING
22187,1,0.00,0.00,0.00,0,0,0,17888,17218,17169,-17888,-17218,-17169,RUNNING
22211,1,0.00,0.00,0.00,0,0,0,17961,17297,17245,-17961,-17297,-17245,RUNNING
22233,1,0.00,0.00,0.00,0,0,0,18026,17368,17308,-18026,-17368,-17308,RUNNING
22255,1,0.00,0.00,0.00,0,0,0,18093,17435,17374,-18093,-17435,-17374,RUNNING
22277,1,0.00,0.00,0.00,0,0,0,18155,17498,17440,-18155,-17498,-17440,RUNNING
22299,1,0.00,0.00,0.00,0,0,0,18220,17557,17507,-18220,-17557,-17507,RUNNING
22321,1,0.00,0.00,0.00,0,0,0,18281,17625,17581,-18281,-17625,-17581,RUNNING
22343,1,0.00,0.00,0.00,0,0,0,18341,17682,17652,-18341,-17682,-17652,RUNNING
22367,1,0.00,0.00,0.00,0,0,0,18415,17749,17726,-18415,-17749,-17726,RUNNING
22389,1,0.00,0.00,0.00,0,0,0,18486,17822,17812,-18486,-17822,-17812,RUNNING
22411,1,0.00,0.00,0.00,0,0,0,18550,17894,17887,-18550,-17894,-17887,RUNNING
22433,1,0.00,0.00,0.00,0,0,0,18626,17961,17950,-18626,-17961,-17950,RUNNING
22455,1,0.00,0.00,0.00,0,0,0,18705,18037,18014,-18705,-18037,-18014,RUNNING
22477,1,0.00,0.00,0.00,0,0,0,18785,18114,18076,-18785,-18114,-18076,RUNNING
22499,1,0.00,0.00,0.00,0,0,0,18870,18190,18136,-18870,-18190,-18136,RUNNING
22523,1,0.00,0.00,0.00,0,0,0,18950,18277,18200,-18950,-18277,-18200,RUNNING
22545,1,0.00,0.00,0.00,0,0,0,19021,18343,18259,-19021,-18343,-18259,RUNNING
22567,1,0.00,0.00,0.00,0,0,0,19108,18401,18314,-19108,-18401,-18314,RUNNING
22589,1,0.00,0.00,0.00,0,0,0,19178,18465,18371,-19178,-18465,-18371,RUNNING
22611,1,0.00,0.00,0.00,0,0,0,19242,18531,18438,-19242,-18531,-18438,RUNNING
22633,1,0.00,0.00,0.00,0,0,0,19315,18583,18505,-19315,-18583,-18505,RUNNING
22657,1,0.00,0.00,0.00,0,0,0,19391,18651,18576,-19391,-18651,-18576,RUNNING
22679,1,0.00,0.00,0.00,0,0,0,19459,18719,18654,-19459,-18719,-18654,RUNNING
22701,1,0.00,0.00,0.00,0,0,0,19526,18783,18735,-19526,-18783,-18735,RUNNING
22723,1,0.00,0.00,0.00,0,0,0,19596,18851,18811,-19596,-18851,-18811,RUNNING
22745,1,0.00,0.00,0.00,0,0,0,19667,18922,18896,-19667,-18922,-18896,RUNNING
22767,1,0.00,0.00,0.00,0,0,0,19745,18990,18971,-19745,-18990,-18971,RUNNING
22789,1,0.00,0.00,0.00,0,0,0,19814,19070,19048,-19814,-19070,-19048,RUNNING
22813,1,0.00,0.00,0.00,0,0,0,19884,19154,19129,-19884,-19154,-19129,RUNNING
22835,1,0.00,0.00,0.00,0,0,0,19958,19218,19194,-19958,-19218,-19194,RUNNING
22857,1,0.00,0.00,0.00,0,0,0,20025,19284,19254,-20025,-19284,-19254,RUNNING
22879,1,0.00,0.00,0.00,0,0,0,20085,19359,19320,-20085,-19359,-19320,RUNNING
22901,1,0.00,0.00,0.00,0,0,0,20146,19421,19382,-20146,-19421,-19382,RUNNING
22923,1,0.00,0.00,0.00,0,0,0,20209,19480,19442,-20209,-19480,-19442,RUNNING
22945,1,0.00,0.00,0.00,0,0,0,20268,19538,19507,-20268,-19538,-19507,RUNNING
22969,1,0.00,0.00,0.00,0,0,0,20334,19605,19576,-20334,-19605,-19576,RUNNING
22991,1,0.00,0.00,0.00,0,0,0,20391,19666,19641,-20391,-19666,-19641,RUNNING
23013,1,0.00,0.00,0.00,0,0,0,20450,19728,19711,-20450,-19728,-19711,RUNNING
23035,1,0.00,0.00,0.00,0,0,0,20517,19792,19781,-20517,-19792,-19781,RUNNING
23057,1,0.00,0.00,0.00,0,0,0,20587,19858,19845,-20587,-19858,-19845,RUNNING
23110,1,0.00,0.00,0.00,0,0,0,20763,20036,20019,-20763,-20036,-20019,RUNNING
23132,1,0.00,0.00,0.00,0,0,0,20845,20107,20076,-20845,-20107,-20076,RUNNING
23156,1,0.00,0.00,0.00,0,0,0,20923,20191,20148,-20923,-20191,-20148,RUNNING
23178,1,0.00,0.00,0.00,0,0,0,21004,20267,20208,-21004,-20267,-20208,RUNNING
23200,1,0.00,0.00,0.00,0,0,0,21083,20341,20267,-21083,-20341,-20267,RUNNING
23222,1,0.00,0.00,0.00,0,0,0,21156,20413,20326,-21156,-20413,-20326,RUNNING
23244,1,0.00,0.00,0.00,0,0,0,21237,20476,20388,-21237,-20476,-20388,RUNNING
23266,1,0.00,0.00,0.00,0,0,0,21313,20542,20445,-21313,-20542,-20445,RUNNING
23290,1,0.00,0.00,0.00,0,0,0,21393,20616,20518,-21393,-20616,-20518,RUNNING
23312,1,0.00,0.00,0.00,0,0,0,21473,20680,20589,-21473,-20680,-20589,RUNNING
23334,1,0.00,0.00,0.00,0,0,0,21551,20740,20655,-21551,-20740,-20655,RUNNING
23356,1,0.00,0.00,0.00,0,0,0,21624,20810,20727,-21624,-20810,-20727,RUNNING
23378,1,0.00,0.00,0.00,0,0,0,21693,20884,20806,-21693,-20884,-20806,RUNNING
23400,1,0.00,0.00,0.00,0,0,0,21773,20955,20890,-21773,-20955,-20890,RUNNING
23422,1,0.00,0.00,0.00,0,0,0,21844,21030,20968,-21844,-21030,-20968,RUNNING
23446,1,0.00,0.00,0.00,0,0,0,21921,21112,21055,-21921,-21112,-21055,RUNNING
23468,1,0.00,0.00,0.00,0,0,0,21992,21197,21129,-21992,-21197,-21129,RUNNING
23490,1,0.00,0.00,0.00,0,0,0,22055,21278,21204,-22055,-21278,-21204,RUNNING
23512,1,0.00,0.00,0.00,0,0,0,22122,21353,21280,-22122,-21353,-21280,RUNNING
23534,1,0.00,0.00,0.00,0,0,0,22187,21415,21343,-22187,-21415,-21343,RUNNING
23556,1,0.00,0.00,0.00,0,0,0,22241,21482,21406,-22241,-21482,-21406,RUNNING
23578,1,0.00,0.00,0.00,0,0,0,22301,21548,21476,-22301,-21548,-21476,RUNNING
23602,1,0.00,0.00,0.00,0,0,0,22369,21615,21546,-22369,-21615,-21546,RUNNING
23624,1,0.00,0.00,0.00,0,0,0,22426,21668,21607,-22426,-21668,-21607,RUNNING
23646,1,0.00,0.00,0.00,0,0,0,22486,21736,21679,-22486,-21736,-21679,RUNNING
23668,1,0.00,0.00,0.00,0,0,0,22552,21799,21750,-22552,-21799,-21750,RUNNING
23690,1,0.00,0.00,0.00,0,0,0,22614,21864,21821,-22614,-21864,-21821,RUNNING
23712,1,0.00,0.00,0.00,0,0,0,22693,21931,21892,-22693,-21931,-21892,RUNNING
23736,1,0.00,0.00,0.00,0,0,0,22778,22004,21972,-22778,-22004,-21972,RUNNING
23758,1,0.00,0.00,0.00,0,0,0,22847,22084,22036,-22847,-22084,-22036,RUNNING
23780,1,0.00,0.00,0.00,0,0,0,22933,22164,22107,-22933,-22164,-22107,RUNNING
23802,1,0.00,0.00,0.00,0,0,0,23019,22233,22171,-23019,-22233,-22171,RUNNING
23824,1,0.00,0.00,0.00,0,0,0,23102,22305,22228,-23102,-22305,-22228,RUNNING
23846,1,0.00,0.00,0.00,0,0,0,23160,22382,22283,-23160,-22382,-22283,RUNNING
23868,1,0.00,0.00,0.00,0,0,0,23260,22451,22347,-23260,-22451,-22347,RUNNING
23892,1,0.00,0.00,0.00,0,0,0,23321,22517,22410,-23321,-22517,-22410,RUNNING
23914,1,0.00,0.00,0.00,0,0,0,23394,22581,22464,-23394,-22581,-22464,RUNNING
23936,1,0.00,0.00,0.00,0,0,0,23488,22640,22529,-23488,-22640,-22529,RUNNING
23958,1,0.00,0.00,0.00,0,0,0,23529,22703,22596,-23529,-22703,-22596,RUNNING
23980,1,0.00,0.00,0.00,0,0,0,23606,22771,22665,-23606,-22771,-22665,RUNNING
24002,1,0.00,0.00,0.00,0,0,0,23679,22831,22740,-23679,-22831,-22740,RUNNING
24024,1,0.00,0.00,0.00,0,0,0,23747,22895,22816,-23747,-22895,-22816,RUNNING
24048,1,0.00,0.00,0.00,0,0,0,23814,22977,22899,-23814,-22977,-22899,RUNNING
24070,1,0.00,0.00,0.00,0,0,0,23855,23049,22987,-23855,-23049,-22987,RUNNING
24092,1,0.00,0.00,0.00,0,0,0,23932,23119,23066,-23932,-23119,-23066,RUNNING
24114,1,0.00,0.00,0.00,0,0,0,24012,23196,23138,-24012,-23196,-23138,RUNNING
24136,1,0.00,0.00,0.00,0,0,0,24051,23270,23209,-24051,-23270,-23209,RUNNING
24158,1,0.00,0.00,0.00,0,0,0,24121,23340,23278,-24121,-23340,-23278,RUNNING
24180,1,0.00,0.00,0.00,0,0,0,24159,23412,23343,-24159,-23412,-23343,RUNNING
24204,1,0.00,0.00,0.00,0,0,0,24234,23480,23413,-24234,-23480,-23413,RUNNING
24226,1,0.00,0.00,0.00,0,0,0,24292,23537,23475,-24292,-23537,-23475,RUNNING
24248,1,0.00,0.00,0.00,0,0,0,24328,23602,23533,-24328,-23602,-23533,RUNNING
24270,1,0.00,0.00,0.00,0,0,0,24405,23664,23605,-24405,-23664,-23605,RUNNING
24292,1,0.00,0.00,0.00,0,0,0,24447,23722,23670,-24447,-23722,-23670,RUNNING
24314,1,0.00,0.00,0.00,0,0,0,24509,23785,23734,-24509,-23785,-23734,RUNNING
24338,1,0.00,0.00,0.00,0,0,0,24581,23859,23814,-24581,-23859,-23814,RUNNING
24360,1,0.00,0.00,0.00,0,0,0,24642,23927,23888,-24642,-23927,-23888,RUNNING
24382,1,0.00,0.00,0.00,0,0,0,24717,23996,23958,-24717,-23996,-23958,RUNNING
24404,1,0.00,0.00,0.00,0,0,0,24794,24067,24033,-24794,-24067,-24033,RUNNING
24426,1,0.00,0.00,0.00,0,0,0,24876,24143,24101,-24876,-24143,-24101,RUNNING
24448,1,0.00,0.00,0.00,0,0,0,24947,24217,24164,-24947,-24217,-24164,RUNNING
24470,1,0.00,0.00,0.00,0,0,0,25013,24300,24232,-25013,-24300,-24232,RUNNING
24494,1,0.00,0.00,0.00,0,0,0,25108,24374,24299,-25108,-24374,-24299,RUNNING
24516,1,0.00,0.00,0.00,0,0,0,25185,24441,24356,-25185,-24441,-24356,RUNNING
24538,1,0.00,0.00,0.00,0,0,0,25263,24522,24415,-25263,-24522,-24415,RUNNING
24560,1,0.00,0.00,0.00,0,0,0,25353,24586,24480,-25353,-24586,-24480,RUNNING
24582,1,0.00,0.00,0.00,0,0,0,25444,24656,24538,-25444,-24656,-24538,RUNNING
24604,1,0.00,0.00,0.00,0,0,0,25521,24717,24599,-25521,-24717,-24599,RUNNING
24626,1,0.00,0.00,0.00,0,0,0,25593,24787,24676,-25593,-24787,-24676,RUNNING
24650,1,0.00,0.00,0.00,0,0,0,25675,24863,24751,-25675,-24863,-24751,RUNNING
24672,1,0.00,0.00,0.00,0,0,0,25750,24930,24824,-25750,-24930,-24824,RUNNING
24694,1,0.00,0.00,0.00,0,0,0,25820,24998,24903,-25820,-24998,-24903,RUNNING
24716,1,0.00,0.00,0.00,0,0,0,25887,25066,24982,-25887,-25066,-24982,RUNNING
24738,1,0.00,0.00,0.00,0,0,0,25956,25149,25064,-25956,-25149,-25064,RUNNING
24760,1,0.00,0.00,0.00,0,0,0,26031,25226,25147,-26031,-25226,-25147,RUNNING
24782,1,0.00,0.00,0.00,0,0,0,26105,25298,25217,-26105,-25298,-25217,RUNNING
24806,1,0.00,0.00,0.00,0,0,0,26170,25379,25289,-26170,-25379,-25289,RUNNING
24828,1,0.00,0.00,0.00,0,0,0,26238,25458,25358,-26238,-25458,-25358,RUNNING
24850,1,0.00,0.00,0.00,0,0,0,26300,25526,25427,-26300,-25526,-25427,RUNNING
24872,1,0.00,0.00,0.00,0,0,0,26358,25594,25486,-26358,-25594,-25486,RUNNING
24894,1,0.00,0.00,0.00,0,0,0,26424,25659,25554,-26424,-25659,-25554,RUNNING
24916,1,0.00,0.00,0.00,0,0,0,26481,25719,25619,-26481,-25719,-25619,RUNNING
24940,1,0.00,0.00,0.00,0,0,0,26544,25795,25690,-26544,-25795,-25690,RUNNING
24962,1,0.00,0.00,0.00,0,0,0,26608,25855,25761,-26608,-25855,-25761,RUNNING
24984,1,0.00,0.00,0.00,0,0,0,26676,25913,25833,-26676,-25913,-25833,RUNNING
25006,1,0.00,0.00,0.00,0,0,0,26743,25984,25901,-26743,-25984,-25901,RUNNING
25028,1,0.00,0.00,0.00,0,0,0,26819,26056,25970,-26819,-26056,-25970,RUNNING
25050,1,0.00,0.00,0.00,0,0,0,26898,26124,26052,-26898,-26124,-26052,RUNNING
25072,1,0.00,0.00,0.00,0,0,0,26977,26201,26115,-26977,-26201,-26115,RUNNING
25096,1,0.00,0.00,0.00,0,0,0,27068,26286,26182,-27068,-26286,-26182,RUNNING
25118,1,0.00,0.00,0.00,0,0,0,27139,26365,26248,-27139,-26365,-26248,RUNNING
25140,1,0.00,0.00,0.00,0,0,0,27214,26445,26309,-27214,-26445,-26309,RUNNING
25162,1,0.00,0.00,0.00,0,0,0,27292,26513,26364,-27292,-26513,-26364,RUNNING
25184,1,0.00,0.00,0.00,0,0,0,27372,26573,26426,-27372,-26573,-26426,RUNNING
25206,1,0.00,0.00,0.00,0,0,0,27438,26643,26484,-27438,-26643,-26484,RUNNING
25228,1,0.00,0.00,0.00,0,0,0,27505,26707,26541,-27505,-26707,-26541,RUNNING
25252,1,0.00,0.00,0.00,0,0,0,27587,26769,26614,-27587,-26769,-26614,RUNNING
25274,1,0.00,0.00,0.00,0,0,0,27644,26833,26678,-27644,-26833,-26678,RUNNING
25296,1,0.00,0.00,0.00,0,0,0,27703,26900,26744,-27703,-26900,-26744,RUNNING
25318,1,0.00,0.00,0.00,0,0,0,27781,26965,26817,-27781,-26965,-26817,RUNNING
25340,1,0.00,0.00,0.00,0,0,0,27847,27034,26896,-27847,-27034,-26896,RUNNING
25362,1,0.00,0.00,0.00,0,0,0,27916,27107,26975,-27916,-27107,-26975,RUNNING
25384,1,0.00,0.00,0.00,0,0,0,27982,27174,27060,-27982,-27174,-27060,RUNNING
25408,1,0.00,0.00,0.00,0,0,0,28049,27268,27147,-28049,-27268,-27147,RUNNING
25430,1,0.00,0.00,0.00,0,0,0,28113,27342,27228,-28113,-27342,-27228,RUNNING
25452,1,0.00,0.00,0.00,0,0,0,28179,27407,27306,-28179,-27407,-27306,RUNNING
25474,1,0.00,0.00,0.00,0,0,0,28236,27478,27373,-28236,-27478,-27373,RUNNING
25496,1,0.00,0.00,0.00,0,0,0,28292,27551,27437,-28292,-27551,-27437,RUNNING
25518,1,0.00,0.00,0.00,0,0,0,28349,27612,27505,-28349,-27612,-27505,RUNNING
25542,1,0.00,0.00,0.00,0,0,0,28413,27677,27576,-28413,-27677,-27576,RUNNING
25564,1,0.00,0.00,0.00,0,0,0,28464,27739,27636,-28464,-27739,-27636,RUNNING
25586,1,0.00,0.00,0.00,0,0,0,28528,27803,27705,-28528,-27803,-27705,RUNNING
25608,1,0.00,0.00,0.00,0,0,0,28584,27868,27771,-28584,-27868,-27771,RUNNING
25630,1,0.00,0.00,0.00,0,0,0,28633,27932,27839,-28633,-27932,-27839,RUNNING
25652,1,0.00,0.00,0.00,0,0,0,28709,27999,27913,-28709,-27999,-27913,RUNNING
25674,1,0.00,0.00,0.00,0,0,0,28779,28067,27985,-28779,-28067,-27985,RUNNING
25698,1,0.00,0.00,0.00,0,0,0,28852,28151,28062,-28852,-28151,-28062,RUNNING
25720,1,0.00,0.00,0.00,0,0,0,28937,28223,28151,-28937,-28223,-28151,RUNNING
25742,1,0.00,0.00,0.00,0,0,0,29008,28293,28219,-29008,-28293,-28219,RUNNING
25827,1,0.00,0.00,0.00,0,0,0,29310,28573,28454,-29310,-28573,-28454,RUNNING
25849,1,0.00,0.00,0.00,0,0,0,29395,28643,28513,-29395,-28643,-28513,RUNNING
25871,1,0.00,0.00,0.00,0,0,0,29481,28709,28575,-29481,-28709,-28575,RUNNING
25893,1,0.00,0.00,0.00,0,0,0,29558,28772,28631,-29558,-28772,-28631,RUNNING
25917,1,0.00,0.00,0.00,0,0,0,29651,28852,28701,-29651,-28852,-28701,RUNNING
25939,1,0.00,0.00,0.00,0,0,0,29740,28912,28771,-29740,-28912,-28771,RUNNING
25961,1,0.00,0.00,0.00,0,0,0,29806,28977,28839,-29806,-28977,-28839,RUNNING
25983,1,0.00,0.00,0.00,0,0,0,29875,29055,28906,-29875,-29055,-28906,RUNNING
26005,1,0.00,0.00,0.00,0,0,0,29949,29126,28989,-29949,-29126,-28989,RUNNING
26027,1,0.00,0.00,0.00,0,0,0,30020,29195,29071,-30020,-29195,-29071,RUNNING
26049,1,0.00,0.00,0.00,0,0,0,30087,29274,29149,-30087,-29274,-29149,RUNNING
26073,1,0.00,0.00,0.00,0,0,0,30161,29360,29231,-30161,-29360,-29231,RUNNING
26095,1,0.00,0.00,0.00,0,0,0,30223,29442,29304,-30223,-29442,-29304,RUNNING
26117,1,0.00,0.00,0.00,0,0,0,30287,29516,29374,-30287,-29516,-29374,RUNNING
26139,1,0.00,0.00,0.00,0,0,0,30354,29584,29441,-30354,-29584,-29441,RUNNING
26161,1,0.00,0.00,0.00,0,0,0,30410,29658,29508,-30410,-29658,-29508,RUNNING
26183,1,0.00,0.00,0.00,0,0,0,30468,29731,29567,-30468,-29731,-29567,RUNNING
26207,1,0.00,0.00,0.00,0,0,0,30538,29793,29639,-30538,-29793,-29639,RUNNING
26229,1,0.00,0.00,0.00,0,0,0,30598,29859,29708,-30598,-29859,-29708,RUNNING
26251,1,0.00,0.00,0.00,0,0,0,30656,29920,29770,-30656,-29920,-29770,RUNNING
26273,1,0.00,0.00,0.00,0,0,0,30720,29983,29837,-30720,-29983,-29837,RUNNING
26295,1,0.00,0.00,0.00,0,0,0,30784,30053,29914,-30784,-30053,-29914,RUNNING
26317,1,0.00,0.00,0.00,0,0,0,30856,30117,29986,-30856,-30117,-29986,RUNNING
26339,1,0.00,0.00,0.00,0,0,0,30935,30185,30054,-30935,-30185,-30054,RUNNING
26363,1,0.00,0.00,0.00,0,0,0,31012,30277,30140,-31012,-30277,-30140,RUNNING
26385,1,0.00,0.00,0.00,0,0,0,31084,30351,30209,-31084,-30351,-30209,RUNNING
26407,1,0.00,0.00,0.00,0,0,0,31173,30420,30277,-31173,-30420,-30277,RUNNING
26429,1,0.00,0.00,0.00,0,0,0,31250,30500,30345,-31250,-30500,-30345,RUNNING
26451,1,0.00,0.00,0.00,0,0,0,31320,30574,30405,-31320,-30574,-30405,RUNNING
26473,1,0.00,0.00,0.00,0,0,0,31399,30643,30465,-31399,-30643,-30465,RUNNING
26495,1,0.00,0.00,0.00,0,0,0,31475,30705,30531,-31475,-30705,-30531,RUNNING
26519,1,0.00,0.00,0.00,0,0,0,31548,30777,30597,-31548,-30777,-30597,RUNNING
26541,1,0.00,0.00,0.00,0,0,0,31616,30835,30655,-31616,-30835,-30655,RUNNING
26563,1,0.00,0.00,0.00,0,0,0,31678,30898,30727,-31678,-30898,-30727,RUNNING
26585,1,0.00,0.00,0.00,0,0,0,31746,30965,30797,-31746,-30965,-30797,RUNNING
26607,1,0.00,0.00,0.00,0,0,0,31821,31025,30875,-31821,-31025,-30875,RUNNING
26629,1,0.00,0.00,0.00,0,0,0,31886,31088,30955,-31886,-31088,-30955,RUNNING
26653,1,0.00,0.00,0.00,0,0,0,31956,31170,31041,-31956,-31170,-31041,RUNNING
26675,1,0.00,0.00,0.00,0,0,0,32033,31242,31128,-32033,-31242,-31128,RUNNING
26697,1,0.00,0.00,0.00,0,0,0,32107,31310,31218,-32107,-31310,-31218,RUNNING
26719,1,0.00,0.00,0.00,0,0,0,32176,31386,31299,-32176,-31386,-31299,RUNNING
26741,1,0.00,0.00,0.00,0,0,0,32243,31459,31373,-32243,-31459,-31373,RUNNING
26763,1,0.00,0.00,0.00,0,0,0,32306,31533,31450,-32306,-31533,-31450,RUNNING
26785,1,0.00,0.00,0.00,0,0,0,32369,31597,31517,-32369,-31597,-31517,RUNNING
26809,1,0.00,0.00,0.00,0,0,0,32440,31668,31603,-32440,-31668,-31603,RUNNING
26831,1,0.00,0.00,0.00,0,0,0,32499,31727,31667,-32499,-31727,-31667,RUNNING
26853,1,0.00,0.00,0.00,0,0,0,32554,31789,31726,-32554,-31789,-31726,RUNNING
26875,1,0.00,0.00,0.00,0,0,0,32617,31853,31802,-32617,-31853,-31802,RUNNING
26897,1,0.00,0.00,0.00,0,0,0,32677,31914,31871,-32677,-31914,-31871,RUNNING
26919,1,0.00,0.00,0.00,0,0,0,32737,31972,31941,-32737,-31972,-31941,RUNNING
26941,1,0.00,0.00,0.00,0,0,0,32803,32044,32019,-32803,-32044,-32019,RUNNING
26987,1,0.00,0.00,0.00,0,0,0,32950,32186,32179,-32950,-32186,-32179,RUNNING
27011,1,0.00,0.00,0.00,0,0,0,33039,32263,32267,-33039,-32263,-32267,RUNNING
27035,1,0.00,0.00,0.00,0,0,0,33120,32348,32343,-33120,-32348,-32343,RUNNING
27059,1,0.00,0.00,0.00,0,0,0,33199,32430,32417,-33199,-32430,-32417,RUNNING
27083,1,0.00,0.00,0.00,0,0,0,33295,32514,32494,-33295,-32514,-32494,RUNNING
27107,1,0.00,0.00,0.00,0,0,0,33380,32591,32560,-33380,-32591,-32560,RUNNING
27131,1,0.00,0.00,0.00,0,0,0,33460,32669,32626,-33460,-32669,-32626,RUNNING
27157,1,0.00,0.00,0.00,0,0,0,33562,32754,32706,-33562,-32754,-32706,RUNNING
27180,1,0.00,0.00,0.00,0,0,0,33650,32820,32771,-33650,-32820,-32771,RUNNING
27203,1,0.00,0.00,0.00,0,0,0,33723,32887,32844,-33723,-32887,-32844,RUNNING
27226,1,0.00,0.00,0.00,0,0,0,33800,32958,32927,-33800,-32958,-32927,RUNNING
27249,1,0.00,0.00,0.00,0,0,0,33885,33027,33004,-33885,-33027,-33004,RUNNING
27272,1,0.00,0.00,0.00,0,0,0,33959,33101,33090,-33959,-33101,-33090,RUNNING
27297,1,0.00,0.00,0.00,0,0,0,34038,33179,33181,-34038,-33179,-33181,RUNNING
27320,1,0.00,0.00,0.00,0,0,0,34112,33253,33263,-34112,-33253,-33263,RUNNING
27343,1,0.00,0.00,0.00,0,0,0,34189,33339,33350,-34189,-33339,-33350,RUNNING
27366,1,0.00,0.00,0.00,0,0,0,34271,33419,33425,-34271,-33419,-33425,RUNNING
27389,1,0.00,0.00,0.00,0,0,0,34339,33495,33494,-34339,-33495,-33494,RUNNING
27412,1,0.00,0.00,0.00,0,0,0,34401,33576,33571,-34401,-33576,-33571,RUNNING
27435,1,0.00,0.00,0.00,0,0,0,34471,33650,33638,-34471,-33650,-33638,RUNNING
27460,1,0.00,0.00,0.00,0,0,0,34546,33729,33711,-34546,-33729,-33711,RUNNING
27483,1,0.00,0.00,0.00,0,0,0,34610,33801,33786,-34610,-33801,-33786,RUNNING
27506,1,0.00,0.00,0.00,0,0,0,34672,33865,33860,-34672,-33865,-33860,RUNNING
27529,1,0.00,0.00,0.00,0,0,0,34735,33931,33940,-34735,-33931,-33940,RUNNING
27552,1,0.00,0.00,0.00,0,0,0,34810,34002,34023,-34810,-34002,-34023,RUNNING
27575,1,0.00,0.00,0.00,0,0,0,34884,34062,34105,-34884,-34062,-34105,RUNNING
27598,1,0.00,0.00,0.00,0,0,0,34949,34127,34194,-34949,-34127,-34194,RUNNING
27623,1,0.00,0.00,0.00,0,0,0,35037,34209,34291,-35037,-34209,-34291,RUNNING
27646,1,0.00,0.00,0.00,0,0,0,35122,34282,34367,-35122,-34282,-34367,RUNNING
27669,1,0.00,0.00,0.00,0,0,0,35204,34359,34442,-35204,-34359,-34442,RUNNING
27692,1,0.00,0.00,0.00,0,0,0,35289,34437,34516,-35289,-34437,-34516,RUNNING
27715,1,0.00,0.00,0.00,0,0,0,35362,34516,34584,-35362,-34516,-34584,RUNNING
27738,1,0.00,0.00,0.00,0,0,0,35449,34599,34649,-35449,-34599,-34649,RUNNING
27761,1,0.00,0.00,0.00,0,0,0,35528,34672,34718,-35528,-34672,-34718,RUNNING
27786,1,0.00,0.00,0.00,0,0,0,35603,34744,34796,-35603,-34744,-34796,RUNNING
27809,1,0.00,0.00,0.00,0,0,0,35685,34810,34873,-35685,-34810,-34873,RUNNING
27832,1,0.00,0.00,0.00,0,0,0,35764,34884,34952,-35764,-34884,-34952,RUNNING
27855,1,0.00,0.00,0.00,0,0,0,35825,34943,35052,-35825,-34943,-35052,RUNNING
27878,1,0.00,0.00,0.00,0,0,0,35896,35009,35142,-35896,-35009,-35142,RUNNING
27901,1,0.00,0.00,0.00,0,0,0,35977,35083,35229,-35977,-35083,-35229,RUNNING
27926,1,0.00,0.00,0.00,0,0,0,36057,35156,35330,-36057,-35156,-35330,RUNNING
27949,1,0.00,0.00,0.00,0,0,0,36131,35224,35411,-36131,-35224,-35411,RUNNING
27972,1,0.00,0.00,0.00,0,0,0,36200,35301,35494,-36200,-35301,-35494,RUNNING
27995,1,0.00,0.00,0.00,0,0,0,36271,35375,35569,-36271,-35375,-35569,RUNNING
28018,1,0.00,0.00,0.00,0,0,0,36347,35457,35636,-36347,-35457,-35636,RUNNING
28083,1,0.00,0.00,0.00,0,0,0,36530,35659,35834,-36530,-35659,-35834,RUNNING
28106,1,0.00,0.00,0.00,0,0,0,36596,35731,35913,-36596,-35731,-35913,RUNNING
28131,1,0.00,0.00,0.00,0,0,0,36669,35803,35994,-36669,-35803,-35994,RUNNING
28154,1,0.00,0.00,0.00,0,0,0,36735,35862,36071,-36735,-35862,-36071,RUNNING
28177,1,0.00,0.00,0.00,0,0,0,36790,35925,36156,-36790,-35925,-36156,RUNNING
28200,1,0.00,0.00,0.00,0,0,0,36854,35991,36232,-36854,-35991,-36232,RUNNING
28223,1,0.00,0.00,0.00,0,0,0,36940,36063,36316,-36940,-36063,-36316,RUNNING
28246,1,0.00,0.00,0.00,0,0,0,37010,36127,36398,-37010,-36127,-36398,RUNNING
28269,1,0.00,0.00,0.00,0,0,0,37076,36193,36466,-37076,-36193,-36466,RUNNING
28294,1,0.00,0.00,0.00,0,0,0,37169,36274,36541,-37169,-36274,-36541,RUNNING
28317,1,0.00,0.00,0.00,0,0,0,37258,36356,36609,-37258,-36356,-36609,RUNNING
28340,1,0.00,0.00,0.00,0,0,0,37336,36432,36672,-37336,-36432,-36672,RUNNING
28363,1,0.00,0.00,0.00,0,0,0,37414,36505,36738,-37414,-36505,-36738,RUNNING
28386,1,0.00,0.00,0.00,0,0,0,37489,36590,36803,-37489,-36590,-36803,RUNNING
28409,1,0.00,0.00,0.00,0,0,0,37576,36674,36870,-37576,-36674,-36870,RUNNING
28432,1,0.00,0.00,0.00,0,0,0,37661,36749,36946,-37661,-36749,-36946,RUNNING
28457,1,0.00,0.00,0.00,0,0,0,37752,36823,37029,-37752,-36823,-37029,RUNNING
28480,1,0.00,0.00,0.00,0,0,0,37839,36895,37104,-37839,-36895,-37104,RUNNING
28503,1,0.00,0.00,0.00,0,0,0,37915,36965,37195,-37915,-36965,-37195,RUNNING
28526,1,0.00,0.00,0.00,0,0,0,37983,37035,37284,-37983,-37035,-37284,RUNNING
28549,1,0.00,0.00,0.00,0,0,0,38060,37100,37364,-38060,-37100,-37364,RUNNING
28572,1,0.00,0.00,0.00,0,0,0,38144,37170,37450,-38144,-37170,-37450,RUNNING
28597,1,0.00,0.00,0.00,0,0,0,38219,37254,37533,-38219,-37254,-37533,RUNNING
28620,1,0.00,0.00,0.00,0,0,0,38289,37328,37606,-38289,-37328,-37606,RUNNING
28643,1,0.00,0.00,0.00,0,0,0,38368,37403,37682,-38368,-37403,-37682,RUNNING
28666,1,0.00,0.00,0.00,0,0,0,38439,37483,37749,-38439,-37483,-37749,RUNNING
28689,1,0.00,0.00,0.00,0,0,0,38509,37565,37821,-38509,-37565,-37821,RUNNING
28712,1,0.00,0.00,0.00,0,0,0,38577,37651,37900,-38577,-37651,-37900,RUNNING
28735,1,0.00,0.00,0.00,0,0,0,38637,37724,37972,-38637,-37724,-37972,RUNNING
28760,1,0.00,0.00,0.00,0,0,0,38710,37798,38061,-38710,-37798,-38061,RUNNING
28783,1,0.00,0.00,0.00,0,0,0,38779,37876,38149,-38779,-37876,-38149,RUNNING
28806,1,0.00,0.00,0.00,0,0,0,38840,37946,38231,-38840,-37946,-38231,RUNNING
28829,1,0.00,0.00,0.00,0,0,0,38907,38003,38317,-38907,-38003,-38317,RUNNING
28852,1,0.00,0.00,0.00,0,0,0,38977,38071,38400,-38977,-38071,-38400,RUNNING
28875,1,0.00,0.00,0.00,0,0,0,39055,38139,38484,-39055,-38139,-38484,RUNNING
28898,1,0.00,0.00,0.00,0,0,0,39139,38205,38564,-39139,-38205,-38564,RUNNING
28923,1,0.00,0.00,0.00,0,0,0,39219,38282,38635,-39219,-38282,-38635,RUNNING
28946,1,0.00,0.00,0.00,0,0,0,39301,38353,38706,-39301,-38353,-38706,RUNNING
28969,1,0.00,0.00,0.00,0,0,0,39392,38434,38774,-39392,-38434,-38774,RUNNING
28992,1,0.00,0.00,0.00,0,0,0,39465,38519,38839,-39465,-38519,-38839,RUNNING
29015,1,0.00,0.00,0.00,0,0,0,39545,38594,38909,-39545,-38594,-38909,RUNNING
29038,1,0.00,0.00,0.00,0,0,0,39628,38667,38985,-39628,-38667,-38985,RUNNING
29061,1,0.00,0.00,0.00,0,0,0,39697,38747,39065,-39697,-38747,-39065,RUNNING
29086,1,0.00,0.00,0.00,0,0,0,39778,38827,39160,-39778,-38827,-39160,RUNNING
29109,1,0.00,0.00,0.00,0,0,0,39855,38890,39244,-39855,-38890,-39244,RUNNING
29132,1,0.00,0.00,0.00,0,0,0,39922,38956,39333,-39922,-38956,-39333,RUNNING
29155,1,0.00,0.00,0.00,0,0,0,39999,39022,39426,-39999,-39022,-39426,RUNNING
29178,1,0.00,0.00,0.00,0,0,0,40071,39086,39507,-40071,-39086,-39507,RUNNING
29201,1,0.00,0.00,0.00,0,0,0,40139,39153,39585,-40139,-39153,-39585,RUNNING
29226,1,0.00,0.00,0.00,0,0,0,40228,39225,39668,-40228,-39225,-39668,RUNNING
29249,1,0.00,0.00,0.00,0,0,0,40302,39292,39738,-40302,-39292,-39738,RUNNING
29272,1,0.00,0.00,0.00,0,0,0,40371,39374,39806,-40371,-39374,-39806,RUNNING
29295,1,0.00,0.00,0.00,0,0,0,40441,39448,39874,-40441,-39448,-39874,RUNNING
29318,1,0.00,0.00,0.00,0,0,0,40508,39519,39942,-40508,-39519,-39942,RUNNING
29341,1,0.00,0.00,0.00,0,0,0,40573,39599,40021,-40573,-39599,-40021,RUNNING
29364,1,0.00,0.00,0.00,0,0,0,40641,39675,40095,-40641,-39675,-40095,RUNNING
29389,1,0.00,0.00,0.00,0,0,0,40706,39751,40176,-40706,-39751,-40176,RUNNING
29412,1,0.00,0.00,0.00,0,0,0,40765,39821,40263,-40765,-39821,-40263,RUNNING
29435,1,0.00,0.00,0.00,0,0,0,40834,39886,40341,-40834,-39886,-40341,RUNNING
29458,1,0.00,0.00,0.00,0,0,0,40897,39953,40419,-40897,-39953,-40419,RUNNING
29481,1,0.00,0.00,0.00,0,0,0,40957,40023,40499,-40957,-40023,-40499,RUNNING
29504,1,0.00,0.00,0.00,0,0,0,41025,40084,40567,-41025,-40084,-40567,RUNNING
29527,1,0.00,0.00,0.00,0,0,0,41103,40150,40643,-41103,-40150,-40643,RUNNING
29552,1,0.00,0.00,0.00,0,0,0,41187,40230,40715,-41187,-40230,-40715,RUNNING
29575,1,0.00,0.00,0.00,0,0,0,41261,40298,40775,-41261,-40298,-40775,RUNNING
29598,1,0.00,0.00,0.00,0,0,0,41338,40368,40846,-41338,-40368,-40846,RUNNING
29621,1,0.00,0.00,0.00,0,0,0,41419,40447,40911,-41419,-40447,-40911,RUNNING
29644,1,0.00,0.00,0.00,0,0,0,41507,40523,40978,-41507,-40523,-40978,RUNNING
29667,1,0.00,0.00,0.00,0,0,0,41581,40606,41059,-41581,-40606,-41059,RUNNING
29692,1,0.00,0.00,0.00,0,0,0,41668,40687,41145,-41668,-40687,-41145,RUNNING
29715,1,0.00,0.00,0.00,0,0,0,41760,40760,41230,-41760,-40760,-41230,RUNNING
29738,1,0.00,0.00,0.00,0,0,0,41840,40839,41317,-41840,-40839,-41317,RUNNING
29761,1,0.00,0.00,0.00,0,0,0,41920,40912,41404,-41920,-40912,-41404,RUNNING
29784,1,0.00,0.00,0.00,0,0,0,42002,40982,41490,-42002,-40982,-41490,RUNNING
29807,1,0.00,0.00,0.00,0,0,0,42083,41049,41572,-42083,-41049,-41572,RUNNING
29830,1,0.00,0.00,0.00,0,0,0,42152,41120,41647,-42152,-41120,-41647,RUNNING
29855,1,0.00,0.00,0.00,0,0,0,42234,41197,41730,-42234,-41197,-41730,RUNNING
29878,1,0.00,0.00,0.00,0,0,0,42309,41266,41805,-42309,-41266,-41805,RUNNING
29901,1,0.00,0.00,0.00,0,0,0,42388,41337,41872,-42388,-41337,-41872,RUNNING
29924,1,0.00,0.00,0.00,0,0,0,42467,41411,41952,-42467,-41411,-41952,RUNNING
29947,1,0.00,0.00,0.00,0,0,0,42535,41497,42026,-42535,-41497,-42026,RUNNING
29970,1,0.00,0.00,0.00,0,0,0,42600,41569,42101,-42600,-41569,-42101,RUNNING
29993,1,0.00,0.00,0.00,0,0,0,42678,41636,42185,-42678,-41636,-42185,RUNNING
30018,1,0.00,0.00,0.00,0,0,0,42734,41730,42273,-42734,-41730,-42273,RUNNING
30041,1,0.00,0.00,0.00,0,0,0,42815,41816,42355,-42815,-41816,-42355,RUNNING
30064,1,0.00,0.00,0.00,0,0,0,42869,41894,42451,-42869,-41894,-42451,RUNNING
30087,1,0.00,0.00,0.00,0,0,0,42931,41961,42523,-42931,-41961,-42523,RUNNING
30110,1,0.00,0.00,0.00,0,0,0,43009,42028,42595,-43009,-42028,-42595,RUNNING
30133,1,0.00,0.00,0.00,0,0,0,43074,42097,42669,-43074,-42097,-42669,RUNNING
30156,1,0.00,0.00,0.00,0,0,0,43147,42159,42735,-43147,-42159,-42735,RUNNING
30181,1,0.00,0.00,0.00,0,0,0,43242,42230,42813,-43242,-42230,-42813,RUNNING
30204,1,0.00,0.00,0.00,0,0,0,43325,42294,42880,-43325,-42294,-42880,RUNNING
30227,1,0.00,0.00,0.00,0,0,0,43408,42364,42945,-43408,-42364,-42945,RUNNING
30250,1,0.00,0.00,0.00,0,0,0,43490,42440,43022,-43490,-42440,-43022,RUNNING
30273,1,0.00,0.00,0.00,0,0,0,43571,42511,43093,-43571,-42511,-43093,RUNNING
30296,1,0.00,0.00,0.00,0,0,0,43650,42589,43170,-43650,-42589,-43170,RUNNING
30321,1,0.00,0.00,0.00,0,0,0,43740,42677,43268,-43740,-42677,-43268,RUNNING
30344,1,0.00,0.00,0.00,0,0,0,43804,42752,43355,-43804,-42752,-43355,RUNNING
30367,1,0.00,0.00,0.00,0,0,0,43882,42831,43440,-43882,-42831,-43440,RUNNING
30390,1,0.00,0.00,0.00,0,0,0,43964,42902,43527,-43964,-42902,-43527,RUNNING
30413,1,0.00,0.00,0.00,0,0,0,44017,42968,43610,-44017,-42968,-43610,RUNNING
30436,1,0.00,0.00,0.00,0,0,0,44087,43044,43690,-44087,-43044,-43690,RUNNING
30459,1,0.00,0.00,0.00,0,0,0,44164,43103,43760,-44164,-43103,-43760,RUNNING
30484,1,0.00,0.00,0.00,0,0,0,44252,43167,43832,-44252,-43167,-43832,RUNNING
30507,1,0.00,0.00,0.00,0,0,0,44329,43234,43905,-44329,-43234,-43905,RUNNING
30530,1,0.00,0.00,0.00,0,0,0,44399,43304,43974,-44399,-43304,-43974,RUNNING
30553,1,0.00,0.00,0.00,0,0,0,44470,43372,44040,-44470,-43372,-44040,RUNNING
30576,1,0.00,0.00,0.00,0,0,0,44542,43447,44114,-44542,-43447,-44114,RUNNING
30599,1,0.00,0.00,0.00,0,0,0,44609,43519,44193,-44609,-43519,-44193,RUNNING
30622,1,0.00,0.00,0.00,0,0,0,44670,43603,44268,-44670,-43603,-44268,RUNNING
30647,1,0.00,0.00,0.00,0,0,0,44735,43690,44358,-44735,-43690,-44358,RUNNING
30670,1,0.00,0.00,0.00,0,0,0,44802,43761,44437,-44802,-43761,-44437,RUNNING
30693,1,0.00,0.00,0.00,0,0,0,44863,43831,44524,-44863,-43831,-44524,RUNNING
30716,1,0.00,0.00,0.00,0,0,0,44929,43908,44604,-44929,-43908,-44604,RUNNING
30739,1,0.00,0.00,0.00,0,0,0,44995,43971,44672,-44995,-43971,-44672,RUNNING
30762,1,0.00,0.00,0.00,0,0,0,45063,44032,44746,-45063,-44032,-44746,RUNNING
30785,1,0.00,0.00,0.00,0,0,0,45141,44099,44814,-45141,-44099,-44814,RUNNING
30928,1,0.00,0.00,0.00,0,0,0,45628,44528,45256,-45628,-44528,-45256,RUNNING
30951,1,0.00,0.00,0.00,0,0,0,45715,44608,45352,-45715,-44608,-45352,RUNNING
30974,1,0.00,0.00,0.00,0,0,0,45796,44685,45444,-45796,-44685,-45444,RUNNING
30997,1,0.00,0.00,0.00,0,0,0,45880,44764,45527,-45880,-44764,-45527,RUNNING
31020,1,0.00,0.00,0.00,0,0,0,45964,44848,45610,-45964,-44848,-45610,RUNNING
31043,1,0.00,0.00,0.00,0,0,0,46042,44916,45690,-46042,-44916,-45690,RUNNING
31068,1,0.00,0.00,0.00,0,0,0,46140,44993,45770,-46140,-44993,-45770,RUNNING
31091,1,0.00,0.00,0.00,0,0,0,46215,45066,45844,-46215,-45066,-45844,RUNNING
31222,1,0.00,0.00,0.00,0,0,0,46639,45475,46254,-46639,-45475,-46254,RUNNING
31245,1,0.00,0.00,0.00,0,0,0,46713,45543,46338,-46713,-45543,-46338,RUNNING
31268,1,0.00,0.00,0.00,0,0,0,46777,45619,46416,-46777,-45619,-46416,RUNNING
31291,1,0.00,0.00,0.00,0,0,0,46842,45703,46501,-46842,-45703,-46501,RUNNING
31314,1,0.00,0.00,0.00,0,0,0,46908,45780,46579,-46908,-45780,-46579,RUNNING
31339,1,0.00,0.00,0.00,0,0,0,46987,45868,46660,-46987,-45868,-46660,RUNNING
31362,1,0.00,0.00,0.00,0,0,0,47052,45941,46737,-47052,-45941,-46737,RUNNING
31385,1,0.00,0.00,0.00,0,0,0,47117,46009,46801,-47117,-46009,-46801,RUNNING
31514,1,0.00,0.00,0.00,0,0,0,47573,46390,47187,-47573,-46390,-47187,RUNNING
31537,1,0.00,0.00,0.00,0,0,0,47649,46455,47263,-47649,-46455,-47263,RUNNING
31560,1,0.00,0.00,0.00,0,0,0,47726,46526,47349,-47726,-46526,-47349,RUNNING
31583,1,0.00,0.00,0.00,0,0,0,47810,46601,47433,-47810,-46601,-47433,RUNNING
31608,1,0.00,0.00,0.00,0,0,0,47889,46691,47532,-47889,-46691,-47532,RUNNING
31631,1,0.00,0.00,0.00,0,0,0,47957,46766,47620,-47957,-46766,-47620,RUNNING
31654,1,0.00,0.00,0.00,0,0,0,48038,46840,47695,-48038,-46840,-47695,RUNNING
31677,1,0.00,0.00,0.00,0,0,0,48102,46924,47776,-48102,-46924,-47776,RUNNING
31810,1,0.00,0.00,0.00,0,0,0,437,47313,48194,-437,-47313,-48194,RUNNING
31833,1,0.00,0.00,0.00,0,0,0,488,47378,48268,-488,-47378,-48268,RUNNING
31856,1,0.00,0.00,0.00,0,0,0,489,47442,48340,-489,-47442,-48340,RUNNING
31881,1,0.00,0.00,0.00,0,0,0,507,47526,48437,-507,-47526,-48437,RUNNING
31904,1,0.00,0.00,0.00,0,0,0,511,47602,48518,-511,-47602,-48518,RUNNING
31927,1,0.00,0.00,0.00,0,0,0,512,47673,48598,-512,-47673,-48598,RUNNING
31950,1,0.00,0.00,0.00,0,0,0,514,47750,48680,-514,-47750,-48680,RUNNING
31973,1,0.00,0.00,0.00,0,0,0,513,47830,48752,-513,-47830,-48752,RUNNING
31996,1,0.00,0.00,0.00,0,0,0,512,47901,48833,-512,-47901,-48833,RUNNING
32019,1,0.00,0.00,0.00,0,0,0,513,47973,48899,-513,-47973,-48899,RUNNING
32044,1,0.00,0.00,0.00,0,0,0,515,48046,48968,-515,-48046,-48968,RUNNING
32067,1,0.00,0.00,0.00,0,0,0,513,48111,49039,-513,-48111,-49039,RUNNING
32090,1,0.00,0.00,0.00,0,0,0,512,48176,49102,-512,-48176,-49102,RUNNING
32113,1,0.00,0.00,0.00,0,0,0,513,48239,49166,-513,-48239,-49166,RUNNING
32136,1,0.00,0.00,0.00,0,0,0,512,48304,49241,-512,-48304,-49241,RUNNING
32159,1,0.00,0.00,0.00,0,0,0,510,48370,49317,-510,-48370,-49317,RUNNING
32182,1,0.00,0.00,0.00,0,0,0,509,48443,80,-509,-48443,-80,RUNNING
32207,1,0.00,0.00,0.00,0,0,0,507,48520,156,-507,-48520,-156,RUNNING
32230,1,0.00,0.00,0.00,0,0,0,504,48586,201,-504,-48586,-201,RUNNING
32253,1,0.00,0.00,0.00,0,0,0,502,48664,239,-502,-48664,-239,RUNNING
32276,1,0.00,0.00,0.00,0,0,0,500,48753,261,-500,-48753,-261,RUNNING
32299,1,0.00,0.00,0.00,0,0,0,496,48815,275,-496,-48815,-275,RUNNING
32322,1,0.00,0.00,0.00,0,0,0,493,48908,287,-493,-48908,-287,RUNNING
32345,1,0.00,0.00,0.00,0,0,0,490,48966,298,-490,-48966,-298,RUNNING
32368,1,0.00,0.00,0.00,0,0,0,488,49044,315,-488,-49044,-315,RUNNING
32393,1,0.00,0.00,0.00,0,0,0,485,49119,322,-485,-49119,-322,RUNNING
32416,1,0.00,0.00,0.00,0,0,0,482,49189,325,-482,-49189,-325,RUNNING
32439,1,0.00,0.00,0.00,0,0,0,480,49253,326,-480,-49253,-326,RUNNING
32462,1,0.00,0.00,0.00,0,0,0,479,49329,326,-479,-49329,-326,RUNNING
32485,1,0.00,0.00,0.00,0,0,0,477,49403,326,-477,-49403,-326,RUNNING
32508,1,0.00,0.00,0.00,0,0,0,476,49469,325,-476,-49469,-325,RUNNING
32531,1,0.00,0.00,0.00,0,0,0,474,49542,325,-474,-49542,-325,RUNNING
32557,1,0.00,0.00,0.00,0,0,0,474,49630,325,-474,-49630,-325,RUNNING
32581,1,0.00,0.00,0.00,0,0,0,474,49713,325,-474,-49713,-325,RUNNING
32605,1,0.00,0.00,0.00,0,0,0,474,49793,325,-474,-49793,-325,RUNNING
32629,1,0.00,0.00,0.00,0,0,0,475,49874,325,-475,-49874,-325,RUNNING
32653,1,0.00,0.00,0.00,0,0,0,474,49960,325,-474,-49960,-325,RUNNING
32677,1,0.00,0.00,0.00,0,0,0,474,50042,326,-474,-50042,-326,RUNNING
32701,1,0.00,0.00,0.00,0,0,0,474,50112,326,-474,-50112,-326,RUNNING
32725,1,0.00,0.00,0.00,0,0,0,474,50189,326,-474,-50189,-326,RUNNING
32751,1,0.00,0.00,0.00,0,0,0,474,50264,326,-474,-50264,-326,RUNNING
32774,1,0.00,0.00,0.00,0,0,0,474,50331,326,-474,-50331,-326,RUNNING
32797,1,0.00,0.00,0.00,0,0,0,474,50401,326,-474,-50401,-326,RUNNING
32820,1,0.00,0.00,0.00,0,0,0,474,50460,326,-474,-50460,-326,RUNNING
32843,1,0.00,0.00,0.00,0,0,0,474,50531,326,-474,-50531,-326,RUNNING
32866,1,0.00,0.00,0.00,0,0,0,474,50606,326,-474,-50606,-326,RUNNING
32889,1,0.00,0.00,0.00,0,0,0,474,50672,326,-474,-50672,-326,RUNNING
32914,1,0.00,0.00,0.00,0,0,0,474,50753,326,-474,-50753,-326,RUNNING
32937,1,0.00,0.00,0.00,0,0,0,474,50831,326,-474,-50831,-326,RUNNING
32956,1,0.00,0.00,0.00,0,0,0,474,0,326,-474,0,-326,LIMIT_SWITCHES_REACHED
32978,2,0.00,0.00,0.00,0,0,0,475,136,327,-475,-136,-327,RUNNING
33021,2,0.00,0.00,0.00,0,0,0,0,0,0,0,0,0,HOMING_MOVING_TO_STANDOFF
33043,3,0.00,0.00,0.00,0,0,0,0,40,0,0,-40,0,RUNNING
33066,3,0.00,0.00,0.00,0,0,0,-1,59,0,1,-59,0,RUNNING
33089,3,0.00,0.00,0.00,0,0,0,-11,57,-18,11,-57,18,RUNNING
33114,3,0.00,0.00,0.00,0,0,0,-46,26,-62,46,-26,62,RUNNING
33137,3,0.00,0.00,0.00,0,0,0,-94,-20,-118,94,20,118,RUNNING
33160,3,0.00,0.00,0.00,0,0,0,-154,-81,-190,154,81,190,RUNNING
33183,3,0.00,0.00,0.00,0,0,0,-227,-156,-266,227,156,266,RUNNING
33206,3,0.00,0.00,0.00,0,0,0,-292,-233,-338,292,233,338,RUNNING
33229,3,0.00,0.00,0.00,0,0,0,-355,-312,-413,355,312,413,RUNNING
33252,3,0.00,0.00,0.00,0,0,0,-434,-383,-486,434,383,486,RUNNING
33275,3,0.00,0.00,0.00,0,0,0,-504,-457,-554,504,457,554,RUNNING
33300,3,0.00,0.00,0.00,0,0,0,-579,-537,-626,579,537,626,RUNNING
33323,3,0.00,0.00,0.00,0,0,0,-659,-607,-697,659,607,697,RUNNING
33346,3,0.00,0.00,0.00,0,0,0,-725,-678,-763,725,678,763,RUNNING
33369,3,0.00,0.00,0.00,0,0,0,-808,-753,-843,808,753,843,RUNNING
33392,3,0.00,0.00,0.00,0,0,0,-895,-833,-922,895,833,922,RUNNING
33415,3,0.00,0.00,0.00,0,0,0,-967,-912,-1007,967,912,1007,RUNNING
33438,3,0.00,0.00,0.00,0,0,0,-1056,-982,-1092,1056,982,1092,RUNNING
33461,3,0.00,0.00,0.00,0,0,0,-1147,-1066,-1182,1147,1066,1182,RUNNING
33486,3,0.00,0.00,0.00,0,0,0,-1233,-1170,-1286,1233,1170,1286,RUNNING
33509,3,0.00,0.00,0.00,0,0,0,-1320,-1253,-1367,1320,1253,1367,RUNNING
33532,3,0.00,0.00,0.00,0,0,0,-1400,-1340,-1448,1400,1340,1448,RUNNING
33555,3,0.00,0.00,0.00,0,0,0,-1477,-1424,-1531,1477,1424,1531,RUNNING
33578,3,0.00,0.00,0.00,0,0,0,-1552,-1502,-1604,1552,1502,1604,RUNNING
33601,3,0.00,0.00,0.00,0,0,0,-1616,-1583,-1679,1616,1583,1679,RUNNING
33624,3,0.00,0.00,0.00,0,0,0,-1690,-1656,-1753,1690,1656,1753,RUNNING
33647,3,0.00,0.00,0.00,0,0,0,-1764,-1742,-1830,1764,1742,1830,RUNNING
33672,3,0.00,0.00,0.00,0,0,0,-1836,-1836,-1921,1836,1836,1921,RUNNING
33695,3,0.00,0.00,0.00,0,0,0,-1913,-1903,-1999,1913,1903,1999,RUNNING
33718,3,0.00,0.00,0.00,0,0,0,-1992,-1976,-2085,1992,1976,2085,RUNNING
33741,3,0.00,0.00,0.00,0,0,0,-2065,-2067,-2180,2065,2067,2180,RUNNING
33764,3,0.00,0.00,0.00,0,0,0,-2154,-2146,-2269,2154,2146,2269,RUNNING
33787,3,0.00,0.00,0.00,0,0,0,-2234,-2225,-2361,2234,2225,2361,RUNNING
33810,3,0.00,0.00,0.00,0,0,0,-2318,-2317,-2448,2318,2317,2448,RUNNING
33835,3,0.00,0.00,0.00,0,0,0,-2406,-2402,-2533,2406,2402,2533,RUNNING
33858,3,0.00,0.00,0.00,0,0,0,-2478,-2486,-2609,2478,2486,2609,RUNNING
33881,3,0.00,0.00,0.00,0,0,0,-2569,-2557,-2678,2569,2557,2678,RUNNING
33904,3,0.00,0.00,0.00,0,0,0,-2653,-2629,-2750,2653,2629,2750,RUNNING
33927,3,0.00,0.00,0.00,0,0,0,-2734,-2711,-2819,2734,2711,2819,RUNNING
33950,3,0.00,0.00,0.00,0,0,0,-2818,-2777,-2888,2818,2777,2888,RUNNING
33973,3,0.00,0.00,0.00,0,0,0,-2899,-2846,-2973,2899,2846,2973,RUNNING
33998,3,0.00,0.00,0.00,0,0,0,-2996,-2919,-3057,2996,2919,3057,RUNNING
34021,3,0.00,0.00,0.00,0,0,0,-3084,-2983,-3145,3084,2983,3145,RUNNING
34044,3,0.00,0.00,0.00,0,0,0,-3158,-3057,-3235,3158,3057,3235,RUNNING
34185,3,0.00,0.00,0.00,0,0,0,-3640,-3554,-3740,3640,3554,3740,RUNNING
34425,3,0.00,0.00,0.00,0,0,0,-4389,-4368,-4584,4389,4368,4584,RUNNING
34667,3,0.00,0.00,0.00,0,0,0,-5223,-5166,-5437,5223,5166,5437,RUNNING
34746,3,0.00,0.00,0.00,0,0,0,-5507,-5479,-5681,5507,5479,5681,RUNNING
34939,3,0.00,0.00,0.00,0,0,0,-6109,-6153,-6361,6109,6153,6361,RUNNING
34962,3,0.00,0.00,0.00,0,0,0,-6193,-6222,-6452,6193,6222,6452,RUNNING
34985,3,0.00,0.00,0.00,0,0,0,-6260,-6271,-6520,6260,6271,6520,RUNNING
35008,3,0.00,0.00,0.00,0,0,0,-6297,-6331,-6566,6297,6331,6566,RUNNING
35031,3,0.00,0.00,0.00,0,0,0,-6349,-6381,-6616,6349,6381,6616,RUNNING
35054,3,0.00,0.00,0.00,0,0,0,-6413,-6442,-6655,6413,6442,6655,RUNNING
35077,3,0.00,0.00,0.00,0,0,0,-6480,-6519,-6717,6480,6519,6717,RUNNING
35100,3,0.00,0.00,0.00,0,0,0,-6556,-6582,-6778,6556,6582,6778,RUNNING
35125,3,0.00,0.00,0.00,0,0,0,-6637,-6667,-6851,6637,6667,6851,RUNNING
35148,3,0.00,0.00,0.00,0,0,0,-6714,-6739,-6919,6714,6739,6919,RUNNING
35171,3,0.00,0.00,0.00,0,0,0,-6788,-6799,-6990,6788,6799,6990,RUNNING
35194,3,0.00,0.00,0.00,0,0,0,-6873,-6877,-7063,6873,6877,7063,RUNNING
35217,3,0.00,0.00,0.00,0,0,0,-6960,-6950,-7142,6960,6950,7142,RUNNING
35240,3,0.00,0.00,0.00,0,0,0,-7037,-7010,-7231,7037,7010,7231,RUNNING
35263,3,0.00,0.00,0.00,0,0,0,-7127,-7076,-7318,7127,7076,7318,RUNNING
35288,3,0.00,0.00,0.00,0,0,0,-7217,-7157,-7412,7217,7157,7412,RUNNING
35311,3,0.00,0.00,0.00,0,0,0,-7301,-7231,-7502,7301,7231,7502,RUNNING
35334,3,0.00,0.00,0.00,0,0,0,-7382,-7311,-7587,7382,7311,7587,RUNNING
35357,3,0.00,0.00,0.00,0,0,0,-7458,-7397,-7669,7458,7397,7669,RUNNING
35380,3,0.00,0.00,0.00,0,0,0,-7539,-7480,-7760,7539,7480,7760,RUNNING
35403,3,0.00,0.00,0.00,0,0,0,-7620,-7558,-7837,7620,7558,7837,RUNNING
35426,3,0.00,0.00,0.00,0,0,0,-7682,-7643,-7921,7682,7643,7921,RUNNING
35451,3,0.00,0.00,0.00,0,0,0,-7754,-7725,-8003,7754,7725,8003,RUNNING
35474,3,0.00,0.00,0.00,0,0,0,-7826,-7803,-8087,7826,7803,8087,RUNNING
35497,3,0.00,0.00,0.00,0,0,0,-7892,-7870,-8177,7892,7870,8177,RUNNING
35520,3,0.00,0.00,0.00,0,0,0,-7956,-7941,-8267,7956,7941,8267,RUNNING
35543,3,0.00,0.00,0.00,0,0,0,-8027,-8020,-8357,8027,8020,8357,RUNNING
35566,3,0.00,0.00,0.00,0,0,0,-8099,-8089,-8451,8099,8089,8451,RUNNING
35589,3,0.00,0.00,0.00,0,0,0,-8173,-8168,-8542,8173,8168,8542,RUNNING
35612,3,0.00,0.00,0.00,0,0,0,-8249,-8252,-8625,8249,8252,8625,RUNNING
35637,3,0.00,0.00,0.00,0,0,0,-8334,-8356,-8706,8334,8356,8706,RUNNING
35660,3,0.00,0.00,0.00,0,0,0,-8421,-8445,-8782,8421,8445,8782,RUNNING
35683,3,0.00,0.00,0.00,0,0,0,-8493,-8521,-8852,8493,8521,8852,RUNNING
35706,3,0.00,0.00,0.00,0,0,0,-8566,-8596,-8926,8566,8596,8926,RUNNING
35729,3,0.00,0.00,0.00,0,0,0,-8655,-8684,-8996,8655,8684,8996,RUNNING
35752,3,0.00,0.00,0.00,0,0,0,-8726,-8756,-9075,8726,8756,9075,RUNNING
35775,3,0.00,0.00,0.00,0,0,0,-8797,-8827,-9152,8797,8827,9152,RUNNING
35800,3,0.00,0.00,0.00,0,0,0,-8882,-8900,-9242,8882,8900,9242,RUNNING
35823,3,0.00,0.00,0.00,0,0,0,-8958,-8971,-9329,8958,8971,9329,RUNNING
35846,3,0.00,0.00,0.00,0,0,0,-9042,-9055,-9414,9042,9055,9414,RUNNING
35869,3,0.00,0.00,0.00,0,0,0,-9123,-9132,-9499,9123,9132,9499,RUNNING
35892,3,0.00,0.00,0.00,0,0,0,-9201,-9217,-9581,9201,9217,9581,RUNNING
35915,3,0.00,0.00,0.00,0,0,0,-9295,-9305,-9660,9295,9305,9660,RUNNING
35938,3,0.00,0.00,0.00,0,0,0,-9381,-9393,-9735,9381,9393,9735,RUNNING
35963,3,0.00,0.00,0.00,0,0,0,-9467,-9482,-9814,9467,9482,9814,RUNNING
35986,3,0.00,0.00,0.00,0,0,0,-9551,-9576,-9890,9551,9576,9890,RUNNING
36009,3,0.00,0.00,0.00,0,0,0,-9635,-9663,-9963,9635,9663,9963,RUNNING
36032,3,0.00,0.00,0.00,0,0,0,-9709,-9741,-10034,9709,9741,10034,RUNNING
36055,3,0.00,0.00,0.00,0,0,0,-9774,-9810,-10116,9774,9810,10116,RUNNING
36078,3,0.00,0.00,0.00,0,0,0,-9839,-9888,-10202,9839,9888,10202,RUNNING
36101,3,0.00,0.00,0.00,0,0,0,-9915,-9979,-10291,9915,9979,10291,RUNNING
36124,3,0.00,0.00,0.00,0,0,0,-9984,-10063,-10379,9984,10063,10379,RUNNING
36149,3,0.00,0.00,0.00,0,0,0,-10053,-10129,-10474,10053,10129,10474,RUNNING
36172,3,0.00,0.00,0.00,0,0,0,-10136,-10214,-10561,10136,10214,10561,RUNNING
36195,3,0.00,0.00,0.00,0,0,0,-10211,-10301,-10640,10211,10301,10640,RUNNING
36218,3,0.00,0.00,0.00,0,0,0,-10290,-10379,-10720,10290,10379,10720,RUNNING
36241,3,0.00,0.00,0.00,0,0,0,-10373,-10469,-10796,10373,10469,10796,RUNNING
36264,3,0.00,0.00,0.00,0,0,0,-10450,-10557,-10870,10450,10557,10870,RUNNING
36289,3,0.00,0.00,0.00,0,0,0,-10551,-10643,-10947,10551,10643,10947,RUNNING
36312,3,0.00,0.00,0.00,0,0,0,-10621,-10718,-11017,10621,10718,11017,RUNNING
36335,3,0.00,0.00,0.00,0,0,0,-10701,-10786,-11095,10701,10786,11095,RUNNING
36358,3,0.00,0.00,0.00,0,0,0,-10788,-10869,-11184,10788,10869,11184,RUNNING
36381,3,0.00,0.00,0.00,0,0,0,-10863,-10942,-11267,10863,10942,11267,RUNNING
36404,3,0.00,0.00,0.00,0,0,0,-10943,-11006,-11351,10943,11006,11351,RUNNING
36427,3,0.00,0.00,0.00,0,0,0,-11028,-11079,-11442,11028,11079,11442,RUNNING
36452,3,0.00,0.00,0.00,0,0,0,-11113,-11153,-11539,11113,11153,11539,RUNNING
36475,3,0.00,0.00,0.00,0,0,0,-11203,-11217,-11625,11203,11217,11625,RUNNING
36498,3,0.00,0.00,0.00,0,0,0,-11285,-11288,-11706,11285,11288,11706,RUNNING
36521,3,0.00,0.00,0.00,0,0,0,-11366,-11373,-11790,11366,11373,11790,RUNNING
36544,3,0.00,0.00,0.00,0,0,0,-11464,-11463,-11869,11464,11463,11869,RUNNING
36567,3,0.00,0.00,0.00,0,0,0,-11543,-11536,-11951,11543,11536,11951,RUNNING
36590,3,0.00,0.00,0.00,0,0,0,-11613,-11616,-12027,11613,11616,12027,RUNNING
36615,3,0.00,0.00,0.00,0,0,0,-11699,-11706,-12115,11699,11706,12115,RUNNING
36638,3,0.00,0.00,0.00,0,0,0,-11771,-11785,-12200,11771,11785,12200,RUNNING
36661,3,0.00,0.00,0.00,0,0,0,-11839,-11858,-12287,11839,11858,12287,RUNNING
36684,3,0.00,0.00,0.00,0,0,0,-11907,-11930,-12379,11907,11930,12379,RUNNING
36707,3,0.00,0.00,0.00,0,0,0,-11970,-12002,-12469,11970,12002,12469,RUNNING
36730,3,0.00,0.00,0.00,0,0,0,-12043,-12079,-12558,12043,12079,12558,RUNNING
36753,3,0.00,0.00,0.00,0,0,0,-12115,-12145,-12646,12115,12145,12646,RUNNING
36778,3,0.00,0.00,0.00,0,0,0,-12185,-12222,-12733,12185,12222,12733,RUNNING
36801,3,0.00,0.00,0.00,0,0,0,-12262,-12309,-12810,12262,12309,12810,RUNNING
36824,3,0.00,0.00,0.00,0,0,0,-12345,-12401,-12881,12345,12401,12881,RUNNING
36847,3,0.00,0.00,0.00,0,0,0,-12416,-12484,-12953,12416,12484,12953,RUNNING
36870,3,0.00,0.00,0.00,0,0,0,-12495,-12571,-13025,12495,12571,13025,RUNNING
36893,3,0.00,0.00,0.00,0,0,0,-12581,-12654,-13094,12581,12654,13094,RUNNING
36918,3,0.00,0.00,0.00,0,0,0,-12661,-12742,-13176,12661,12742,13176,RUNNING
36941,3,0.00,0.00,0.00,0,0,0,-12743,-12818,-13255,12743,12818,13255,RUNNING
36964,3,0.00,0.00,0.00,0,0,0,-12809,-12892,-13340,12809,12892,13340,RUNNING
36987,3,0.00,0.00,0.00,0,0,0,-12885,-12967,-13422,12885,12967,13422,RUNNING
37010,3,0.00,0.00,0.00,0,0,0,-12971,-13036,-13505,12971,13036,13505,RUNNING
37033,3,0.00,0.00,0.00,0,0,0,-13039,-13097,-13591,13039,13097,13591,RUNNING
37056,3,0.00,0.00,0.00,0,0,0,-13117,-13181,-13672,13117,13181,13672,RUNNING
37081,3,0.00,0.00,0.00,0,0,0,-13214,-13280,-13757,13214,13280,13757,RUNNING
37104,3,0.00,0.00,0.00,0,0,0,-13294,-13358,-13829,13294,13358,13829,RUNNING
37127,3,0.00,0.00,0.00,0,0,0,-13380,-13442,-13904,13380,13442,13904,RUNNING
37150,3,0.00,0.00,0.00,0,0,0,-13463,-13528,-13977,13463,13528,13977,RUNNING
37173,3,0.00,0.00,0.00,0,0,0,-13549,-13621,-14050,13549,13621,14050,RUNNING
37196,3,0.00,0.00,0.00,0,0,0,-13636,-13710,-14127,13636,13710,14127,RUNNING
37219,3,0.00,0.00,0.00,0,0,0,-13706,-13793,-14207,13706,13793,14207,RUNNING
37244,3,0.00,0.00,0.00,0,0,0,-13784,-13879,-14296,13784,13879,14296,RUNNING
37267,3,0.00,0.00,0.00,0,0,0,-13863,-13954,-14383,13863,13954,14383,RUNNING
37290,3,0.00,0.00,0.00,0,0,0,-13927,-14029,-14477,13927,14029,14477,RUNNING
37313,3,0.00,0.00,0.00,0,0,0,-13996,-14115,-14565,13996,14115,14565,RUNNING
37336,3,0.00,0.00,0.00,0,0,0,-14065,-14197,-14665,14065,14197,14665,RUNNING
37359,3,0.00,0.00,0.00,0,0,0,-14133,-14278,-14744,14133,14278,14744,RUNNING
37384,3,0.00,0.00,0.00,0,0,0,-14214,-14357,-14830,14214,14357,14830,RUNNING
37407,3,0.00,0.00,0.00,0,0,0,-14283,-14436,-14902,14283,14436,14902,RUNNING
37430,3,0.00,0.00,0.00,0,0,0,-14364,-14533,-14973,14364,14533,14973,RUNNING
37453,3,0.00,0.00,0.00,0,0,0,-14458,-14625,-15048,14458,14625,15048,RUNNING
37476,3,0.00,0.00,0.00,0,0,0,-14531,-14696,-15120,14531,14696,15120,RUNNING
37499,3,0.00,0.00,0.00,0,0,0,-14613,-14776,-15192,14613,14776,15192,RUNNING
37522,3,0.00,0.00,0.00,0,0,0,-14695,-14853,-15271,14695,14853,15271,RUNNING
37547,3,0.00,0.00,0.00,0,0,0,-14781,-14933,-15367,14781,14933,15367,RUNNING
37570,3,0.00,0.00,0.00,0,0,0,-14868,-15001,-15452,14868,15001,15452,RUNNING
37593,3,0.00,0.00,0.00,0,0,0,-14942,-15071,-15524,14942,15071,15524,RUNNING
37616,3,0.00,0.00,0.00,0,0,0,-15024,-15147,-15572,15024,15147,15572,RUNNING
37745,3,0.00,0.00,0.00,0,0,0,-15501,-15551,-15908,15501,15551,15908,RUNNING
37867,3,0.00,0.00,0.00,0,0,0,-15908,-15971,-16294,15908,15971,16294,RUNNING
38065,3,0.00,0.00,0.00,0,0,0,-16016,-16464,-16816,16016,16464,16816,RUNNING
38415,3,0.00,0.00,0.00,0,0,0,-16947,-17606,-17539,16947,17606,17539,RUNNING
38603,3,0.00,0.00,0.00,0,0,0,-17606,-18262,-17846,17606,18262,17846,RUNNING
38626,3,0.00,0.00,0.00,0,0,0,-17661,-18302,-17856,17661,18302,17856,RUNNING
38649,3,0.00,0.00,0.00,0,0,0,-17678,-18316,-17857,17678,18316,17857,RUNNING
38672,3,0.00,0.00,0.00,0,0,0,-17656,-18290,-17829,17656,18290,17829,RUNNING
38695,3,0.00,0.00,0.00,0,0,0,-17613,-18248,-17786,17613,18248,17786,RUNNING
38718,3,0.00,0.00,0.00,0,0,0,-17589,-18217,-17766,17589,18217,17766,RUNNING
38743,3,0.00,0.00,0.00,0,0,0,-17596,-18211,-17777,17596,18211,17777,RUNNING
38766,3,0.00,0.00,0.00,0,0,0,-17632,-18225,-17799,17632,18225,17799,RUNNING
38789,3,0.00,0.00,0.00,0,0,0,-17672,-18233,-17823,17672,18233,17823,RUNNING
38812,3,0.00,0.00,0.00,0,0,0,-17682,-18212,-17826,17682,18212,17826,RUNNING
38835,3,0.00,0.00,0.00,0,0,0,-17659,-18170,-17797,17659,18170,17797,RUNNING
38858,3,0.00,0.00,0.00,0,0,0,-17619,-18137,-17758,17619,18137,17758,RUNNING
38883,3,0.00,0.00,0.00,0,0,0,-17606,-18128,-17739,17606,18128,17739,RUNNING
38906,3,0.00,0.00,0.00,0,0,0,-17620,-18152,-17749,17620,18152,17749,RUNNING
38929,3,0.00,0.00,0.00,0,0,0,-17662,-18177,-17776,17662,18177,17776,RUNNING
38952,3,0.00,0.00,0.00,0,0,0,-17698,-18166,-17804,17698,18166,17804,RUNNING
38975,3,0.00,0.00,0.00,0,0,0,-17698,-18131,-17807,17698,18131,17807,RUNNING
38998,3,0.00,0.00,0.00,0,0,0,-17661,-18088,-17781,17661,18088,17781,RUNNING
39021,3,0.00,0.00,0.00,0,0,0,-17623,-18072,-17739,17623,18072,17739,RUNNING
39046,3,0.00,0.00,0.00,0,0,0,-17611,-18091,-17722,17611,18091,17722,RUNNING
39069,3,0.00,0.00,0.00,0,0,0,-17626,-18118,-17732,17626,18118,17732,RUNNING
39092,3,0.00,0.00,0.00,0,0,0,-17669,-18126,-17765,17669,18126,17765,RUNNING
39115,3,0.00,0.00,0.00,0,0,0,-17701,-18095,-17791,17701,18095,17791,RUNNING
39138,3,0.00,0.00,0.00,0,0,0,-17694,-18048,-17794,17694,18048,17794,RUNNING
39161,3,0.00,0.00,0.00,0,0,0,-17657,-18020,-17763,17657,18020,17763,RUNNING
39184,3,0.00,0.00,0.00,0,0,0,-17628,-18024,-17724,17628,18024,17724,RUNNING
39209,3,0.00,0.00,0.00,0,0,0,-17631,-18056,-17709,17631,18056,17709,RUNNING
39232,3,0.00,0.00,0.00,0,0,0,-17665,-18076,-17720,17665,18076,17720,RUNNING
39255,3,0.00,0.00,0.00,0,0,0,-17697,-18062,-17755,17697,18062,17755,RUNNING
39278,3,0.00,0.00,0.00,0,0,0,-17703,-18021,-17780,17703,18021,17780,RUNNING
39301,3,0.00,0.00,0.00,0,0,0,-17674,-17980,-17778,17674,17980,17778,RUNNING
39324,3,0.00,0.00,0.00,0,0,0,-17637,-17964,-17742,17637,17964,17742,RUNNING
39347,3,0.00,0.00,0.00,0,0,0,-17625,-17980,-17701,17625,17980,17701,RUNNING
39372,3,0.00,0.00,0.00,0,0,0,-17648,-18013,-17686,17648,18013,17686,RUNNING
39395,3,0.00,0.00,0.00,0,0,0,-17695,-18024,-17698,17695,18024,17698,RUNNING
39418,3,0.00,0.00,0.00,0,0,0,-17715,-18003,-17733,17715,18003,17733,RUNNING
39441,3,0.00,0.00,0.00,0,0,0,-17701,-17958,-17755,17701,17958,17755,RUNNING
39464,3,0.00,0.00,0.00,0,0,0,-17659,-17922,-17758,17659,17922,17758,RUNNING
39487,3,0.00,0.00,0.00,0,0,0,-17634,-17918,-17725,17634,17918,17725,RUNNING
39523,3,0.00,0.00,0.00,0,0,0,-17659,-17977,-17660,17659,17977,17660,RUNNING
39548,3,0.00,0.00,0.00,0,0,0,-17716,-18013,-17645,17716,18013,17645,RUNNING
39573,3,0.00,0.00,0.00,0,0,0,-17744,-18016,-17665,17744,18016,17665,RUNNING
39598,3,0.00,0.00,0.00,0,0,0,-17734,-17977,-17702,17734,17977,17702,RUNNING
39623,3,0.00,0.00,0.00,0,0,0,-17693,-17924,-17724,17693,17924,17724,RUNNING
39648,3,0.00,0.00,0.00,0,0,0,-17657,-17897,-17722,17657,17897,17722,RUNNING
39673,3,0.00,0.00,0.00,0,0,0,-17655,-17906,-17679,17655,17906,17679,RUNNING
39700,3,0.00,0.00,0.00,0,0,0,-17703,-17961,-17633,17703,17961,17633,RUNNING
39725,3,0.00,0.00,0.00,0,0,0,-17749,-17990,-17631,17749,17990,17631,RUNNING
39750,3,0.00,0.00,0.00,0,0,0,-17768,-17974,-17654,17768,17974,17654,RUNNING
39775,3,0.00,0.00,0.00,0,0,0,-17747,-17923,-17688,17747,17923,17688,RUNNING
39800,3,0.00,0.00,0.00,0,0,0,-17704,-17889,-17704,17704,17889,17704,RUNNING
39825,3,0.00,0.00,0.00,0,0,0,-17677,-17884,-17694,17677,17884,17694,RUNNING
39850,3,0.00,0.00,0.00,0,0,0,-17689,-17911,-17646,17689,17911,17646,RUNNING
39877,3,0.00,0.00,0.00,0,0,0,-17737,-17951,-17607,17737,17951,17607,RUNNING
39902,3,0.00,0.00,0.00,0,0,0,-17770,-17956,-17614,17770,17956,17614,RUNNING
39927,3,0.00,0.00,0.00,0,0,0,-17768,-17918,-17643,17768,17918,17643,RUNNING
39952,3,0.00,0.00,0.00,0,0,0,-17730,-17866,-17673,17730,17866,17673,RUNNING
39977,3,0.00,0.00,0.00,0,0,0,-17689,-17842,-17679,17689,17842,17679,RUNNING
40002,3,0.00,0.00,0.00,0,0,0,-17669,-17850,-17660,17669,17850,17660,RUNNING
40027,3,0.00,0.00,0.00,0,0,0,-17697,-17890,-17611,17697,17890,17611,RUNNING
40054,3,0.00,0.00,0.00,0,0,0,-17748,-17916,-17598,17748,17916,17598,RUNNING
40079,3,0.00,0.00,0.00,0,0,0,-17780,-17904,-17617,17780,17904,17617,RUNNING
40104,3,0.00,0.00,0.00,0,0,0,-17766,-17861,-17659,17766,17861,17659,RUNNING
40129,3,0.00,0.00,0.00,0,0,0,-17726,-17823,-17684,17726,17823,17684,RUNNING
40154,3,0.00,0.00,0.00,0,0,0,-17697,-17820,-17688,17697,17820,17688,RUNNING
40179,3,0.00,0.00,0.00,0,0,0,-17700,-17850,-17645,17700,17850,17645,RUNNING
40206,3,0.00,0.00,0.00,0,0,0,-17743,-17886,-17583,17743,17886,17583,RUNNING
40231,3,0.00,0.00,0.00,0,0,0,-17781,-17891,-17566,17781,17891,17566,RUNNING
40256,3,0.00,0.00,0.00,0,0,0,-17786,-17858,-17582,17786,17858,17582,RUNNING
40281,3,0.00,0.00,0.00,0,0,0,-17754,-17808,-17624,17754,17808,17624,RUNNING
40306,3,0.00,0.00,0.00,0,0,0,-17712,-17785,-17652,17712,17785,17652,RUNNING
40331,3,0.00,0.00,0.00,0,0,0,-17695,-17798,-17655,17695,17798,17655,RUNNING
40356,3,0.00,0.00,0.00,0,0,0,-17715,-17845,-17630,17715,17845,17630,RUNNING
40383,3,0.00,0.00,0.00,0,0,0,-17764,-17870,-17574,17764,17870,17574,RUNNING
40408,3,0.00,0.00,0.00,0,0,0,-17788,-17853,-17559,17788,17853,17559,RUNNING
40433,3,0.00,0.00,0.00,0,0,0,-17773,-17803,-17576,17773,17803,17576,RUNNING
40458,3,0.00,0.00,0.00,0,0,0,-17730,-17770,-17620,17730,17770,17620,RUNNING
40483,3,0.00,0.00,0.00,0,0,0,-17703,-17769,-17653,17703,17769,17653,RUNNING
40508,3,0.00,0.00,0.00,0,0,0,-17704,-17807,-17664,17704,17807,17664,RUNNING
40533,3,0.00,0.00,0.00,0,0,0,-17745,-17842,-17620,17745,17842,17620,RUNNING
40560,3,0.00,0.00,0.00,0,0,0,-17780,-17848,-17561,17780,17848,17561,RUNNING
40585,3,0.00,0.00,0.00,0,0,0,-17784,-17809,-17537,17784,17809,17537,RUNNING
40610,3,0.00,0.00,0.00,0,0,0,-17752,-17755,-17552,17752,17755,17552,RUNNING
40635,3,0.00,0.00,0.00,0,0,0,-17712,-17728,-17584,17712,17728,17584,RUNNING
40660,3,0.00,0.00,0.00,0,0,0,-17696,-17749,-17611,17696,17749,17611,RUNNING
40685,3,0.00,0.00,0.00,0,0,0,-17716,-17801,-17612,17716,17801,17612,RUNNING
40710,3,0.00,0.00,0.00,0,0,0,-17759,-17831,-17606,17759,17831,17606,RUNNING
40737,3,0.00,0.00,0.00,0,0,0,-17780,-17815,-17567,17780,17815,17567,RUNNING
40762,3,0.00,0.00,0.00,0,0,0,-17760,-17771,-17560,17760,17771,17560,RUNNING
40874,3,0.00,0.00,0.00,0,0,0,-17471,-17770,-17765,17471,17770,17765,RUNNING
40978,3,0.00,0.00,0.00,0,0,0,-17348,-17874,-18005,17348,17874,18005,RUNNING
41121,3,0.00,0.00,0.00,0,0,0,-17696,-17846,-17824,17696,17846,17824,RUNNING
41286,3,0.00,0.00,0.00,0,0,0,-18193,-17399,-17274,18193,17399,17274,RUNNING
41313,3,0.00,0.00,0.00,0,0,0,-18252,-17319,-17219,18252,17319,17219,RUNNING
41338,3,0.00,0.00,0.00,0,0,0,-18255,-17289,-17221,18255,17289,17221,RUNNING
41363,3,0.00,0.00,0.00,0,0,0,-18228,-17295,-17255,18228,17295,17255,RUNNING
41388,3,0.00,0.00,0.00,0,0,0,-18183,-17333,-17297,18183,17333,17297,RUNNING
41413,3,0.00,0.00,0.00,0,0,0,-18150,-17377,-17330,18150,17377,17330,RUNNING
41438,3,0.00,0.00,0.00,0,0,0,-18144,-17401,-17318,18144,17401,17318,RUNNING
41463,3,0.00,0.00,0.00,0,0,0,-18159,-17385,-17282,18159,17385,17282,RUNNING
41490,3,0.00,0.00,0.00,0,0,0,-18167,-17341,-17267,18167,17341,17267,RUNNING
41515,3,0.00,0.00,0.00,0,0,0,-18150,-17329,-17283,18150,17329,17283,RUNNING
41540,3,0.00,0.00,0.00,0,0,0,-18110,-17347,-17319,18110,17347,17319,RUNNING
41565,3,0.00,0.00,0.00,0,0,0,-18062,-17398,-17366,18062,17398,17366,RUNNING
41590,3,0.00,0.00,0.00,0,0,0,-18043,-17437,-17388,18043,17437,17388,RUNNING
41615,3,0.00,0.00,0.00,0,0,0,-18059,-17449,-17373,18059,17449,17373,RUNNING
41640,3,0.00,0.00,0.00,0,0,0,-18091,-17416,-17339,18091,17416,17339,RUNNING
41667,3,0.00,0.00,0.00,0,0,0,-18100,-17373,-17331,18100,17373,17331,RUNNING
41692,3,0.00,0.00,0.00,0,0,0,-18074,-17362,-17350,18074,17362,17350,RUNNING
41717,3,0.00,0.00,0.00,0,0,0,-18028,-17389,-17395,18028,17389,17395,RUNNING
41742,3,0.00,0.00,0.00,0,0,0,-17994,-17443,-17439,17994,17443,17439,RUNNING
41767,3,0.00,0.00,0.00,0,0,0,-17992,-17474,-17454,17992,17474,17454,RUNNING
41792,3,0.00,0.00,0.00,0,0,0,-18022,-17472,-17432,18022,17472,17432,RUNNING
41819,3,0.00,0.00,0.00,0,0,0,-18047,-17427,-17385,18047,17427,17385,RUNNING
41844,3,0.00,0.00,0.00,0,0,0,-18036,-17394,-17374,18036,17394,17374,RUNNING
41869,3,0.00,0.00,0.00,0,0,0,-18000,-17394,-17388,18000,17394,17388,RUNNING
41894,3,0.00,0.00,0.00,0,0,0,-17963,-17434,-17424,17963,17434,17424,RUNNING
41919,3,0.00,0.00,0.00,0,0,0,-17951,-17484,-17463,17951,17484,17463,RUNNING
41944,3,0.00,0.00,0.00,0,0,0,-17961,-17512,-17476,17961,17512,17476,RUNNING
41969,3,0.00,0.00,0.00,0,0,0,-17983,-17496,-17477,17983,17496,17477,RUNNING
41996,3,0.00,0.00,0.00,0,0,0,-17980,-17442,-17430,17980,17442,17430,RUNNING
42021,3,0.00,0.00,0.00,0,0,0,-17948,-17419,-17406,17948,17419,17406,RUNNING
42046,3,0.00,0.00,0.00,0,0,0,-17914,-17432,-17410,17914,17432,17410,RUNNING
42071,3,0.00,0.00,0.00,0,0,0,-17894,-17483,-17439,17894,17483,17439,RUNNING
42096,3,0.00,0.00,0.00,0,0,0,-17911,-17527,-17478,17911,17527,17478,RUNNING
42121,3,0.00,0.00,0.00,0,0,0,-17941,-17537,-17510,17941,17537,17510,RUNNING
42146,3,0.00,0.00,0.00,0,0,0,-17953,-17501,-17512,17953,17501,17512,RUNNING
42173,3,0.00,0.00,0.00,0,0,0,-17936,-17457,-17460,17936,17457,17460,RUNNING
42198,3,0.00,0.00,0.00,0,0,0,-17896,-17445,-17414,17896,17445,17414,RUNNING
42223,3,0.00,0.00,0.00,0,0,0,-17853,-17472,-17411,17853,17472,17411,RUNNING
42248,3,0.00,0.00,0.00,0,0,0,-17848,-17530,-17430,17848,17530,17430,RUNNING
42273,3,0.00,0.00,0.00,0,0,0,-17877,-17560,-17467,17877,17560,17467,RUNNING
42298,3,0.00,0.00,0.00,0,0,0,-17906,-17551,-17503,17906,17551,17503,RUNNING
42323,3,0.00,0.00,0.00,0,0,0,-17911,-17504,-17508,17911,17504,17508,RUNNING
42350,3,0.00,0.00,0.00,0,0,0,-17876,-17477,-17494,17876,17477,17494,RUNNING
42375,3,0.00,0.00,0.00,0,0,0,-17828,-17490,-17458,17828,17490,17458,RUNNING
42400,3,0.00,0.00,0.00,0,0,0,-17805,-17540,-17458,17805,17540,17458,RUNNING
42425,3,0.00,0.00,0.00,0,0,0,-17814,-17578,-17483,17814,17578,17483,RUNNING
42450,3,0.00,0.00,0.00,0,0,0,-17851,-17578,-17526,17851,17578,17526,RUNNING
42475,3,0.00,0.00,0.00,0,0,0,-17875,-17544,-17544,17875,17544,17544,RUNNING
42502,3,0.00,0.00,0.00,0,0,0,-17858,-17505,-17531,17858,17505,17531,RUNNING
42527,3,0.00,0.00,0.00,0,0,0,-17813,-17508,-17492,17813,17508,17492,RUNNING
42552,3,0.00,0.00,0.00,0,0,0,-17779,-17550,-17479,17779,17550,17479,RUNNING
42577,3,0.00,0.00,0.00,0,0,0,-17778,-17596,-17494,17778,17596,17494,RUNNING
42602,3,0.00,0.00,0.00,0,0,0,-17810,-17611,-17533,17810,17611,17533,RUNNING
42627,3,0.00,0.00,0.00,0,0,0,-17839,-17591,-17564,17839,17591,17564,RUNNING
42652,3,0.00,0.00,0.00,0,0,0,-17843,-17550,-17573,17843,17550,17573,RUNNING
42679,3,0.00,0.00,0.00,0,0,0,-17807,-17528,-17562,17807,17528,17562,RUNNING
42704,3,0.00,0.00,0.00,0,0,0,-17761,-17555,-17520,17761,17555,17520,RUNNING
42729,3,0.00,0.00,0.00,0,0,0,-17741,-17602,-17506,17741,17602,17506,RUNNING
42754,3,0.00,0.00,0.00,0,0,0,-17759,-17627,-17525,17759,17627,17525,RUNNING
42779,3,0.00,0.00,0.00,0,0,0,-17800,-17618,-17572,17800,17618,17572,RUNNING
42804,3,0.00,0.00,0.00,0,0,0,-17821,-17575,-17607,17821,17575,17607,RUNNING
42829,3,0.00,0.00,0.00,0,0,0,-17807,-17546,-17609,17807,17546,17609,RUNNING
42856,3,0.00,0.00,0.00,0,0,0,-17760,-17552,-17565,17760,17552,17565,RUNNING
42881,3,0.00,0.00,0.00,0,0,0,-17727,-17594,-17527,17727,17594,17527,RUNNING
42906,3,0.00,0.00,0.00,0,0,0,-17722,-17629,-17526,17722,17629,17526,RUNNING
42931,3,0.00,0.00,0.00,0,0,0,-17753,-17638,-17547,17753,17638,17547,RUNNING
42956,3,0.00,0.00,0.00,0,0,0,-17792,-17611,-17580,17792,17611,17580,RUNNING
42981,3,0.00,0.00,0.00,0,0,0,-17807,-17572,-17596,17807,17572,17596,RUNNING
43006,3,0.00,0.00,0.00,0,0,0,-17788,-17556,-17597,17788,17556,17597,RUNNING
43033,3,0.00,0.00,0.00,0,0,0,-17743,-17580,-17564,17743,17580,17564,RUNNING
43058,3,0.00,0.00,0.00,0,0,0,-17712,-17628,-17533,17712,17628,17533,RUNNING
43083,3,0.00,0.00,0.00,0,0,0,-17710,-17655,-17535,17710,17655,17535,RUNNING
43108,3,0.00,0.00,0.00,0,0,0,-17747,-17649,-17568,17747,17649,17568,RUNNING
43133,3,0.00,0.00,0.00,0,0,0,-17779,-17613,-17608,17779,17613,17608,RUNNING
43158,3,0.00,0.00,0.00,0,0,0,-17784,-17577,-17626,17784,17577,17626,RUNNING
43185,3,0.00,0.00,0.00,0,0,0,-17748,-17573,-17609,17748,17573,17609,RUNNING
43210,3,0.00,0.00,0.00,0,0,0,-17705,-17612,-17562,17705,17612,17562,RUNNING
43235,3,0.00,0.00,0.00,0,0,0,-17686,-17657,-17539,17686,17657,17539,RUNNING
43260,3,0.00,0.00,0.00,0,0,0,-17703,-17678,-17551,17703,17678,17551,RUNNING
43285,3,0.00,0.00,0.00,0,0,0,-17747,-17659,-17584,17747,17659,17584,RUNNING
43310,3,0.00,0.00,0.00,0,0,0,-17771,-17614,-17615,17771,17614,17615,RUNNING
43335,3,0.00,0.00,0.00,0,0,0,-17758,-17591,-17620,17758,17591,17620,RUNNING
43362,3,0.00,0.00,0.00,0,0,0,-17712,-17602,-17615,17712,17602,17615,RUNNING
43387,3,0.00,0.00,0.00,0,0,0,-17677,-17649,-17570,17677,17649,17570,RUNNING
43412,3,0.00,0.00,0.00,0,0,0,-17673,-17685,-17546,17673,17685,17546,RUNNING
43437,3,0.00,0.00,0.00,0,0,0,-17711,-17689,-17550,17711,17689,17550,RUNNING
43462,3,0.00,0.00,0.00,0,0,0,-17752,-17650,-17581,17752,17650,17581,RUNNING
43487,3,0.00,0.00,0.00,0,0,0,-17768,-17609,-17622,17768,17609,17622,RUNNING
43512,3,0.00,0.00,0.00,0,0,0,-17744,-17594,-17636,17744,17594,17636,RUNNING
43539,3,0.00,0.00,0.00,0,0,0,-17695,-17618,-17637,17695,17618,17637,RUNNING
43564,3,0.00,0.00,0.00,0,0,0,-17663,-17664,-17603,17663,17664,17603,RUNNING
43589,3,0.00,0.00,0.00,0,0,0,-17676,-17688,-17570,17676,17688,17570,RUNNING
43614,3,0.00,0.00,0.00,0,0,0,-17725,-17677,-17571,17725,17677,17571,RUNNING
43639,3,0.00,0.00,0.00,0,0,0,-17749,-17632,-17591,17749,17632,17591,RUNNING
43664,3,0.00,0.00,0.00,0,0,0,-17739,-17602,-17621,17739,17602,17621,RUNNING
43689,3,0.00,0.00,0.00,0,0,0,-17696,-17603,-17636,17696,17603,17636,RUNNING
43716,3,0.00,0.00,0.00,0,0,0,-17658,-17643,-17636,17658,17643,17636,RUNNING
43858,3,0.00,0.00,0.00,0,0,0,-17934,-17874,-17372,17934,17874,17372,RUNNING
43883,3,0.00,0.00,0.00,0,0,0,-17994,-17893,-17338,17994,17893,17338,RUNNING
43908,3,0.00,0.00,0.00,0,0,0,-18032,-17882,-17337,18032,17882,17337,RUNNING
43933,3,0.00,0.00,0.00,0,0,0,-18029,-17841,-17365,18029,17841,17365,RUNNING
43958,3,0.00,0.00,0.00,0,0,0,-17992,-17808,-17412,17992,17808,17412,RUNNING
43985,3,0.00,0.00,0.00,0,0,0,-17948,-17809,-17448,17948,17809,17448,RUNNING
44010,3,0.00,0.00,0.00,0,0,0,-17928,-17847,-17442,17928,17847,17442,RUNNING
44035,3,0.00,0.00,0.00,0,0,0,-17937,-17878,-17395,17937,17878,17395,RUNNING
44167,3,0.00,0.00,0.00,0,0,0,-18097,-17610,-17566,18097,17610,17566,RUNNING
44192,3,0.00,0.00,0.00,0,0,0,-18107,-17534,-17633,18107,17534,17633,RUNNING
44217,3,0.00,0.00,0.00,0,0,0,-18088,-17485,-17673,18088,17485,17673,RUNNING
44242,3,0.00,0.00,0.00,0,0,0,-18043,-17481,-17677,18043,17481,17677,RUNNING
44269,3,0.00,0.00,0.00,0,0,0,-17992,-17534,-17670,17992,17534,17670,RUNNING
44294,3,0.00,0.00,0.00,0,0,0,-17981,-17585,-17620,17981,17585,17620,RUNNING
44319,3,0.00,0.00,0.00,0,0,0,-17997,-17607,-17592,17997,17607,17592,RUNNING
44344,3,0.00,0.00,0.00,0,0,0,-18020,-17593,-17598,18020,17593,17598,RUNNING
44474,3,0.00,0.00,0.00,0,0,0,-17808,-17241,-17899,17808,17241,17899,RUNNING
44499,3,0.00,0.00,0.00,0,0,0,-17729,-17191,-17964,17729,17191,17964,RUNNING
44524,3,0.00,0.00,0.00,0,0,0,-17679,-17175,-17997,17679,17175,17997,RUNNING
44551,3,0.00,0.00,0.00,0,0,0,-17675,-17191,-17997,17675,17191,17997,RUNNING
44576,3,0.00,0.00,0.00,0,0,0,-17713,-17239,-17983,17713,17239,17983,RUNNING
44601,3,0.00,0.00,0.00,0,0,0,-17757,-17283,-17937,17757,17283,17937,RUNNING
44626,3,0.00,0.00,0.00,0,0,0,-17774,-17305,-17902,17774,17305,17902,RUNNING
44651,3,0.00,0.00,0.00,0,0,0,-17755,-17288,-17896,17755,17288,17896,RUNNING
44784,3,0.00,0.00,0.00,0,0,0,-17375,-17131,-18170,17375,17131,18170,RUNNING
44809,3,0.00,0.00,0.00,0,0,0,-17305,-17128,-18223,17305,17128,18223,RUNNING
44836,3,0.00,0.00,0.00,0,0,0,-17271,-17155,-18237,17271,17155,18237,RUNNING
44861,3,0.00,0.00,0.00,0,0,0,-17281,-17198,-18236,17281,17198,18236,RUNNING
44886,3,0.00,0.00,0.00,0,0,0,-17321,-17237,-18208,17321,17237,18208,RUNNING
44911,3,0.00,0.00,0.00,0,0,0,-17367,-17241,-18148,17367,17241,18148,RUNNING
44936,3,0.00,0.00,0.00,0,0,0,-17391,-17214,-18104,17391,17214,18104,RUNNING
44961,3,0.00,0.00,0.00,0,0,0,-17367,-17199,-18093,17367,17199,18093,RUNNING
44988,3,0.00,0.00,0.00,0,0,0,-17323,-17213,-18101,17323,17213,18101,RUNNING
45013,3,0.00,0.00,0.00,0,0,0,-17307,-17254,-18108,17307,17254,18108,RUNNING
45038,3,0.00,0.00,0.00,0,0,0,-17322,-17302,-18110,17322,17302,18110,RUNNING
45063,3,0.00,0.00,0.00,0,0,0,-17369,-17320,-18106,17369,17320,18106,RUNNING
45088,3,0.00,0.00,0.00,0,0,0,-17414,-17306,-18041,17414,17306,18041,RUNNING
45113,3,0.00,0.00,0.00,0,0,0,-17424,-17273,-17986,17424,17273,17986,RUNNING
45138,3,0.00,0.00,0.00,0,0,0,-17385,-17267,-17957,17385,17267,17957,RUNNING
45165,3,0.00,0.00,0.00,0,0,0,-17343,-17297,-17962,17343,17297,17962,RUNNING
45190,3,0.00,0.00,0.00,0,0,0,-17330,-17349,-17974,17330,17349,17974,RUNNING
45215,3,0.00,0.00,0.00,0,0,0,-17353,-17384,-17984,17353,17384,17984,RUNNING
45240,3,0.00,0.00,0.00,0,0,0,-17403,-17379,-17984,17403,17379,17984,RUNNING
45265,3,0.00,0.00,0.00,0,0,0,-17444,-17341,-17956,17444,17341,17956,RUNNING
45290,3,0.00,0.00,0.00,0,0,0,-17440,-17325,-17906,17440,17325,17906,RUNNING
45315,3,0.00,0.00,0.00,0,0,0,-17394,-17335,-17875,17394,17335,17875,RUNNING
45342,3,0.00,0.00,0.00,0,0,0,-17366,-17387,-17884,17366,17387,17884,RUNNING
45367,3,0.00,0.00,0.00,0,0,0,-17376,-17439,-17897,17376,17439,17897,RUNNING
45392,3,0.00,0.00,0.00,0,0,0,-17424,-17463,-17920,17424,17463,17920,RUNNING
45417,3,0.00,0.00,0.00,0,0,0,-17484,-17448,-17920,17484,17448,17920,RUNNING
45442,3,0.00,0.00,0.00,0,0,0,-17504,-17404,-17897,17504,17404,17897,RUNNING
45467,3,0.00,0.00,0.00,0,0,0,-17485,-17389,-17838,17485,17389,17838,RUNNING
45494,3,0.00,0.00,0.00,0,0,0,-17427,-17410,-17808,17427,17410,17808,RUNNING
45519,3,0.00,0.00,0.00,0,0,0,-17406,-17463,-17816,17406,17463,17816,RUNNING
45544,3,0.00,0.00,0.00,0,0,0,-17421,-17500,-17831,17421,17500,17831,RUNNING
45569,3,0.00,0.00,0.00,0,0,0,-17481,-17502,-17855,17481,17502,17855,RUNNING
45594,3,0.00,0.00,0.00,0,0,0,-17517,-17463,-17857,17517,17463,17857,RUNNING
45619,3,0.00,0.00,0.00,0,0,0,-17523,-17429,-17831,17523,17429,17831,RUNNING
45644,3,0.00,0.00,0.00,0,0,0,-17490,-17425,-17782,17490,17425,17782,RUNNING
45671,3,0.00,0.00,0.00,0,0,0,-17436,-17465,-17761,17436,17465,17761,RUNNING
45696,3,0.00,0.00,0.00,0,0,0,-17417,-17517,-17772,17417,17517,17772,RUNNING
45721,3,0.00,0.00,0.00,0,0,0,-17447,-17544,-17800,17447,17544,17800,RUNNING
45746,3,0.00,0.00,0.00,0,0,0,-17505,-17538,-17824,17505,17538,17824,RUNNING
45771,3,0.00,0.00,0.00,0,0,0,-17531,-17492,-17825,17531,17492,17825,RUNNING
45796,3,0.00,0.00,0.00,0,0,0,-17515,-17462,-17794,17515,17462,17794,RUNNING
45821,3,0.00,0.00,0.00,0,0,0,-17471,-17469,-17746,17471,17469,17746,RUNNING
45849,3,0.00,0.00,0.00,0,0,0,-17444,-17525,-17727,17444,17525,17727,RUNNING
45874,3,0.00,0.00,0.00,0,0,0,-17469,-17572,-17736,17469,17572,17736,RUNNING
45899,3,0.00,0.00,0.00,0,0,0,-17517,-17592,-17765,17517,17592,17765,RUNNING
45924,3,0.00,0.00,0.00,0,0,0,-17546,-17578,-17792,17546,17578,17792,RUNNING
45949,3,0.00,0.00,0.00,0,0,0,-17538,-17531,-17797,17538,17531,17797,RUNNING
45974,3,0.00,0.00,0.00,0,0,0,-17493,-17505,-17772,17493,17505,17772,RUNNING
45999,3,0.00,0.00,0.00,0,0,0,-17462,-17523,-17725,17462,17523,17725,RUNNING
46026,3,0.00,0.00,0.00,0,0,0,-17474,-17581,-17705,17474,17581,17705,RUNNING
46051,3,0.00,0.00,0.00,0,0,0,-17518,-17614,-17715,17518,17614,17715,RUNNING
46076,3,0.00,0.00,0.00,0,0,0,-17554,-17612,-17744,17554,17612,17744,RUNNING
46101,3,0.00,0.00,0.00,0,0,0,-17559,-17581,-17773,17559,17581,17773,RUNNING
46126,3,0.00,0.00,0.00,0,0,0,-17525,-17547,-17777,17525,17547,17777,RUNNING
46151,3,0.00,0.00,0.00,0,0,0,-17485,-17548,-17757,17485,17548,17757,RUNNING
46178,3,0.00,0.00,0.00,0,0,0,-17469,-17586,-17705,17469,17586,17705,RUNNING
46203,3,0.00,0.00,0.00,0,0,0,-17501,-17631,-17683,17501,17631,17683,RUNNING
46228,3,0.00,0.00,0.00,0,0,0,-17553,-17645,-17692,17553,17645,17692,RUNNING
46253,3,0.00,0.00,0.00,0,0,0,-17578,-17628,-17720,17578,17628,17720,RUNNING
46278,3,0.00,0.00,0.00,0,0,0,-17571,-17591,-17746,17571,17591,17746,RUNNING
46303,3,0.00,0.00,0.00,0,0,0,-17526,-17572,-17749,17526,17572,17749,RUNNING
46328,3,0.00,0.00,0.00,0,0,0,-17497,-17596,-17724,17497,17596,17724,RUNNING
46355,3,0.00,0.00,0.00,0,0,0,-17502,-17643,-17673,17502,17643,17673,RUNNING
46380,3,0.00,0.00,0.00,0,0,0,-17543,-17676,-17653,17543,17676,17653,RUNNING
46405,3,0.00,0.00,0.00,0,0,0,-17583,-17670,-17664,17583,17670,17664,RUNNING
46430,3,0.00,0.00,0.00,0,0,0,-17600,-17629,-17696,17600,17629,17696,RUNNING
46455,3,0.00,0.00,0.00,0,0,0,-17581,-17598,-17720,17581,17598,17720,RUNNING
46480,3,0.00,0.00,0.00,0,0,0,-17543,-17595,-17723,17543,17595,17723,RUNNING
46505,3,0.00,0.00,0.00,0,0,0,-17521,-17626,-17713,17521,17626,17713,RUNNING
46532,3,0.00,0.00,0.00,0,0,0,-17542,-17671,-17664,17542,17671,17664,RUNNING
46557,3,0.00,0.00,0.00,0,0,0,-17587,-17693,-17633,17587,17693,17633,RUNNING
46582,3,0.00,0.00,0.00,0,0,0,-17614,-17676,-17637,17614,17676,17637,RUNNING
46607,3,0.00,0.00,0.00,0,0,0,-17605,-17627,-17658,17605,17627,17658,RUNNING
46632,3,0.00,0.00,0.00,0,0,0,-17566,-17604,-17686,17566,17604,17686,RUNNING
46657,3,0.00,0.00,0.00,0,0,0,-17539,-17615,-17694,17539,17615,17694,RUNNING
46682,3,0.00,0.00,0.00,0,0,0,-17540,-17657,-17683,17540,17657,17683,RUNNING
46709,3,0.00,0.00,0.00,0,0,0,-17579,-17698,-17632,17579,17698,17632,RUNNING
46734,3,0.00,0.00,0.00,0,0,0,-17621,-17698,-17602,17621,17698,17602,RUNNING
46759,3,0.00,0.00,0.00,0,0,0,-17640,-17661,-17609,17640,17661,17609,RUNNING
46784,3,0.00,0.00,0.00,0,0,0,-17619,-17620,-17627,17619,17620,17627,RUNNING
46809,3,0.00,0.00,0.00,0,0,0,-17575,-17609,-17655,17575,17609,17655,RUNNING
46834,3,0.00,0.00,0.00,0,0,0,-17551,-17634,-17661,17551,17634,17661,RUNNING
46861,3,0.00,0.00,0.00,0,0,0,-17564,-17682,-17653,17564,17682,17653,RUNNING
46886,3,0.00,0.00,0.00,0,0,0,-17607,-17707,-17604,17607,17707,17604,RUNNING
46911,3,0.00,0.00,0.00,0,0,0,-17639,-17687,-17572,17639,17687,17572,RUNNING
46936,3,0.00,0.00,0.00,0,0,0,-17639,-17638,-17578,17639,17638,17578,RUNNING
46961,3,0.00,0.00,0.00,0,0,0,-17605,-17615,-17601,17605,17615,17601,RUNNING
46986,3,0.00,0.00,0.00,0,0,0,-17568,-17631,-17628,17568,17631,17628,RUNNING
47011,3,0.00,0.00,0.00,0,0,0,-17554,-17680,-17636,17554,17680,17636,RUNNING
47038,3,0.00,0.00,0.00,0,0,0,-17579,-17712,-17622,17579,17712,17622,RUNNING
47063,3,0.00,0.00,0.00,0,0,0,-17623,-17699,-17572,17623,17699,17572,RUNNING
47088,3,0.00,0.00,0.00,0,0,0,-17650,-17655,-17553,17650,17655,17553,RUNNING
47113,3,0.00,0.00,0.00,0,0,0,-17638,-17628,-17564,17638,17628,17564,RUNNING
47138,3,0.00,0.00,0.00,0,0,0,-17596,-17635,-17593,17596,17635,17593,RUNNING
47163,3,0.00,0.00,0.00,0,0,0,-17573,-17676,-17625,17573,17676,17625,RUNNING
47306,3,0.00,0.00,0.00,0,0,0,-17862,-17711,-17354,17862,17711,17354,RUNNING
47660,3,0.00,0.00,0.00,0,0,0,-18475,-17305,-16885,18475,17305,16885,RUNNING
47756,3,0.00,0.00,0.00,0,0,0,-18359,-17208,-17000,18359,17208,17000,RUNNING
47992,3,0.00,0.00,0.00,0,0,0,-17677,-17789,-17716,17677,17789,17716,RUNNING
48233,3,0.00,0.00,0.00,0,0,0,-16856,-18701,-18521,16856,18701,18521,RUNNING
48371,3,0.00,0.00,0.00,0,0,0,-16961,-18605,-18445,16961,18605,18445,RUNNING
48565,3,0.00,0.00,0.00,0,0,0,-17616,-18002,-17806,17616,18002,17806,RUNNING
48671,3,0.00,0.00,0.00,0,0,0,-17954,-17630,-17428,17954,17630,17428,RUNNING
48839,3,0.00,0.00,0.00,0,0,0,-17765,-17870,-17602,17765,17870,17602,RUNNING
48864,3,0.00,0.00,0.00,0,0,0,-17692,-17930,-17687,17692,17930,17687,RUNNING
48889,3,0.00,0.00,0.00,0,0,0,-17643,-17930,-17744,17643,17930,17744,RUNNING
48914,3,0.00,0.00,0.00,0,0,0,-17635,-17938,-17753,17635,17938,17753,RUNNING
48939,3,0.00,0.00,0.00,0,0,0,-17668,-17938,-17753,17668,17938,17753,RUNNING
48964,3,0.00,0.00,0.00,0,0,0,-17718,-17936,-17718,17718,17936,17718,RUNNING
48991,3,0.00,0.00,0.00,0,0,0,-17742,-17884,-17671,17742,17884,17671,RUNNING
49016,3,0.00,0.00,0.00,0,0,0,-17725,-17829,-17655,17725,17829,17655,RUNNING
49041,3,0.00,0.00,0.00,0,0,0,-17665,-17806,-17662,17665,17806,17662,RUNNING
49066,3,0.00,0.00,0.00,0,0,0,-17634,-17805,-17675,17634,17805,17675,RUNNING
49091,3,0.00,0.00,0.00,0,0,0,-17639,-17812,-17707,17639,17812,17707,RUNNING
49116,3,0.00,0.00,0.00,0,0,0,-17684,-17834,-17711,17684,17834,17711,RUNNING
49141,3,0.00,0.00,0.00,0,0,0,-17723,-17838,-17711,17723,17838,17711,RUNNING
49168,3,0.00,0.00,0.00,0,0,0,-17736,-17847,-17681,17736,17847,17681,RUNNING
49193,3,0.00,0.00,0.00,0,0,0,-17699,-17817,-17641,17699,17817,17641,RUNNING
49218,3,0.00,0.00,0.00,0,0,0,-17634,-17761,-17628,17634,17761,17628,RUNNING
49243,3,0.00,0.00,0.00,0,0,0,-17601,-17736,-17633,17601,17736,17633,RUNNING
49268,3,0.00,0.00,0.00,0,0,0,-17606,-17746,-17652,17606,17746,17652,RUNNING
49293,3,0.00,0.00,0.00,0,0,0,-17644,-17798,-17687,17644,17798,17687,RUNNING
49318,3,0.00,0.00,0.00,0,0,0,-17688,-17825,-17692,17688,17825,17692,RUNNING
49345,3,0.00,0.00,0.00,0,0,0,-17697,-17814,-17693,17697,17814,17693,RUNNING
49370,3,0.00,0.00,0.00,0,0,0,-17658,-17768,-17655,17658,17768,17655,RUNNING
49395,3,0.00,0.00,0.00,0,0,0,-17612,-17729,-17611,17612,17729,17611,RUNNING
49420,3,0.00,0.00,0.00,0,0,0,-17588,-17719,-17596,17588,17719,17596,RUNNING
49445,3,0.00,0.00,0.00,0,0,0,-17603,-17765,-17601,17603,17765,17601,RUNNING
49470,3,0.00,0.00,0.00,0,0,0,-17648,-17810,-17623,17648,17810,17623,RUNNING
49495,3,0.00,0.00,0.00,0,0,0,-17682,-17828,-17663,17682,17828,17663,RUNNING
49522,3,0.00,0.00,0.00,0,0,0,-17674,-17805,-17673,17674,17805,17673,RUNNING
49547,3,0.00,0.00,0.00,0,0,0,-17628,-17751,-17674,17628,17751,17674,RUNNING
49572,3,0.00,0.00,0.00,0,0,0,-17597,-17716,-17641,17597,17716,17641,RUNNING
49597,3,0.00,0.00,0.00,0,0,0,-17591,-17728,-17590,17591,17728,17590,RUNNING
49622,3,0.00,0.00,0.00,0,0,0,-17623,-17784,-17575,17623,17784,17575,RUNNING
49647,3,0.00,0.00,0.00,0,0,0,-17668,-17812,-17584,17668,17812,17584,RUNNING
49674,3,0.00,0.00,0.00,0,0,0,-17690,-17796,-17626,17690,17796,17626,RUNNING
49699,3,0.00,0.00,0.00,0,0,0,-17658,-17749,-17659,17658,17749,17659,RUNNING
49724,3,0.00,0.00,0.00,0,0,0,-17609,-17710,-17668,17609,17710,17668,RUNNING
49749,3,0.00,0.00,0.00,0,0,0,-17583,-17711,-17668,17583,17711,17668,RUNNING
49774,3,0.00,0.00,0.00,0,0,0,-17592,-17758,-17628,17592,17758,17628,RUNNING
49799,3,0.00,0.00,0.00,0,0,0,-17638,-17798,-17579,17638,17798,17579,RUNNING
49824,3,0.00,0.00,0.00,0,0,0,-17676,-17804,-17566,17676,17804,17566,RUNNING
49851,3,0.00,0.00,0.00,0,0,0,-17678,-17771,-17576,17678,17771,17576,RUNNING
49876,3,0.00,0.00,0.00,0,0,0,-17637,-17714,-17603,17637,17714,17603,RUNNING
49901,3,0.00,0.00,0.00,0,0,0,-17593,-17690,-17637,17593,17690,17637,RUNNING
49926,3,0.00,0.00,0.00,0,0,0,-17577,-17710,-17641,17577,17710,17641,RUNNING
49951,3,0.00,0.00,0.00,0,0,0,-17598,-17770,-17645,17598,17770,17645,RUNNING
49976,3,0.00,0.00,0.00,0,0,0,-17644,-17799,-17608,17644,17799,17608,RUNNING
50001,3,0.00,0.00,0.00,0,0,0,-17673,-17783,-17566,17673,17783,17566,RUNNING
50028,3,0.00,0.00,0.00,0,0,0,-17658,-17728,-17557,17658,17728,17557,RUNNING
50053,3,0.00,0.00,0.00,0,0,0,-17625,-17685,-17581,17625,17685,17581,RUNNING
50078,3,0.00,0.00,0.00,0,0,0,-17595,-17680,-17617,17595,17680,17617,RUNNING
50103,3,0.00,0.00,0.00,0,0,0,-17593,-17679,-17624,17593,17679,17624,RUNNING
50128,3,0.00,0.00,0.00,0,0,0,-17633,-17721,-17625,17633,17721,17625,RUNNING
50153,3,0.00,0.00,0.00,0,0,0,-17694,-17750,-17601,17694,17750,17601,RUNNING
50180,3,0.00,0.00,0.00,0,0,0,-17719,-17774,-17566,17719,17774,17566,RUNNING
50205,3,0.00,0.00,0.00,0,0,0,-17682,-17761,-17565,17682,17761,17565,RUNNING
50230,3,0.00,0.00,0.00,0,0,0,-17628,-17697,-17580,17628,17697,17580,RUNNING
50255,3,0.00,0.00,0.00,0,0,0,-17611,-17651,-17604,17611,17651,17604,RUNNING
50280,3,0.00,0.00,0.00,0,0,0,-17622,-17644,-17632,17622,17644,17632,RUNNING
50305,3,0.00,0.00,0.00,0,0,0,-17662,-17651,-17655,17662,17651,17655,RUNNING
50330,3,0.00,0.00,0.00,0,0,0,-17695,-17726,-17604,17695,17726,17604,RUNNING
50357,3,0.00,0.00,0.00,0,0,0,-17693,-17767,-17533,17693,17767,17533,RUNNING
50382,3,0.00,0.00,0.00,0,0,0,-17640,-17764,-17498,17640,17764,17498,RUNNING
50407,3,0.00,0.00,0.00,0,0,0,-17595,-17710,-17501,17595,17710,17501,RUNNING
50432,3,0.00,0.00,0.00,0,0,0,-17579,-17668,-17510,17579,17668,17510,RUNNING
50457,3,0.00,0.00,0.00,0,0,0,-17599,-17655,-17560,17599,17655,17560,RUNNING
50482,3,0.00,0.00,0.00,0,0,0,-17642,-17680,-17589,17642,17680,17589,RUNNING
50507,3,0.00,0.00,0.00,0,0,0,-17670,-17731,-17592,17670,17731,17592,RUNNING
50534,3,0.00,0.00,0.00,0,0,0,-17655,-17757,-17591,17655,17757,17591,RUNNING
50559,3,0.00,0.00,0.00,0,0,0,-17609,-17725,-17546,17609,17725,17546,RUNNING
50584,3,0.00,0.00,0.00,0,0,0,-17581,-17668,-17517,17581,17668,17517,RUNNING
50609,3,0.00,0.00,0.00,0,0,0,-17582,-17643,-17518,17582,17643,17518,RUNNING
50634,3,0.00,0.00,0.00,0,0,0,-17620,-17656,-17528,17620,17656,17528,RUNNING
50659,3,0.00,0.00,0.00,0,0,0,-17665,-17707,-17562,17665,17707,17562,RUNNING
50684,3,0.00,0.00,0.00,0,0,0,-17688,-17743,-17589,17688,17743,17589,RUNNING
50711,3,0.00,0.00,0.00,0,0,0,-17659,-17728,-17592,17659,17728,17592,RUNNING
50736,3,0.00,0.00,0.00,0,0,0,-17613,-17685,-17590,17613,17685,17590,RUNNING
50761,3,0.00,0.00,0.00,0,0,0,-17586,-17652,-17542,17586,17652,17542,RUNNING
50786,3,0.00,0.00,0.00,0,0,0,-17595,-17659,-17512,17595,17659,17512,RUNNING
50811,3,0.00,0.00,0.00,0,0,0,-17636,-17706,-17511,17636,17706,17511,RUNNING
50836,3,0.00,0.00,0.00,0,0,0,-17675,-17747,-17521,17675,17747,17521,RUNNING
50863,3,0.00,0.00,0.00,0,0,0,-17674,-17742,-17561,17674,17742,17561,RUNNING
50888,3,0.00,0.00,0.00,0,0,0,-17632,-17697,-17590,17632,17697,17590,RUNNING
50913,3,0.00,0.00,0.00,0,0,0,-17591,-17651,-17594,17591,17651,17594,RUNNING
50938,3,0.00,0.00,0.00,0,0,0,-17577,-17640,-17595,17577,17640,17595,RUNNING
50963,3,0.00,0.00,0.00,0,0,0,-17597,-17663,-17556,17597,17663,17556,RUNNING
50988,3,0.00,0.00,0.00,0,0,0,-17641,-17710,-17527,17641,17710,17527,RUNNING
51013,3,0.00,0.00,0.00,0,0,0,-17673,-17733,-17530,17673,17733,17530,RUNNING
51040,3,0.00,0.00,0.00,0,0,0,-17657,-17709,-17561,17657,17709,17561,RUNNING
51065,3,0.00,0.00,0.00,0,0,0,-17611,-17656,-17585,17611,17656,17585,RUNNING
51090,3,0.00,0.00,0.00,0,0,0,-17583,-17635,-17594,17583,17635,17594,RUNNING
51115,3,0.00,0.00,0.00,0,0,0,-17590,-17648,-17594,17590,17648,17594,RUNNING
51140,3,0.00,0.00,0.00,0,0,0,-17630,-17695,-17572,17630,17695,17572,RUNNING
51165,3,0.00,0.00,0.00,0,0,0,-17670,-17725,-17547,17670,17725,17547,RUNNING
51190,3,0.00,0.00,0.00,0,0,0,-17677,-17719,-17550,17677,17719,17550,RUNNING
51217,3,0.00,0.00,0.00,0,0,0,-17637,-17671,-17566,17637,17671,17566,RUNNING
51242,3,0.00,0.00,0.00,0,0,0,-17593,-17635,-17597,17593,17635,17597,RUNNING
51267,3,0.00,0.00,0.00,0,0,0,-17577,-17632,-17616,17577,17632,17616,RUNNING
51383,3,0.00,0.00,0.00,0,0,0,-17825,-17920,-17416,17825,17920,17416,RUNNING
51516,3,0.00,0.00,0.00,0,0,0,-18069,-18034,-17166,18069,18034,17166,RUNNING
51755,3,0.00,0.00,0.00,0,0,0,-17557,-17381,-17693,17557,17381,17693,RUNNING
51780,3,0.00,0.00,0.00,0,0,0,-17467,-17303,-17782,17467,17303,17782,RUNNING
51807,3,0.00,0.00,0.00,0,0,0,-17398,-17255,-17840,17398,17255,17840,RUNNING
51832,3,0.00,0.00,0.00,0,0,0,-17391,-17250,-17844,17391,17250,17844,RUNNING
51857,3,0.00,0.00,0.00,0,0,0,-17435,-17284,-17843,17435,17284,17843,RUNNING
51882,3,0.00,0.00,0.00,0,0,0,-17497,-17336,-17808,17497,17336,17808,RUNNING
51907,3,0.00,0.00,0.00,0,0,0,-17526,-17368,-17766,17526,17368,17766,RUNNING
51932,3,0.00,0.00,0.00,0,0,0,-17513,-17362,-17751,17513,17362,17751,RUNNING
51959,3,0.00,0.00,0.00,0,0,0,-17462,-17324,-17760,17462,17324,17760,RUNNING
51984,3,0.00,0.00,0.00,0,0,0,-17429,-17305,-17778,17429,17305,17778,RUNNING
52009,3,0.00,0.00,0.00,0,0,0,-17441,-17316,-17787,17441,17316,17787,RUNNING
52034,3,0.00,0.00,0.00,0,0,0,-17497,-17362,-17787,17497,17362,17787,RUNNING
52059,3,0.00,0.00,0.00,0,0,0,-17534,-17408,-17768,17534,17408,17768,RUNNING
52084,3,0.00,0.00,0.00,0,0,0,-17539,-17429,-17726,17539,17429,17726,RUNNING
52109,3,0.00,0.00,0.00,0,0,0,-17503,-17409,-17709,17503,17409,17709,RUNNING
52136,3,0.00,0.00,0.00,0,0,0,-17454,-17364,-17716,17454,17364,17716,RUNNING
52161,3,0.00,0.00,0.00,0,0,0,-17434,-17349,-17729,17434,17349,17729,RUNNING
52186,3,0.00,0.00,0.00,0,0,0,-17467,-17368,-17752,17467,17368,17752,RUNNING
52211,3,0.00,0.00,0.00,0,0,0,-17521,-17419,-17754,17521,17419,17754,RUNNING
52236,3,0.00,0.00,0.00,0,0,0,-17552,-17460,-17748,17552,17460,17748,RUNNING
52261,3,0.00,0.00,0.00,0,0,0,-17541,-17462,-17705,17541,17462,17705,RUNNING
52286,3,0.00,0.00,0.00,0,0,0,-17497,-17422,-17675,17497,17422,17675,RUNNING
52313,3,0.00,0.00,0.00,0,0,0,-17466,-17387,-17675,17466,17387,17675,RUNNING
52338,3,0.00,0.00,0.00,0,0,0,-17478,-17388,-17686,17478,17388,17686,RUNNING
52363,3,0.00,0.00,0.00,0,0,0,-17524,-17423,-17703,17524,17423,17703,RUNNING
52388,3,0.00,0.00,0.00,0,0,0,-17560,-17471,-17710,17560,17471,17710,RUNNING
52413,3,0.00,0.00,0.00,0,0,0,-17566,-17488,-17710,17566,17488,17710,RUNNING
52438,3,0.00,0.00,0.00,0,0,0,-17528,-17468,-17693,17528,17468,17693,RUNNING
52463,3,0.00,0.00,0.00,0,0,0,-17485,-17428,-17657,17485,17428,17657,RUNNING
52490,3,0.00,0.00,0.00,0,0,0,-17467,-17412,-17645,17467,17412,17645,RUNNING
52515,3,0.00,0.00,0.00,0,0,0,-17498,-17440,-17650,17498,17440,17650,RUNNING
52540,3,0.00,0.00,0.00,0,0,0,-17547,-17494,-17669,17547,17494,17669,RUNNING
52565,3,0.00,0.00,0.00,0,0,0,-17576,-17530,-17701,17576,17530,17701,RUNNING
52590,3,0.00,0.00,0.00,0,0,0,-17570,-17518,-17725,17570,17518,17725,RUNNING
52615,3,0.00,0.00,0.00,0,0,0,-17527,-17471,-17715,17527,17471,17715,RUNNING
52642,3,0.00,0.00,0.00,0,0,0,-17495,-17448,-17656,17495,17448,17656,RUNNING
52667,3,0.00,0.00,0.00,0,0,0,-17496,-17468,-17607,17496,17468,17607,RUNNING
52692,3,0.00,0.00,0.00,0,0,0,-17535,-17522,-17603,17535,17522,17603,RUNNING
52717,3,0.00,0.00,0.00,0,0,0,-17577,-17553,-17619,17577,17553,17619,RUNNING
52742,3,0.00,0.00,0.00,0,0,0,-17593,-17550,-17657,17593,17550,17657,RUNNING
52767,3,0.00,0.00,0.00,0,0,0,-17571,-17503,-17673,17571,17503,17673,RUNNING
52792,3,0.00,0.00,0.00,0,0,0,-17526,-17470,-17673,17526,17470,17673,RUNNING
52819,3,0.00,0.00,0.00,0,0,0,-17504,-17473,-17625,17504,17473,17625,RUNNING
52844,3,0.00,0.00,0.00,0,0,0,-17521,-17514,-17571,17521,17514,17571,RUNNING
52869,3,0.00,0.00,0.00,0,0,0,-17570,-17564,-17554,17570,17564,17554,RUNNING
52894,3,0.00,0.00,0.00,0,0,0,-17599,-17583,-17574,17599,17583,17574,RUNNING
52919,3,0.00,0.00,0.00,0,0,0,-17596,-17561,-17614,17596,17561,17614,RUNNING
52944,3,0.00,0.00,0.00,0,0,0,-17560,-17513,-17646,17560,17513,17646,RUNNING
52969,3,0.00,0.00,0.00,0,0,0,-17527,-17488,-17641,17527,17488,17641,RUNNING
52996,3,0.00,0.00,0.00,0,0,0,-17522,-17511,-17584,17522,17511,17584,RUNNING
53021,3,0.00,0.00,0.00,0,0,0,-17561,-17564,-17543,17561,17564,17543,RUNNING
53046,3,0.00,0.00,0.00,0,0,0,-17605,-17592,-17542,17605,17592,17542,RUNNING
53071,3,0.00,0.00,0.00,0,0,0,-17622,-17574,-17565,17622,17574,17565,RUNNING
53096,3,0.00,0.00,0.00,0,0,0,-17602,-17527,-17592,17602,17527,17592,RUNNING
53121,3,0.00,0.00,0.00,0,0,0,-17560,-17506,-17605,17560,17506,17605,RUNNING
53146,3,0.00,0.00,0.00,0,0,0,-17538,-17521,-17606,17538,17521,17606,RUNNING
53184,3,0.00,0.00,0.00,0,0,0,-17576,-17603,-17548,17576,17603,17548,RUNNING
53209,3,0.00,0.00,0.00,0,0,0,-17625,-17642,-17517,17625,17642,17517,RUNNING
53234,3,0.00,0.00,0.00,0,0,0,-17659,-17655,-17519,17659,17655,17519,RUNNING
53259,3,0.00,0.00,0.00,0,0,0,-17653,-17628,-17543,17653,17628,17543,RUNNING
53284,3,0.00,0.00,0.00,0,0,0,-17612,-17582,-17577,17612,17582,17577,RUNNING
53309,3,0.00,0.00,0.00,0,0,0,-17579,-17561,-17590,17579,17561,17590,RUNNING
53336,3,0.00,0.00,0.00,0,0,0,-17572,-17580,-17581,17572,17580,17581,RUNNING
53361,3,0.00,0.00,0.00,0,0,0,-17604,-17630,-17537,17604,17630,17537,RUNNING
53386,3,0.00,0.00,0.00,0,0,0,-17645,-17656,-17518,17645,17656,17518,RUNNING
53411,3,0.00,0.00,0.00,0,0,0,-17665,-17648,-17529,17665,17648,17529,RUNNING
53436,3,0.00,0.00,0.00,0,0,0,-17645,-17607,-17553,17645,17607,17553,RUNNING
53461,3,0.00,0.00,0.00,0,0,0,-17601,-17579,-17585,17601,17579,17585,RUNNING
53486,3,0.00,0.00,0.00,0,0,0,-17580,-17575,-17587,17580,17575,17587,RUNNING
53513,3,0.00,0.00,0.00,0,0,0,-17593,-17613,-17581,17593,17613,17581,RUNNING
53538,3,0.00,0.00,0.00,0,0,0,-17637,-17658,-17548,17637,17658,17548,RUNNING
53563,3,0.00,0.00,0.00,0,0,0,-17676,-17678,-17538,17676,17678,17538,RUNNING
53588,3,0.00,0.00,0.00,0,0,0,-17674,-17656,-17551,17674,17656,17551,RUNNING
53613,3,0.00,0.00,0.00,0,0,0,-17633,-17609,-17576,17633,17609,17576,RUNNING
53638,3,0.00,0.00,0.00,0,0,0,-17592,-17590,-17597,17592,17590,17597,RUNNING
53663,3,0.00,0.00,0.00,0,0,0,-17578,-17601,-17598,17578,17601,17598,RUNNING
53690,3,0.00,0.00,0.00,0,0,0,-17602,-17649,-17586,17602,17649,17586,RUNNING
53715,3,0.00,0.00,0.00,0,0,0,-17646,-17683,-17549,17646,17683,17549,RUNNING
53740,3,0.00,0.00,0.00,0,0,0,-17672,-17687,-17545,17672,17687,17545,RUNNING
53765,3,0.00,0.00,0.00,0,0,0,-17656,-17651,-17560,17656,17651,17560,RUNNING
53790,3,0.00,0.00,0.00,0,0,0,-17611,-17610,-17586,17611,17610,17586,RUNNING
53815,3,0.00,0.00,0.00,0,0,0,-17584,-17599,-17602,17584,17599,17602,RUNNING
53842,3,0.00,0.00,0.00,0,0,0,-17594,-17624,-17603,17594,17624,17603,RUNNING
53867,3,0.00,0.00,0.00,0,0,0,-17634,-17667,-17589,17634,17667,17589,RUNNING
53892,3,0.00,0.00,0.00,0,0,0,-17669,-17685,-17559,17669,17685,17559,RUNNING
53917,3,0.00,0.00,0.00,0,0,0,-17667,-17661,-17560,17667,17661,17560,RUNNING
53942,3,0.00,0.00,0.00,0,0,0,-17628,-17614,-17573,17628,17614,17573,RUNNING
53967,3,0.00,0.00,0.00,0,0,0,-17587,-17593,-17604,17587,17593,17604,RUNNING
53992,3,0.00,0.00,0.00,0,0,0,-17574,-17606,-17625,17574,17606,17625,RUNNING
54019,3,0.00,0.00,0.00,0,0,0,-17598,-17655,-17627,17598,17655,17627,RUNNING
54044,3,0.00,0.00,0.00,0,0,0,-17638,-17690,-17611,17638,17690,17611,RUNNING
54069,3,0.00,0.00,0.00,0,0,0,-17662,-17687,-17560,17662,17687,17560,RUNNING
54094,3,0.00,0.00,0.00,0,0,0,-17643,-17648,-17541,17643,17648,17541,RUNNING
54119,3,0.00,0.00,0.00,0,0,0,-17599,-17610,-17555,17599,17610,17555,RUNNING
54144,3,0.00,0.00,0.00,0,0,0,-17577,-17603,-17585,17577,17603,17585,RUNNING
54169,3,0.00,0.00,0.00,0,0,0,-17586,-17633,-17611,17586,17633,17611,RUNNING
54196,3,0.00,0.00,0.00,0,0,0,-17631,-17679,-17616,17631,17679,17616,RUNNING
54221,3,0.00,0.00,0.00,0,0,0,-17668,-17696,-17607,17668,17696,17607,RUNNING
54246,3,0.00,0.00,0.00,0,0,0,-17675,-17673,-17558,17675,17673,17558,RUNNING
54271,3,0.00,0.00,0.00,0,0,0,-17639,-17624,-17533,17639,17624,17533,RUNNING
54316,3,0.00,0.00,0.00,0,0,0,-17566,-17607,-17554,17566,17607,17554,RUNNING
54341,3,0.00,0.00,0.00,0,0,0,-17551,-17646,-17601,17551,17646,17601,RUNNING
54366,3,0.00,0.00,0.00,0,0,0,-17570,-17708,-17634,17570,17708,17634,RUNNING
54393,3,0.00,0.00,0.00,0,0,0,-17618,-17749,-17658,17618,17749,17658,RUNNING
54418,3,0.00,0.00,0.00,0,0,0,-17646,-17738,-17620,17646,17738,17620,RUNNING
54443,3,0.00,0.00,0.00,0,0,0,-17636,-17686,-17559,17636,17686,17559,RUNNING
54468,3,0.00,0.00,0.00,0,0,0,-17593,-17650,-17525,17593,17650,17525,RUNNING
54493,3,0.00,0.00,0.00,0,0,0,-17567,-17648,-17532,17567,17648,17532,RUNNING
54518,3,0.00,0.00,0.00,0,0,0,-17566,-17687,-17556,17566,17687,17556,RUNNING
54545,3,0.00,0.00,0.00,0,0,0,-17605,-17739,-17594,17605,17739,17594,RUNNING
54570,3,0.00,0.00,0.00,0,0,0,-17647,-17760,-17604,17647,17760,17604,RUNNING
54595,3,0.00,0.00,0.00,0,0,0,-17669,-17733,-17594,17669,17733,17594,RUNNING
54620,3,0.00,0.00,0.00,0,0,0,-17644,-17678,-17548,17644,17678,17548,RUNNING
54645,3,0.00,0.00,0.00,0,0,0,-17597,-17652,-17527,17597,17652,17527,RUNNING
54670,3,0.00,0.00,0.00,0,0,0,-17574,-17666,-17536,17574,17666,17536,RUNNING
54695,3,0.00,0.00,0.00,0,0,0,-17583,-17719,-17564,17583,17719,17564,RUNNING
54722,3,0.00,0.00,0.00,0,0,0,-17628,-17752,-17603,17628,17752,17603,RUNNING
54747,3,0.00,0.00,0.00,0,0,0,-17665,-17735,-17623,17665,17735,17623,RUNNING
54772,3,0.00,0.00,0.00,0,0,0,-17670,-17686,-17600,17670,17686,17600,RUNNING
54797,3,0.00,0.00,0.00,0,0,0,-17633,-17656,-17541,17633,17656,17541,RUNNING
54822,3,0.00,0.00,0.00,0,0,0,-17592,-17663,-17514,17592,17663,17514,RUNNING
54847,3,0.00,0.00,0.00,0,0,0,-17577,-17708,-17519,17577,17708,17519,RUNNING
54872,3,0.00,0.00,0.00,0,0,0,-17597,-17744,-17545,17597,17744,17545,RUNNING
54899,3,0.00,0.00,0.00,0,0,0,-17644,-17739,-17587,17644,17739,17587,RUNNING
54924,3,0.00,0.00,0.00,0,0,0,-17674,-17698,-17606,17674,17698,17606,RUNNING
54949,3,0.00,0.00,0.00,0,0,0,-17659,-17652,-17608,17659,17652,17608,RUNNING
54974,3,0.00,0.00,0.00,0,0,0,-17613,-17640,-17574,17613,17640,17574,RUNNING
54999,3,0.00,0.00,0.00,0,0,0,-17588,-17665,-17535,17588,17665,17535,RUNNING
55024,3,0.00,0.00,0.00,0,0,0,-17593,-17712,-17532,17593,17712,17532,RUNNING
55049,3,0.00,0.00,0.00,0,0,0,-17631,-17734,-17554,17631,17734,17554,RUNNING
55076,3,0.00,0.00,0.00,0,0,0,-17668,-17706,-17589,17668,17706,17589,RUNNING
55101,3,0.00,0.00,0.00,0,0,0,-17672,-17655,-17610,17672,17655,17610,RUNNING
55126,3,0.00,0.00,0.00,0,0,0,-17636,-17630,-17612,17636,17630,17612,RUNNING
55151,3,0.00,0.00,0.00,0,0,0,-17600,-17640,-17568,17600,17640,17568,RUNNING
55176,3,0.00,0.00,0.00,0,0,0,-17585,-17685,-17526,17585,17685,17526,RUNNING
55201,3,0.00,0.00,0.00,0,0,0,-17607,-17724,-17521,17607,17724,17521,RUNNING
55228,3,0.00,0.00,0.00,0,0,0,-17654,-17724,-17533,17654,17724,17533,RUNNING
55253,3,0.00,0.00,0.00,0,0,0,-17682,-17682,-17576,17682,17682,17576,RUNNING
55278,3,0.00,0.00,0.00,0,0,0,-17665,-17639,-17598,17665,17639,17598,RUNNING
55303,3,0.00,0.00,0.00,0,0,0,-17618,-17624,-17601,17618,17624,17601,RUNNING
55328,3,0.00,0.00,0.00,0,0,0,-17595,-17642,-17600,17595,17642,17600,RUNNING
55353,3,0.00,0.00,0.00,0,0,0,-17601,-17689,-17553,17601,17689,17553,RUNNING
55378,3,0.00,0.00,0.00,0,0,0,-17641,-17717,-17523,17641,17717,17523,RUNNING
55405,3,0.00,0.00,0.00,0,0,0,-17683,-17699,-17528,17683,17699,17528,RUNNING
55430,3,0.00,0.00,0.00,0,0,0,-17685,-17650,-17549,17685,17650,17549,RUNNING
55455,3,0.00,0.00,0.00,0,0,0,-17646,-17627,-17584,17646,17627,17584,RUNNING
55480,3,0.00,0.00,0.00,0,0,0,-17606,-17635,-17599,17606,17635,17599,RUNNING
55505,3,0.00,0.00,0.00,0,0,0,-17588,-17678,-17600,17588,17678,17600,RUNNING
55530,3,0.00,0.00,0.00,0,0,0,-17611,-17712,-17565,17611,17712,17565,RUNNING
55555,3,0.00,0.00,0.00,0,0,0,-17659,-17713,-17533,17659,17713,17533,RUNNING
55582,3,0.00,0.00,0.00,0,0,0,-17692,-17673,-17534,17692,17673,17534,RUNNING
55607,3,0.00,0.00,0.00,0,0,0,-17677,-17632,-17551,17677,17632,17551,RUNNING
55632,3,0.00,0.00,0.00,0,0,0,-17629,-17618,-17592,17629,17618,17592,RUNNING
55657,3,0.00,0.00,0.00,0,0,0,-17602,-17641,-17607,17602,17641,17607,RUNNING
55682,3,0.00,0.00,0.00,0,0,0,-17607,-17689,-17608,17607,17689,17608,RUNNING
55707,3,0.00,0.00,0.00,0,0,0,-17646,-17712,-17599,17646,17712,17599,RUNNING
55732,3,0.00,0.00,0.00,0,0,0,-17685,-17693,-17567,17685,17693,17567,RUNNING
55759,3,0.00,0.00,0.00,0,0,0,-17689,-17639,-17566,17689,17639,17566,RUNNING
55784,3,0.00,0.00,0.00,0,0,0,-17650,-17611,-17578,17650,17611,17578,RUNNING
55809,3,0.00,0.00,0.00,0,0,0,-17610,-17620,-17604,17610,17620,17604,RUNNING
55834,3,0.00,0.00,0.00,0,0,0,-17592,-17662,-17621,17592,17662,17621,RUNNING
55859,3,0.00,0.00,0.00,0,0,0,-17614,-17696,-17626,17614,17696,17626,RUNNING
55884,3,0.00,0.00,0.00,0,0,0,-17660,-17698,-17606,17660,17698,17606,RUNNING
55911,3,0.00,0.00,0.00,0,0,0,-17693,-17657,-17558,17693,17657,17558,RUNNING
55936,3,0.00,0.00,0.00,0,0,0,-17676,-17616,-17544,17676,17616,17544,RUNNING
55961,3,0.00,0.00,0.00,0,0,0,-17629,-17602,-17559,17629,17602,17559,RUNNING
55986,3,0.00,0.00,0.00,0,0,0,-17607,-17621,-17593,17607,17621,17593,RUNNING
56011,3,0.00,0.00,0.00,0,0,0,-17613,-17666,-17621,17613,17666,17621,RUNNING
56036,3,0.00,0.00,0.00,0,0,0,-17654,-17690,-17625,17654,17690,17625,RUNNING
56061,3,0.00,0.00,0.00,0,0,0,-17691,-17673,-17617,17691,17673,17617,RUNNING
56088,3,0.00,0.00,0.00,0,0,0,-17690,-17622,-17565,17690,17622,17565,RUNNING
56113,3,0.00,0.00,0.00,0,0,0,-17648,-17594,-17539,17648,17594,17539,RUNNING
56138,3,0.00,0.00,0.00,0,0,0,-17609,-17598,-17547,17609,17598,17547,RUNNING
56163,3,0.00,0.00,0.00,0,0,0,-17591,-17636,-17573,17591,17636,17573,RUNNING
56188,3,0.00,0.00,0.00,0,0,0,-17614,-17675,-17601,17614,17675,17601,RUNNING
56213,3,0.00,0.00,0.00,0,0,0,-17659,-17683,-17618,17659,17683,17618,RUNNING
56238,3,0.00,0.00,0.00,0,0,0,-17693,-17648,-17601,17693,17648,17601,RUNNING
56265,3,0.00,0.00,0.00,0,0,0,-17677,-17605,-17542,17677,17605,17542,RUNNING
56290,3,0.00,0.00,0.00,0,0,0,-17629,-17587,-17519,17629,17587,17519,RUNNING
56315,3,0.00,0.00,0.00,0,0,0,-17605,-17603,-17526,17605,17603,17526,RUNNING
56340,3,0.00,0.00,0.00,0,0,0,-17611,-17648,-17556,17611,17648,17556,RUNNING
56365,3,0.00,0.00,0.00,0,0,0,-17651,-17683,-17591,17651,17683,17591,RUNNING
56390,3,0.00,0.00,0.00,0,0,0,-17689,-17674,-17596,17689,17674,17596,RUNNING
56415,3,0.00,0.00,0.00,0,0,0,-17692,-17633,-17595,17692,17633,17595,RUNNING
56442,3,0.00,0.00,0.00,0,0,0,-17648,-17601,-17547,17648,17601,17547,RUNNING
56467,3,0.00,0.00,0.00,0,0,0,-17606,-17603,-17520,17606,17603,17520,RUNNING
56492,3,0.00,0.00,0.00,0,0,0,-17586,-17639,-17521,17586,17639,17521,RUNNING
56517,3,0.00,0.00,0.00,0,0,0,-17607,-17675,-17536,17607,17675,17536,RUNNING
56542,3,0.00,0.00,0.00,0,0,0,-17654,-17681,-17580,17654,17681,17580,RUNNING
56567,3,0.00,0.00,0.00,0,0,0,-17686,-17648,-17604,17686,17648,17604,RUNNING
56594,3,0.00,0.00,0.00,0,0,0,-17669,-17606,-17609,17669,17606,17609,RUNNING
56619,3,0.00,0.00,0.00,0,0,0,-17622,-17591,-17571,17622,17591,17571,RUNNING
56644,3,0.00,0.00,0.00,0,0,0,-17599,-17613,-17522,17599,17613,17522,RUNNING
56669,3,0.00,0.00,0.00,0,0,0,-17605,-17659,-17504,17605,17659,17504,RUNNING
56694,3,0.00,0.00,0.00,0,0,0,-17644,-17687,-17508,17644,17687,17508,RUNNING
56719,3,0.00,0.00,0.00,0,0,0,-17680,-17675,-17545,17680,17675,17545,RUNNING
56744,3,0.00,0.00,0.00,0,0,0,-17684,-17633,-17591,17684,17633,17591,RUNNING
56771,3,0.00,0.00,0.00,0,0,0,-17641,-17600,-17609,17641,17600,17609,RUNNING
56796,3,0.00,0.00,0.00,0,0,0,-17599,-17606,-17610,17599,17606,17610,RUNNING
56821,3,0.00,0.00,0.00,0,0,0,-17583,-17641,-17574,17583,17641,17574,RUNNING
56846,3,0.00,0.00,0.00,0,0,0,-17605,-17677,-17535,17605,17677,17535,RUNNING
56871,3,0.00,0.00,0.00,0,0,0,-17650,-17681,-17533,17650,17681,17533,RUNNING
56896,3,0.00,0.00,0.00,0,0,0,-17679,-17644,-17554,17679,17644,17554,RUNNING
56921,3,0.00,0.00,0.00,0,0,0,-17664,-17607,-17584,17664,17607,17584,RUNNING
56948,3,0.00,0.00,0.00,0,0,0,-17616,-17593,-17600,17616,17593,17600,RUNNING
56973,3,0.00,0.00,0.00,0,0,0,-17591,-17615,-17602,17591,17615,17602,RUNNING
56998,3,0.00,0.00,0.00,0,0,0,-17591,-17660,-17561,17591,17660,17561,RUNNING
57023,3,0.00,0.00,0.00,0,0,0,-17629,-17686,-17527,17629,17686,17527,RUNNING
57048,3,0.00,0.00,0.00,0,0,0,-17674,-17675,-17528,17674,17675,17528,RUNNING
57073,3,0.00,0.00,0.00,0,0,0,-17694,-17631,-17540,17694,17631,17540,RUNNING
57100,3,0.00,0.00,0.00,0,0,0,-17667,-17600,-17583,17667,17600,17583,RUNNING
57125,3,0.00,0.00,0.00,0,0,0,-17617,-17602,-17602,17617,17602,17602,RUNNING
57150,3,0.00,0.00,0.00,0,0,0,-17593,-17637,-17605,17593,17637,17605,RUNNING
57175,3,0.00,0.00,0.00,0,0,0,-17602,-17674,-17606,17602,17674,17606,RUNNING
57200,3,0.00,0.00,0.00,0,0,0,-17645,-17682,-17564,17645,17682,17564,RUNNING
57225,3,0.00,0.00,0.00,0,0,0,-17682,-17645,-17536,17682,17645,17536,RUNNING
57250,3,0.00,0.00,0.00,0,0,0,-17682,-17603,-17539,17682,17603,17539,RUNNING
57277,3,0.00,0.00,0.00,0,0,0,-17639,-17586,-17559,17639,17586,17559,RUNNING
57302,3,0.00,0.00,0.00,0,0,0,-17599,-17609,-17596,17599,17609,17596,RUNNING
57398,3,0.00,0.00,0.00,0,0,0,-17709,-17867,-17543,17709,17867,17543,RUNNING
57423,3,0.00,0.00,0.00,0,0,0,-17774,-17921,-17492,17774,17921,17492,RUNNING
57448,3,0.00,0.00,0.00,0,0,0,-17810,-17941,-17470,17810,17941,17470,RUNNING
57473,3,0.00,0.00,0.00,0,0,0,-17807,-17921,-17478,17807,17921,17478,RUNNING
57498,3,0.00,0.00,0.00,0,0,0,-17772,-17878,-17500,17772,17878,17500,RUNNING
57525,3,0.00,0.00,0.00,0,0,0,-17726,-17842,-17553,17726,17842,17553,RUNNING
57550,3,0.00,0.00,0.00,0,0,0,-17707,-17840,-17577,17707,17840,17577,RUNNING
57575,3,0.00,0.00,0.00,0,0,0,-17729,-17876,-17581,17729,17876,17581,RUNNING
57600,3,0.00,0.00,0.00,0,0,0,-17772,-17902,-17559,17772,17902,17559,RUNNING
57625,3,0.00,0.00,0.00,0,0,0,-17796,-17901,-17510,17796,17901,17510,RUNNING
57650,3,0.00,0.00,0.00,0,0,0,-17776,-17867,-17493,17776,17867,17493,RUNNING
57675,3,0.00,0.00,0.00,0,0,0,-17732,-17821,-17505,17732,17821,17505,RUNNING
57702,3,0.00,0.00,0.00,0,0,0,-17700,-17801,-17538,17700,17801,17538,RUNNING
57727,3,0.00,0.00,0.00,0,0,0,-17705,-17825,-17577,17705,17825,17577,RUNNING
57752,3,0.00,0.00,0.00,0,0,0,-17746,-17865,-17591,17746,17865,17591,RUNNING
57777,3,0.00,0.00,0.00,0,0,0,-17777,-17881,-17590,17777,17881,17590,RUNNING
57802,3,0.00,0.00,0.00,0,0,0,-17775,-17858,-17542,17775,17858,17542,RUNNING
57827,3,0.00,0.00,0.00,0,0,0,-17737,-17811,-17511,17737,17811,17511,RUNNING
57854,3,0.00,0.00,0.00,0,0,0,-17691,-17778,-17510,17691,17778,17510,RUNNING
57879,3,0.00,0.00,0.00,0,0,0,-17670,-17784,-17527,17670,17784,17527,RUNNING
57904,3,0.00,0.00,0.00,0,0,0,-17695,-17824,-17564,17695,17824,17564,RUNNING
57929,3,0.00,0.00,0.00,0,0,0,-17742,-17852,-17589,17742,17852,17589,RUNNING
57954,3,0.00,0.00,0.00,0,0,0,-17770,-17846,-17604,17770,17846,17604,RUNNING
57979,3,0.00,0.00,0.00,0,0,0,-17757,-17806,-17576,17757,17806,17576,RUNNING
58004,3,0.00,0.00,0.00,0,0,0,-17715,-17761,-17525,17715,17761,17525,RUNNING
58031,3,0.00,0.00,0.00,0,0,0,-17674,-17743,-17502,17674,17743,17502,RUNNING
58056,3,0.00,0.00,0.00,0,0,0,-17668,-17773,-17508,17668,17773,17508,RUNNING
58081,3,0.00,0.00,0.00,0,0,0,-17704,-17819,-17534,17704,17819,17534,RUNNING
58106,3,0.00,0.00,0.00,0,0,0,-17747,-17841,-17584,17747,17841,17584,RUNNING
58131,3,0.00,0.00,0.00,0,0,0,-17764,-17824,-17608,17764,17824,17608,RUNNING
58156,3,0.00,0.00,0.00,0,0,0,-17741,-17779,-17613,17741,17779,17613,RUNNING
58181,3,0.00,0.00,0.00,0,0,0,-17696,-17742,-17571,17696,17742,17571,RUNNING
58208,3,0.00,0.00,0.00,0,0,0,-17662,-17742,-17515,17662,17742,17515,RUNNING
58233,3,0.00,0.00,0.00,0,0,0,-17676,-17786,-17495,17676,17786,17495,RUNNING
58258,3,0.00,0.00,0.00,0,0,0,-17726,-17825,-17501,17726,17825,17501,RUNNING
58283,3,0.00,0.00,0.00,0,0,0,-17751,-17827,-17537,17751,17827,17537,RUNNING
58308,3,0.00,0.00,0.00,0,0,0,-17737,-17791,-17577,17737,17791,17577,RUNNING
58333,3,0.00,0.00,0.00,0,0,0,-17693,-17741,-17598,17693,17741,17598,RUNNING
58358,3,0.00,0.00,0.00,0,0,0,-17656,-17720,-17599,17656,17720,17599,RUNNING
58385,3,0.00,0.00,0.00,0,0,0,-17653,-17742,-17562,17653,17742,17562,RUNNING
58410,3,0.00,0.00,0.00,0,0,0,-17698,-17793,-17521,17698,17793,17521,RUNNING
58435,3,0.00,0.00,0.00,0,0,0,-17741,-17816,-17517,17741,17816,17517,RUNNING
58460,3,0.00,0.00,0.00,0,0,0,-17761,-17801,-17531,17761,17801,17531,RUNNING
58485,3,0.00,0.00,0.00,0,0,0,-17740,-17753,-17569,17740,17753,17569,RUNNING
58510,3,0.00,0.00,0.00,0,0,0,-17696,-17714,-17594,17696,17714,17594,RUNNING
58537,3,0.00,0.00,0.00,0,0,0,-17658,-17712,-17596,17658,17712,17596,RUNNING
58562,3,0.00,0.00,0.00,0,0,0,-17666,-17755,-17571,17666,17755,17571,RUNNING
58587,3,0.00,0.00,0.00,0,0,0,-17712,-17795,-17535,17712,17795,17535,RUNNING
58612,3,0.00,0.00,0.00,0,0,0,-17741,-17800,-17534,17741,17800,17534,RUNNING
58637,3,0.00,0.00,0.00,0,0,0,-17736,-17759,-17557,17736,17759,17557,RUNNING
58662,3,0.00,0.00,0.00,0,0,0,-17696,-17707,-17587,17696,17707,17587,RUNNING
58687,3,0.00,0.00,0.00,0,0,0,-17649,-17685,-17602,17649,17685,17602,RUNNING
58714,3,0.00,0.00,0.00,0,0,0,-17632,-17702,-17605,17632,17702,17605,RUNNING
58739,3,0.00,0.00,0.00,0,0,0,-17657,-17756,-17566,17657,17756,17566,RUNNING
58764,3,0.00,0.00,0.00,0,0,0,-17708,-17785,-17531,17708,17785,17531,RUNNING
58789,3,0.00,0.00,0.00,0,0,0,-17736,-17770,-17528,17736,17770,17528,RUNNING
58814,3,0.00,0.00,0.00,0,0,0,-17720,-17716,-17544,17720,17716,17544,RUNNING
58839,3,0.00,0.00,0.00,0,0,0,-17675,-17681,-17578,17675,17681,17578,RUNNING
58864,3,0.00,0.00,0.00,0,0,0,-17641,-17681,-17599,17641,17681,17599,RUNNING
58891,3,0.00,0.00,0.00,0,0,0,-17645,-17723,-17602,17645,17723,17602,RUNNING
58916,3,0.00,0.00,0.00,0,0,0,-17690,-17768,-17573,17690,17768,17573,RUNNING
58941,3,0.00,0.00,0.00,0,0,0,-17725,-17777,-17536,17725,17777,17536,RUNNING
58966,3,0.00,0.00,0.00,0,0,0,-17728,-17741,-17535,17728,17741,17535,RUNNING
58991,3,0.00,0.00,0.00,0,0,0,-17696,-17684,-17557,17696,17684,17557,RUNNING
59016,3,0.00,0.00,0.00,0,0,0,-17651,-17661,-17587,17651,17661,17587,RUNNING
59041,3,0.00,0.00,0.00,0,0,0,-17633,-17673,-17603,17633,17673,17603,RUNNING
59068,3,0.00,0.00,0.00,0,0,0,-17655,-17728,-17606,17655,17728,17606,RUNNING
59093,3,0.00,0.00,0.00,0,0,0,-17704,-17767,-17571,17704,17767,17571,RUNNING
59118,3,0.00,0.00,0.00,0,0,0,-17730,-17758,-17534,17730,17758,17534,RUNNING
59143,3,0.00,0.00,0.00,0,0,0,-17709,-17706,-17529,17709,17706,17529,RUNNING
59168,3,0.00,0.00,0.00,0,0,0,-17659,-17668,-17544,17659,17668,17544,RUNNING
59193,3,0.00,0.00,0.00,0,0,0,-17633,-17668,-17581,17633,17668,17581,RUNNING
59220,3,0.00,0.00,0.00,0,0,0,-17643,-17709,-17606,17643,17709,17606,RUNNING
59245,3,0.00,0.00,0.00,0,0,0,-17693,-17751,-17610,17693,17751,17610,RUNNING
59270,3,0.00,0.00,0.00,0,0,0,-17725,-17760,-17582,17725,17760,17582,RUNNING
59295,3,0.00,0.00,0.00,0,0,0,-17719,-17718,-17533,17719,17718,17533,RUNNING
59320,3,0.00,0.00,0.00,0,0,0,-17675,-17661,-17518,17675,17661,17518,RUNNING
59345,3,0.00,0.00,0.00,0,0,0,-17638,-17637,-17531,17638,17637,17531,RUNNING
59370,3,0.00,0.00,0.00,0,0,0,-17633,-17649,-17567,17633,17649,17567,RUNNING
59397,3,0.00,0.00,0.00,0,0,0,-17671,-17700,-17605,17671,17700,17605,RUNNING
59422,3,0.00,0.00,0.00,0,0,0,-17717,-17735,-17615,17717,17735,17615,RUNNING
59447,3,0.00,0.00,0.00,0,0,0,-17734,-17729,-17602,17734,17729,17602,RUNNING
59472,3,0.00,0.00,0.00,0,0,0,-17710,-17682,-17554,17710,17682,17554,RUNNING
59497,3,0.00,0.00,0.00,0,0,0,-17656,-17635,-17537,17656,17635,17537,RUNNING
59522,3,0.00,0.00,0.00,0,0,0,-17628,-17620,-17547,17628,17620,17547,RUNNING
59547,3,0.00,0.00,0.00,0,0,0,-17635,-17643,-17580,17635,17643,17580,RUNNING
59574,3,0.00,0.00,0.00,0,0,0,-17688,-17692,-17610,17688,17692,17610,RUNNING
59599,3,0.00,0.00,0.00,0,0,0,-17724,-17718,-17620,17724,17718,17620,RUNNING
59624,3,0.00,0.00,0.00,0,0,0,-17729,-17704,-17624,17729,17704,17624,RUNNING
59649,3,0.00,0.00,0.00,0,0,0,-17694,-17653,-17581,17694,17653,17581,RUNNING
59674,3,0.00,0.00,0.00,0,0,0,-17645,-17624,-17540,17645,17624,17540,RUNNING
59699,3,0.00,0.00,0.00,0,0,0,-17624,-17626,-17529,17624,17626,17529,RUNNING
59724,3,0.00,0.00,0.00,0,0,0,-17641,-17661,-17541,17641,17661,17541,RUNNING
59751,3,0.00,0.00,0.00,0,0,0,-17698,-17703,-17585,17698,17703,17585,RUNNING
59776,3,0.00,0.00,0.00,0,0,0,-17729,-17707,-17622,17729,17707,17622,RUNNING
59801,3,0.00,0.00,0.00,0,0,0,-17721,-17672,-17632,17721,17672,17632,RUNNING
59826,3,0.00,0.00,0.00,0,0,0,-17677,-17628,-17634,17677,17628,17634,RUNNING
59851,3,0.00,0.00,0.00,0,0,0,-17641,-17614,-17591,17641,17614,17591,RUNNING
59898,3,0.00,0.00,0.00,0,0,0,-17662,-17683,-17529,17662,17683,17529,RUNNING
59925,3,0.00,0.00,0.00,0,0,0,-17720,-17752,-17529,17720,17752,17529,RUNNING
59950,3,0.00,0.00,0.00,0,0,0,-17752,-17779,-17553,17752,17779,17553,RUNNING
59975,3,0.00,0.00,0.00,0,0,0,-17740,-17765,-17588,17740,17765,17588,RUNNING
60000,3,0.00,0.00,0.00,0,0,0,-17697,-17709,-17605,17697,17709,17605,RUNNING
60025,3,0.00,0.00,0.00,0,0,0,-17658,-17674,-17605,17658,17674,17605,RUNNING
60050,3,0.00,0.00,0.00,0,0,0,-17653,-17670,-17567,17653,17670,17567,RUNNING
60075,3,0.00,0.00,0.00,0,0,0,-17690,-17707,-17532,17690,17707,17532,RUNNING
60102,3,0.00,0.00,0.00,0,0,0,-17734,-17753,-17535,17734,17753,17535,RUNNING
60127,3,0.00,0.00,0.00,0,0,0,-17752,-17756,-17566,17752,17756,17566,RUNNING
60152,3,0.00,0.00,0.00,0,0,0,-17729,-17715,-17596,17729,17715,17596,RUNNING
60177,3,0.00,0.00,0.00,0,0,0,-17678,-17668,-17611,17678,17668,17611,RUNNING
60202,3,0.00,0.00,0.00,0,0,0,-17645,-17649,-17612,17645,17649,17612,RUNNING
60227,3,0.00,0.00,0.00,0,0,0,-17652,-17669,-17567,17652,17669,17567,RUNNING
60252,3,0.00,0.00,0.00,0,0,0,-17699,-17721,-17535,17699,17721,17535,RUNNING
60279,3,0.00,0.00,0.00,0,0,0,-17734,-17750,-17537,17734,17750,17537,RUNNING
60304,3,0.00,0.00,0.00,0,0,0,-17732,-17732,-17562,17732,17732,17562,RUNNING
60329,3,0.00,0.00,0.00,0,0,0,-17692,-17680,-17593,17692,17680,17593,RUNNING
60354,3,0.00,0.00,0.00,0,0,0,-17645,-17650,-17609,17645,17650,17609,RUNNING
60379,3,0.00,0.00,0.00,0,0,0,-17626,-17653,-17611,17626,17653,17611,RUNNING
60404,3,0.00,0.00,0.00,0,0,0,-17647,-17696,-17565,17647,17696,17565,RUNNING
60431,3,0.00,0.00,0.00,0,0,0,-17702,-17737,-17530,17702,17737,17530,RUNNING
60456,3,0.00,0.00,0.00,0,0,0,-17732,-17739,-17531,17732,17739,17531,RUNNING
60481,3,0.00,0.00,0.00,0,0,0,-17720,-17701,-17556,17720,17701,17556,RUNNING
60506,3,0.00,0.00,0.00,0,0,0,-17674,-17651,-17583,17674,17651,17583,RUNNING
60531,3,0.00,0.00,0.00,0,0,0,-17635,-17638,-17599,17635,17638,17599,RUNNING
60556,3,0.00,0.00,0.00,0,0,0,-17631,-17656,-17601,17631,17656,17601,RUNNING
60581,3,0.00,0.00,0.00,0,0,0,-17666,-17699,-17555,17666,17699,17555,RUNNING
60608,3,0.00,0.00,0.00,0,0,0,-17716,-17720,-17520,17716,17720,17520,RUNNING
60633,3,0.00,0.00,0.00,0,0,0,-17733,-17692,-17520,17733,17692,17520,RUNNING
60658,3,0.00,0.00,0.00,0,0,0,-17711,-17642,-17537,17711,17642,17537,RUNNING
60683,3,0.00,0.00,0.00,0,0,0,-17659,-17619,-17574,17659,17619,17574,RUNNING
60708,3,0.00,0.00,0.00,0,0,0,-17633,-17629,-17595,17633,17629,17595,RUNNING
60733,3,0.00,0.00,0.00,0,0,0,-17639,-17674,-17598,17639,17674,17598,RUNNING
60758,3,0.00,0.00,0.00,0,0,0,-17687,-17708,-17568,17687,17708,17568,RUNNING
60785,3,0.00,0.00,0.00,0,0,0,-17723,-17701,-17529,17723,17701,17529,RUNNING
60810,3,0.00,0.00,0.00,0,0,0,-17719,-17656,-17530,17719,17656,17530,RUNNING
60835,3,0.00,0.00,0.00,0,0,0,-17683,-17622,-17549,17683,17622,17549,RUNNING
60860,3,0.00,0.00,0.00,0,0,0,-17638,-17621,-17583,17638,17621,17583,RUNNING
60885,3,0.00,0.00,0.00,0,0,0,-17622,-17649,-17603,17622,17649,17603,RUNNING
60910,3,0.00,0.00,0.00,0,0,0,-17641,-17686,-17605,17641,17686,17605,RUNNING
60935,3,0.00,0.00,0.00,0,0,0,-17688,-17692,-17569,17688,17692,17569,RUNNING
60962,3,0.00,0.00,0.00,0,0,0,-17710,-17655,-17528,17710,17655,17528,RUNNING
60987,3,0.00,0.00,0.00,0,0,0,-17688,-17610,-17528,17688,17610,17528,RUNNING
61012,3,0.00,0.00,0.00,0,0,0,-17637,-17595,-17542,17637,17595,17542,RUNNING
61037,3,0.00,0.00,0.00,0,0,0,-17613,-17612,-17581,17613,17612,17581,RUNNING
61062,3,0.00,0.00,0.00,0,0,0,-17623,-17652,-17603,17623,17652,17603,RUNNING
61087,3,0.00,0.00,0.00,0,0,0,-17669,-17675,-17607,17669,17675,17607,RUNNING
61114,3,0.00,0.00,0.00,0,0,0,-17705,-17658,-17582,17705,17658,17582,RUNNING
61139,3,0.00,0.00,0.00,0,0,0,-17696,-17612,-17533,17696,17612,17533,RUNNING
61164,3,0.00,0.00,0.00,0,0,0,-17653,-17585,-17518,17653,17585,17518,RUNNING
61189,3,0.00,0.00,0.00,0,0,0,-17618,-17589,-17527,17618,17589,17527,RUNNING
61214,3,0.00,0.00,0.00,0,0,0,-17614,-17630,-17565,17614,17630,17565,RUNNING
61239,3,0.00,0.00,0.00,0,0,0,-17648,-17662,-17597,17648,17662,17597,RUNNING
61264,3,0.00,0.00,0.00,0,0,0,-17695,-17669,-17607,17695,17669,17607,RUNNING
61291,3,0.00,0.00,0.00,0,0,0,-17712,-17635,-17606,17712,17635,17606,RUNNING
61316,3,0.00,0.00,0.00,0,0,0,-17687,-17591,-17560,17687,17591,17560,RUNNING
61341,3,0.00,0.00,0.00,0,0,0,-17633,-17571,-17529,17633,17571,17529,RUNNING
61366,3,0.00,0.00,0.00,0,0,0,-17607,-17594,-17529,17607,17594,17529,RUNNING
61391,3,0.00,0.00,0.00,0,0,0,-17616,-17636,-17543,17616,17636,17543,RUNNING
61416,3,0.00,0.00,0.00,0,0,0,-17661,-17664,-17584,17661,17664,17584,RUNNING
61441,3,0.00,0.00,0.00,0,0,0,-17695,-17652,-17610,17695,17652,17610,RUNNING
61468,3,0.00,0.00,0.00,0,0,0,-17693,-17606,-17615,17693,17606,17615,RUNNING
61493,3,0.00,0.00,0.00,0,0,0,-17650,-17572,-17589,17650,17572,17589,RUNNING
61518,3,0.00,0.00,0.00,0,0,0,-17608,-17572,-17538,17608,17572,17538,RUNNING
61543,3,0.00,0.00,0.00,0,0,0,-17592,-17604,-17521,17592,17604,17521,RUNNING
61568,3,0.00,0.00,0.00,0,0,0,-17612,-17637,-17530,17612,17637,17530,RUNNING
61593,3,0.00,0.00,0.00,0,0,0,-17647,-17640,-17567,17647,17640,17567,RUNNING
61618,3,0.00,0.00,0.00,0,0,0,-17680,-17609,-17603,17680,17609,17603,RUNNING
61645,3,0.00,0.00,0.00,0,0,0,-17660,-17565,-17613,17660,17565,17613,RUNNING
61670,3,0.00,0.00,0.00,0,0,0,-17613,-17552,-17606,17613,17552,17606,RUNNING
61695,3,0.00,0.00,0.00,0,0,0,-17592,-17574,-17560,17592,17574,17560,RUNNING
61720,3,0.00,0.00,0.00,0,0,0,-17602,-17619,-17535,17602,17619,17535,RUNNING
61745,3,0.00,0.00,0.00,0,0,0,-17645,-17641,-17542,17645,17641,17542,RUNNING
61770,3,0.00,0.00,0.00,0,0,0,-17677,-17627,-17570,17677,17627,17570,RUNNING
61797,3,0.00,0.00,0.00,0,0,0,-17670,-17583,-17606,17670,17583,17606,RUNNING
61822,3,0.00,0.00,0.00,0,0,0,-17628,-17550,-17613,17628,17550,17613,RUNNING
61847,3,0.00,0.00,0.00,0,0,0,-17595,-17553,-17606,17595,17553,17606,RUNNING
61872,3,0.00,0.00,0.00,0,0,0,-17591,-17593,-17561,17591,17593,17561,RUNNING
61897,3,0.00,0.00,0.00,0,0,0,-17623,-17629,-17540,17623,17629,17540,RUNNING
61922,3,0.00,0.00,0.00,0,0,0,-17666,-17633,-17549,17666,17633,17549,RUNNING
61947,3,0.00,0.00,0.00,0,0,0,-17686,-17607,-17582,17686,17607,17582,RUNNING
61974,3,0.00,0.00,0.00,0,0,0,-17658,-17566,-17610,17658,17566,17610,RUNNING
61999,3,0.00,0.00,0.00,0,0,0,-17610,-17553,-17616,17610,17553,17616,RUNNING
62024,3,0.00,0.00,0.00,0,0,0,-17584,-17577,-17607,17584,17577,17607,RUNNING
62049,3,0.00,0.00,0.00,0,0,0,-17596,-17624,-17561,17596,17624,17561,RUNNING
62074,3,0.00,0.00,0.00,0,0,0,-17639,-17643,-17542,17639,17643,17542,RUNNING
62099,3,0.00,0.00,0.00,0,0,0,-17669,-17629,-17554,17669,17629,17554,RUNNING
62124,3,0.00,0.00,0.00,0,0,0,-17662,-17587,-17583,17662,17587,17583,RUNNING
62151,3,0.00,0.00,0.00,0,0,0,-17618,-17555,-17616,17618,17555,17616,RUNNING
62176,3,0.00,0.00,0.00,0,0,0,-17585,-17564,-17621,17585,17564,17621,RUNNING
62201,3,0.00,0.00,0.00,0,0,0,-17580,-17603,-17609,17580,17603,17609,RUNNING
62226,3,0.00,0.00,0.00,0,0,0,-17612,-17635,-17562,17612,17635,17562,RUNNING
62251,3,0.00,0.00,0.00,0,0,0,-17650,-17632,-17544,17650,17632,17544,RUNNING
62276,3,0.00,0.00,0.00,0,0,0,-17668,-17599,-17558,17668,17599,17558,RUNNING
62301,3,0.00,0.00,0.00,0,0,0,-17644,-17568,-17586,17644,17568,17586,RUNNING
62328,3,0.00,0.00,0.00,0,0,0,-17591,-17566,-17620,17591,17566,17620,RUNNING
62353,3,0.00,0.00,0.00,0,0,0,-17568,-17599,-17624,17568,17599,17624,RUNNING
62378,3,0.00,0.00,0.00,0,0,0,-17577,-17639,-17614,17577,17639,17614,RUNNING
62403,3,0.00,0.00,0.00,0,0,0,-17618,-17657,-17565,17618,17657,17565,RUNNING
62428,3,0.00,0.00,0.00,0,0,0,-17650,-17635,-17544,17650,17635,17544,RUNNING
62453,3,0.00,0.00,0.00,0,0,0,-17650,-17589,-17555,17650,17589,17555,RUNNING
62480,3,0.00,0.00,0.00,0,0,0,-17611,-17563,-17583,17611,17563,17583,RUNNING
62505,3,0.00,0.00,0.00,0,0,0,-17573,-17577,-17618,17573,17577,17618,RUNNING
62530,3,0.00,0.00,0.00,0,0,0,-17557,-17621,-17624,17557,17621,17624,RUNNING
62555,3,0.00,0.00,0.00,0,0,0,-17577,-17647,-17626,17577,17647,17626,RUNNING
62580,3,0.00,0.00,0.00,0,0,0,-17618,-17640,-17585,17618,17640,17585,RUNNING
62605,3,0.00,0.00,0.00,0,0,0,-17643,-17602,-17558,17643,17602,17558,RUNNING
62630,3,0.00,0.00,0.00,0,0,0,-17631,-17568,-17561,17631,17568,17561,RUNNING
62657,3,0.00,0.00,0.00,0,0,0,-17586,-17563,-17580,17586,17563,17580,RUNNING
62682,3,0.00,0.00,0.00,0,0,0,-17560,-17600,-17620,17560,17600,17620,RUNNING
62707,3,0.00,0.00,0.00,0,0,0,-17558,-17639,-17638,17558,17639,17638,RUNNING
62732,3,0.00,0.00,0.00,0,0,0,-17594,-17659,-17639,17594,17659,17639,RUNNING
62757,3,0.00,0.00,0.00,0,0,0,-17633,-17641,-17615,17633,17641,17615,RUNNING
62782,3,0.00,0.00,0.00,0,0,0,-17651,-17601,-17575,17651,17601,17575,RUNNING
62807,3,0.00,0.00,0.00,0,0,0,-17630,-17573,-17572,17630,17573,17572,RUNNING
62834,3,0.00,0.00,0.00,0,0,0,-17582,-17584,-17585,17582,17584,17585,RUNNING
62882,3,0.00,0.00,0.00,0,0,0,-17565,-17685,-17658,17565,17685,17658,RUNNING
62907,3,0.00,0.00,0.00,0,0,0,-17602,-17737,-17691,17602,17737,17691,RUNNING
62932,3,0.00,0.00,0.00,0,0,0,-17656,-17753,-17695,17656,17753,17695,RUNNING
62957,3,0.00,0.00,0.00,0,0,0,-17694,-17722,-17696,17694,17722,17696,RUNNING
62982,3,0.00,0.00,0.00,0,0,0,-17686,-17665,-17659,17686,17665,17659,RUNNING
63007,3,0.00,0.00,0.00,0,0,0,-17638,-17639,-17616,17638,17639,17616,RUNNING
63034,3,0.00,0.00,0.00,0,0,0,-17601,-17656,-17606,17601,17656,17606,RUNNING
63059,3,0.00,0.00,0.00,0,0,0,-17599,-17705,-17614,17599,17705,17614,RUNNING
63084,3,0.00,0.00,0.00,0,0,0,-17628,-17734,-17650,17628,17734,17650,RUNNING
63109,3,0.00,0.00,0.00,0,0,0,-17669,-17722,-17680,17669,17722,17680,RUNNING
63134,3,0.00,0.00,0.00,0,0,0,-17689,-17671,-17686,17689,17671,17686,RUNNING
63159,3,0.00,0.00,0.00,0,0,0,-17661,-17637,-17686,17661,17637,17686,RUNNING
63186,3,0.00,0.00,0.00,0,0,0,-17608,-17634,-17644,17608,17634,17644,RUNNING
63211,3,0.00,0.00,0.00,0,0,0,-17584,-17669,-17609,17584,17669,17609,RUNNING
63236,3,0.00,0.00,0.00,0,0,0,-17592,-17718,-17609,17592,17718,17609,RUNNING
63261,3,0.00,0.00,0.00,0,0,0,-17634,-17739,-17621,17634,17739,17621,RUNNING
63286,3,0.00,0.00,0.00,0,0,0,-17667,-17717,-17656,17667,17717,17656,RUNNING
63311,3,0.00,0.00,0.00,0,0,0,-17667,-17665,-17678,17667,17665,17678,RUNNING
63336,3,0.00,0.00,0.00,0,0,0,-17630,-17638,-17679,17630,17638,17679,RUNNING
63363,3,0.00,0.00,0.00,0,0,0,-17588,-17649,-17661,17588,17649,17661,RUNNING
63388,3,0.00,0.00,0.00,0,0,0,-17578,-17697,-17606,17578,17697,17606,RUNNING
63413,3,0.00,0.00,0.00,0,0,0,-17597,-17730,-17585,17597,17730,17585,RUNNING
63438,3,0.00,0.00,0.00,0,0,0,-17631,-17724,-17597,17631,17724,17597,RUNNING
63463,3,0.00,0.00,0.00,0,0,0,-17648,-17682,-17624,17648,17682,17624,RUNNING
63488,3,0.00,0.00,0.00,0,0,0,-17622,-17636,-17657,17622,17636,17657,RUNNING
63513,3,0.00,0.00,0.00,0,0,0,-17577,-17622,-17660,17577,17622,17660,RUNNING
63540,3,0.00,0.00,0.00,0,0,0,-17553,-17644,-17654,17553,17644,17654,RUNNING
63565,3,0.00,0.00,0.00,0,0,0,-17566,-17690,-17604,17566,17690,17604,RUNNING
63590,3,0.00,0.00,0.00,0,0,0,-17608,-17711,-17574,17608,17711,17574,RUNNING
63615,3,0.00,0.00,0.00,0,0,0,-17636,-17690,-17580,17636,17690,17580,RUNNING
63640,3,0.00,0.00,0.00,0,0,0,-17631,-17642,-17602,17631,17642,17602,RUNNING
63665,3,0.00,0.00,0.00,0,0,0,-17595,-17617,-17629,17595,17617,17629,RUNNING
63692,3,0.00,0.00,0.00,0,0,0,-17562,-17632,-17638,17562,17632,17638,RUNNING
63717,3,0.00,0.00,0.00,0,0,0,-17560,-17676,-17630,17560,17676,17630,RUNNING
63742,3,0.00,0.00,0.00,0,0,0,-17588,-17701,-17579,17588,17701,17579,RUNNING
63767,3,0.00,0.00,0.00,0,0,0,-17626,-17692,-17556,17626,17692,17556,RUNNING
63792,3,0.00,0.00,0.00,0,0,0,-17642,-17644,-17568,17642,17644,17568,RUNNING
63817,3,0.00,0.00,0.00,0,0,0,-17620,-17610,-17588,17620,17610,17588,RUNNING
63842,3,0.00,0.00,0.00,0,0,0,-17577,-17605,-17620,17577,17605,17620,RUNNING
63869,3,0.00,0.00,0.00,0,0,0,-17552,-17641,-17625,17552,17641,17625,RUNNING
63894,3,0.00,0.00,0.00,0,0,0,-17565,-17684,-17620,17565,17684,17620,RUNNING
63919,3,0.00,0.00,0.00,0,0,0,-17606,-17704,-17573,17606,17704,17573,RUNNING
63944,3,0.00,0.00,0.00,0,0,0,-17634,-17683,-17549,17634,17683,17549,RUNNING
63969,3,0.00,0.00,0.00,0,0,0,-17631,-17634,-17559,17631,17634,17559,RUNNING
63994,3,0.00,0.00,0.00,0,0,0,-17595,-17611,-17577,17595,17611,17577,RUNNING
64019,3,0.00,0.00,0.00,0,0,0,-17568,-17622,-17609,17568,17622,17609,RUNNING
64046,3,0.00,0.00,0.00,0,0,0,-17564,-17671,-17616,17564,17671,17616,RUNNING
64071,3,0.00,0.00,0.00,0,0,0,-17598,-17703,-17621,17598,17703,17621,RUNNING
64096,3,0.00,0.00,0.00,0,0,0,-17636,-17702,-17579,17636,17702,17579,RUNNING
64121,3,0.00,0.00,0.00,0,0,0,-17653,-17658,-17544,17653,17658,17544,RUNNING
64146,3,0.00,0.00,0.00,0,0,0,-17629,-17616,-17537,17629,17616,17537,RUNNING
64171,3,0.00,0.00,0.00,0,0,0,-17583,-17603,-17554,17583,17603,17554,RUNNING
64196,3,0.00,0.00,0.00,0,0,0,-17564,-17624,-17588,17564,17624,17588,RUNNING
64240,3,0.00,0.00,0.00,0,0,0,-17606,-17701,-17616,17606,17701,17616,RUNNING
64265,3,0.00,0.00,0.00,0,0,0,-17656,-17726,-17621,17656,17726,17621,RUNNING
64290,3,0.00,0.00,0.00,0,0,0,-17684,-17712,-17577,17684,17712,17577,RUNNING
64315,3,0.00,0.00,0.00,0,0,0,-17671,-17665,-17528,17671,17665,17528,RUNNING
64340,3,0.00,0.00,0.00,0,0,0,-17624,-17632,-17511,17624,17632,17511,RUNNING
64365,3,0.00,0.00,0.00,0,0,0,-17596,-17631,-17519,17596,17631,17519,RUNNING
64392,3,0.00,0.00,0.00,0,0,0,-17598,-17670,-17561,17598,17670,17561,RUNNING
64417,3,0.00,0.00,0.00,0,0,0,-17633,-17711,-17594,17633,17711,17594,RUNNING
64442,3,0.00,0.00,0.00,0,0,0,-17668,-17720,-17606,17668,17720,17606,RUNNING
64467,3,0.00,0.00,0.00,0,0,0,-17677,-17686,-17610,17677,17686,17610,RUNNING
64492,3,0.00,0.00,0.00,0,0,0,-17643,-17634,-17566,17643,17634,17566,RUNNING
64517,3,0.00,0.00,0.00,0,0,0,-17598,-17612,-17526,17598,17612,17526,RUNNING
64542,3,0.00,0.00,0.00,0,0,0,-17579,-17625,-17515,17579,17625,17515,RUNNING
64569,3,0.00,0.00,0.00,0,0,0,-17596,-17674,-17522,17596,17674,17522,RUNNING
64594,3,0.00,0.00,0.00,0,0,0,-17638,-17704,-17570,17638,17704,17570,RUNNING
64619,3,0.00,0.00,0.00,0,0,0,-17666,-17698,-17612,17666,17698,17612,RUNNING
64644,3,0.00,0.00,0.00,0,0,0,-17653,-17652,-17636,17653,17652,17636,RUNNING
64669,3,0.00,0.00,0.00,0,0,0,-17609,-17618,-17638,17609,17618,17638,RUNNING
64694,3,0.00,0.00,0.00,0,0,0,-17580,-17615,-17607,17580,17615,17607,RUNNING
64719,3,0.00,0.00,0.00,0,0,0,-17582,-17648,-17563,17582,17648,17563,RUNNING
64746,3,0.00,0.00,0.00,0,0,0,-17621,-17698,-17559,17621,17698,17559,RUNNING
64771,3,0.00,0.00,0.00,0,0,0,-17657,-17716,-17579,17657,17716,17579,RUNNING
64796,3,0.00,0.00,0.00,0,0,0,-17665,-17696,-17615,17665,17696,17615,RUNNING
64821,3,0.00,0.00,0.00,0,0,0,-17630,-17645,-17636,17630,17645,17636,RUNNING
64846,3,0.00,0.00,0.00,0,0,0,-17589,-17622,-17638,17589,17622,17638,RUNNING
64871,3,0.00,0.00,0.00,0,0,0,-17573,-17627,-17607,17573,17627,17607,RUNNING
64896,3,0.00,0.00,0.00,0,0,0,-17591,-17670,-17564,17591,17670,17564,RUNNING
64923,3,0.00,0.00,0.00,0,0,0,-17635,-17706,-17563,17635,17706,17563,RUNNING
64948,3,0.00,0.00,0.00,0,0,0,-17664,-17706,-17583,17664,17706,17583,RUNNING
64973,3,0.00,0.00,0.00,0,0,0,-17652,-17670,-17614,17652,17670,17614,RUNNING
64998,3,0.00,0.00,0.00,0,0,0,-17611,-17625,-17630,17611,17625,17630,RUNNING
65023,3,0.00,0.00,0.00,0,0,0,-17581,-17611,-17631,17581,17611,17631,RUNNING
65048,3,0.00,0.00,0.00,0,0,0,-17583,-17632,-17602,17583,17632,17602,RUNNING
65075,3,0.00,0.00,0.00,0,0,0,-17622,-17679,-17565,17622,17679,17565,RUNNING
65100,3,0.00,0.00,0.00,0,0,0,-17658,-17699,-17568,17658,17699,17568,RUNNING
65125,3,0.00,0.00,0.00,0,0,0,-17668,-17679,-17592,17668,17679,17592,RUNNING
65150,3,0.00,0.00,0.00,0,0,0,-17633,-17631,-17620,17633,17631,17620,RUNNING
65175,3,0.00,0.00,0.00,0,0,0,-17588,-17603,-17637,17588,17603,17637,RUNNING
65200,3,0.00,0.00,0.00,0,0,0,-17569,-17610,-17638,17569,17610,17638,RUNNING
65225,3,0.00,0.00,0.00,0,0,0,-17582,-17651,-17601,17582,17651,17601,RUNNING
65252,3,0.00,0.00,0.00,0,0,0,-17627,-17690,-17561,17627,17690,17561,RUNNING
65277,3,0.00,0.00,0.00,0,0,0,-17662,-17685,-17560,17662,17685,17560,RUNNING
65302,3,0.00,0.00,0.00,0,0,0,-17659,-17647,-17584,17659,17647,17584,RUNNING
65327,3,0.00,0.00,0.00,0,0,0,-17620,-17604,-17613,17620,17604,17613,RUNNING
65352,3,0.00,0.00,0.00,0,0,0,-17581,-17594,-17629,17581,17594,17629,RUNNING
65377,3,0.00,0.00,0.00,0,0,0,-17565,-17613,-17631,17565,17613,17631,RUNNING
65402,3,0.00,0.00,0.00,0,0,0,-17583,-17650,-17597,17583,17650,17597,RUNNING
65429,3,0.00,0.00,0.00,0,0,0,-17626,-17669,-17560,17626,17669,17560,RUNNING
65454,3,0.00,0.00,0.00,0,0,0,-17657,-17645,-17561,17657,17645,17561,RUNNING
65479,3,0.00,0.00,0.00,0,0,0,-17645,-17600,-17583,17645,17600,17583,RUNNING
65504,3,0.00,0.00,0.00,0,0,0,-17606,-17575,-17614,17606,17575,17614,RUNNING
65529,3,0.00,0.00,0.00,0,0,0,-17577,-17588,-17628,17577,17588,17628,RUNNING
65554,3,0.00,0.00,0.00,0,0,0,-17578,-17632,-17631,17578,17632,17631,RUNNING
65579,3,0.00,0.00,0.00,0,0,0,-17612,-17657,-17600,17612,17657,17600,RUNNING
65606,3,0.00,0.00,0.00,0,0,0,-17645,-17647,-17555,17645,17647,17555,RUNNING
65631,3,0.00,0.00,0.00,0,0,0,-17649,-17610,-17544,17649,17610,17544,RUNNING
65656,3,0.00,0.00,0.00,0,0,0,-17617,-17578,-17563,17617,17578,17563,RUNNING
65681,3,0.00,0.00,0.00,0,0,0,-17578,-17577,-17597,17578,17577,17597,RUNNING
65706,3,0.00,0.00,0.00,0,0,0,-17564,-17610,-17625,17564,17610,17625,RUNNING
65731,3,0.00,0.00,0.00,0,0,0,-17584,-17652,-17628,17584,17652,17628,RUNNING
65758,3,0.00,0.00,0.00,0,0,0,-17625,-17671,-17610,17625,17671,17610,RUNNING
65783,3,0.00,0.00,0.00,0,0,0,-17650,-17645,-17564,17650,17645,17564,RUNNING
65808,3,0.00,0.00,0.00,0,0,0,-17634,-17598,-17555,17634,17598,17555,RUNNING
65833,3,0.00,0.00,0.00,0,0,0,-17593,-17574,-17567,17593,17574,17567,RUNNING
65874,3,0.00,0.00,0.00,0,0,0,-17570,-17612,-17623,17570,17612,17623,RUNNING
65899,3,0.00,0.00,0.00,0,0,0,-17593,-17663,-17663,17593,17663,17663,RUNNING
65924,3,0.00,0.00,0.00,0,0,0,-17638,-17694,-17673,17638,17694,17673,RUNNING
65951,3,0.00,0.00,0.00,0,0,0,-17672,-17681,-17675,17672,17681,17675,RUNNING
65976,3,0.00,0.00,0.00,0,0,0,-17656,-17638,-17635,17656,17638,17635,RUNNING
66001,3,0.00,0.00,0.00,0,0,0,-17612,-17605,-17588,17612,17605,17588,RUNNING
66026,3,0.00,0.00,0.00,0,0,0,-17585,-17605,-17575,17585,17605,17575,RUNNING
66051,3,0.00,0.00,0.00,0,0,0,-17590,-17641,-17584,17590,17641,17584,RUNNING
66076,3,0.00,0.00,0.00,0,0,0,-17627,-17676,-17620,17627,17676,17620,RUNNING
66101,3,0.00,0.00,0.00,0,0,0,-17662,-17682,-17659,17662,17682,17659,RUNNING
66128,3,0.00,0.00,0.00,0,0,0,-17667,-17644,-17671,17667,17644,17671,RUNNING
66153,3,0.00,0.00,0.00,0,0,0,-17632,-17601,-17672,17632,17601,17672,RUNNING
66178,3,0.00,0.00,0.00,0,0,0,-17590,-17584,-17624,17590,17584,17624,RUNNING
66203,3,0.00,0.00,0.00,0,0,0,-17575,-17605,-17573,17575,17605,17573,RUNNING
66228,3,0.00,0.00,0.00,0,0,0,-17591,-17648,-17559,17591,17648,17559,RUNNING
66253,3,0.00,0.00,0.00,0,0,0,-17630,-17676,-17572,17630,17676,17572,RUNNING
66278,3,0.00,0.00,0.00,0,0,0,-17653,-17662,-17604,17653,17662,17604,RUNNING
66305,3,0.00,0.00,0.00,0,0,0,-17634,-17617,-17641,17634,17617,17641,RUNNING
66330,3,0.00,0.00,0.00,0,0,0,-17590,-17585,-17645,17590,17585,17645,RUNNING
66355,3,0.00,0.00,0.00,0,0,0,-17567,-17586,-17636,17567,17586,17636,RUNNING
66380,3,0.00,0.00,0.00,0,0,0,-17575,-17618,-17586,17575,17618,17586,RUNNING
66405,3,0.00,0.00,0.00,0,0,0,-17617,-17651,-17564,17617,17651,17564,RUNNING
66430,3,0.00,0.00,0.00,0,0,0,-17650,-17658,-17573,17650,17658,17573,RUNNING
66457,3,0.00,0.00,0.00,0,0,0,-17653,-17626,-17601,17653,17626,17601,RUNNING
66482,3,0.00,0.00,0.00,0,0,0,-17617,-17582,-17633,17617,17582,17633,RUNNING
66507,3,0.00,0.00,0.00,0,0,0,-17578,-17566,-17641,17578,17566,17641,RUNNING
66532,3,0.00,0.00,0.00,0,0,0,-17560,-17586,-17642,17560,17586,17642,RUNNING
66557,3,0.00,0.00,0.00,0,0,0,-17580,-17630,-17599,17580,17630,17599,RUNNING
66582,3,0.00,0.00,0.00,0,0,0,-17623,-17651,-17567,17623,17651,17567,RUNNING
66607,3,0.00,0.00,0.00,0,0,0,-17653,-17638,-17568,17653,17638,17568,RUNNING
66634,3,0.00,0.00,0.00,0,0,0,-17639,-17592,-17592,17639,17592,17592,RUNNING
66659,3,0.00,0.00,0.00,0,0,0,-17597,-17558,-17622,17597,17558,17622,RUNNING
66684,3,0.00,0.00,0.00,0,0,0,-17568,-17558,-17638,17568,17558,17638,RUNNING
66709,3,0.00,0.00,0.00,0,0,0,-17568,-17594,-17639,17568,17594,17639,RUNNING
66734,3,0.00,0.00,0.00,0,0,0,-17602,-17631,-17609,17602,17631,17609,RUNNING
66759,3,0.00,0.00,0.00,0,0,0,-17641,-17642,-17571,17641,17642,17571,RUNNING
66784,3,0.00,0.00,0.00,0,0,0,-17661,-17617,-17571,17661,17617,17571,RUNNING
66811,3,0.00,0.00,0.00,0,0,0,-17636,-17572,-17591,17636,17572,17591,RUNNING
66836,3,0.00,0.00,0.00,0,0,0,-17588,-17551,-17623,17588,17551,17623,RUNNING
66861,3,0.00,0.00,0.00,0,0,0,-17565,-17565,-17641,17565,17565,17641,RUNNING
66886,3,0.00,0.00,0.00,0,0,0,-17573,-17611,-17642,17573,17611,17642,RUNNING
66911,3,0.00,0.00,0.00,0,0,0,-17612,-17638,-17613,17612,17638,17613,RUNNING
66936,3,0.00,0.00,0.00,0,0,0,-17642,-17634,-17572,17642,17634,17572,RUNNING
66963,3,0.00,0.00,0.00,0,0,0,-17641,-17594,-17570,17641,17594,17570,RUNNING
66988,3,0.00,0.00,0.00,0,0,0,-17605,-17558,-17589,17605,17558,17589,RUNNING
67013,3,0.00,0.00,0.00,0,0,0,-17565,-17555,-17620,17565,17555,17620,RUNNING
67038,3,0.00,0.00,0.00,0,0,0,-17549,-17590,-17639,17549,17590,17639,RUNNING
67063,3,0.00,0.00,0.00,0,0,0,-17570,-17631,-17642,17570,17631,17642,RUNNING
67088,3,0.00,0.00,0.00,0,0,0,-17612,-17646,-17614,17612,17646,17614,RUNNING
67113,3,0.00,0.00,0.00,0,0,0,-17637,-17629,-17563,17637,17629,17563,RUNNING
67140,3,0.00,0.00,0.00,0,0,0,-17624,-17582,-17547,17624,17582,17547,RUNNING
67165,3,0.00,0.00,0.00,0,0,0,-17582,-17552,-17561,17582,17552,17561,RUNNING
67190,3,0.00,0.00,0.00,0,0,0,-17557,-17557,-17593,17557,17557,17593,RUNNING
67215,3,0.00,0.00,0.00,0,0,0,-17559,-17596,-17624,17559,17596,17624,RUNNING
67240,3,0.00,0.00,0.00,0,0,0,-17598,-17630,-17631,17598,17630,17631,RUNNING
67265,3,0.00,0.00,0.00,0,0,0,-17629,-17636,-17627,17629,17636,17627,RUNNING
67290,3,0.00,0.00,0.00,0,0,0,-17637,-17606,-17578,17637,17606,17578,RUNNING
67317,3,0.00,0.00,0.00,0,0,0,-17603,-17562,-17550,17603,17562,17550,RUNNING
67342,3,0.00,0.00,0.00,0,0,0,-17562,-17546,-17557,17562,17546,17557,RUNNING
67367,3,0.00,0.00,0.00,0,0,0,-17542,-17568,-17575,17542,17568,17575,RUNNING
67392,3,0.00,0.00,0.00,0,0,0,-17562,-17614,-17607,17562,17614,17607,RUNNING
67417,3,0.00,0.00,0.00,0,0,0,-17605,-17640,-17615,17605,17640,17615,RUNNING
67442,3,0.00,0.00,0.00,0,0,0,-17630,-17631,-17622,17630,17631,17622,RUNNING
67467,3,0.00,0.00,0.00,0,0,0,-17620,-17591,-17586,17620,17591,17586,RUNNING
67494,3,0.00,0.00,0.00,0,0,0,-17576,-17553,-17548,17576,17553,17548,RUNNING
67519,3,0.00,0.00,0.00,0,0,0,-17544,-17554,-17541,17544,17554,17541,RUNNING
67544,3,0.00,0.00,0.00,0,0,0,-17538,-17585,-17553,17538,17585,17553,RUNNING
67569,3,0.00,0.00,0.00,0,0,0,-17574,-17617,-17588,17574,17617,17588,RUNNING
67594,3,0.00,0.00,0.00,0,0,0,-17613,-17620,-17618,17613,17620,17618,RUNNING
67614,3,0.00,0.00,0.00,0,0,0,-17613,-17620,-17618,17613,17620,17618,HOMING_COMPLETE
102702,4,20.00,0.00,0.00,18,230,-195,-17629,-17476,-17539,17647,17706,17344,START_STEP
102726,4,20.00,0.00,0.00,18,230,-195,-17629,-17476,-17539,17647,17706,17344,RUNNING
102750,4,20.00,0.00,0.00,18,230,-195,-17629,-17475,-17539,17647,17705,17344,RUNNING
102775,4,20.00,0.00,0.00,18,230,-195,-17613,-17457,-17519,17631,17687,17324,RUNNING
102800,4,20.00,0.00,0.00,18,230,-195,-17575,-17412,-17472,17593,17642,17277,RUNNING
102825,4,20.00,0.00,0.00,18,230,-195,-17513,-17351,-17404,17531,17581,17209,RUNNING
102852,4,20.00,0.00,0.00,18,230,-195,-17430,-17276,-17330,17448,17506,17135,RUNNING
102877,4,20.00,0.00,0.00,18,230,-195,-17345,-17209,-17261,17363,17439,17066,RUNNING
102902,4,20.00,0.00,0.00,18,230,-195,-17274,-17140,-17182,17292,17370,16987,RUNNING
102927,4,20.00,0.00,0.00,18,230,-195,-17187,-17067,-17113,17205,17297,16918,RUNNING
102952,4,20.00,0.00,0.00,18,230,-195,-17104,-16998,-17046,17122,17228,16851,RUNNING
102977,4,20.00,0.00,0.00,18,230,-195,-17029,-16934,-16971,17047,17164,16776,RUNNING
103002,4,20.00,0.00,0.00,18,230,-195,-16949,-16857,-16900,16967,17087,16705,RUNNING
103025,4,20.00,0.00,0.00,18,230,-195,-16880,-16782,-16830,16898,17012,16635,RUNNING
103050,4,20.00,0.00,0.00,18,230,-195,-16801,-16703,-16743,16819,16933,16548,RUNNING
103075,4,20.00,0.00,0.00,18,230,-195,-16714,-16612,-16655,16732,16842,16460,RUNNING
103100,4,20.00,0.00,0.00,18,230,-195,-16638,-16522,-16558,16656,16752,16363,RUNNING
103125,4,20.00,0.00,0.00,18,230,-195,-16550,-16430,-16464,16568,16660,16269,RUNNING
103150,4,20.00,0.00,0.00,18,230,-195,-16462,-16348,-16372,16480,16578,16177,RUNNING
103177,4,20.00,0.00,0.00,18,230,-195,-16375,-16263,-16270,16393,16493,16075,RUNNING
103202,4,20.00,0.00,0.00,18,230,-195,-16295,-16185,-16189,16313,16415,15994,RUNNING
103227,4,20.00,0.00,0.00,18,230,-195,-16217,-16113,-16108,16235,16343,15913,RUNNING
103252,4,20.00,0.00,0.00,18,230,-195,-16137,-16043,-16027,16155,16273,15832,RUNNING
103277,4,20.00,0.00,0.00,18,230,-195,-16070,-15968,-15951,16088,16198,15756,RUNNING
103302,4,20.00,0.00,0.00,18,230,-195,-16002,-15889,-15873,16020,16119,15678,RUNNING
103329,4,20.00,0.00,0.00,18,230,-195,-15914,-15808,-15781,15932,16038,15586,RUNNING
103354,4,20.00,0.00,0.00,18,230,-195,-15845,-15724,-15690,15863,15954,15495,RUNNING
103379,4,20.00,0.00,0.00,18,230,-195,-15772,-15638,-15598,15790,15868,15403,RUNNING
103404,4,20.00,0.00,0.00,18,230,-195,-15685,-15550,-15506,15703,15780,15311,RUNNING
103429,4,20.00,0.00,0.00,18,230,-195,-15596,-15469,-15401,15614,15699,15206,RUNNING
103454,4,20.00,0.00,0.00,18,230,-195,-15502,-15392,-15314,15520,15622,15119,RUNNING
103481,4,20.00,0.00,0.00,18,230,-195,-15409,-15310,-15225,15427,15540,15030,RUNNING
103506,4,20.00,0.00,0.00,18,230,-195,-15309,-15235,-15140,15327,15465,14945,RUNNING
103531,4,20.00,0.00,0.00,18,230,-195,-15212,-15167,-15064,15230,15397,14869,RUNNING
103556,4,20.00,0.00,0.00,18,230,-195,-15135,-15097,-14989,15153,15327,14794,RUNNING
103581,4,20.00,0.00,0.00,18,230,-195,-15035,-15020,-14911,15053,15250,14716,RUNNING
103606,4,20.00,0.00,0.00,18,230,-195,-14944,-14950,-14827,14962,15180,14632,RUNNING
103633,4,20.00,0.00,0.00,18,230,-195,-14857,-14869,-14736,14875,15099,14541,RUNNING
103658,4,20.00,0.00,0.00,18,230,-195,-14765,-14790,-14634,14783,15020,14439,RUNNING
103683,4,20.00,0.00,0.00,18,230,-195,-14678,-14701,-14531,14696,14931,14336,RUNNING
103708,4,20.00,0.00,0.00,18,230,-195,-14589,-14616,-14430,14607,14846,14235,RUNNING
103733,4,20.00,0.00,0.00,18,230,-195,-14505,-14541,-14326,14523,14771,14131,RUNNING
103758,4,20.00,0.00,0.00,18,230,-195,-14419,-14448,-14236,14437,14678,14041,RUNNING
103785,4,20.00,0.00,0.00,18,230,-195,-14314,-14344,-14136,14332,14574,13941,RUNNING
103810,4,20.00,0.00,0.00,18,230,-195,-14238,-14263,-14057,14256,14493,13862,RUNNING
103835,4,20.00,0.00,0.00,18,230,-195,-14165,-14189,-13977,14183,14419,13782,RUNNING
103860,4,20.00,0.00,0.00,18,230,-195,-14082,-14109,-13896,14100,14339,13701,RUNNING
103885,4,20.00,0.00,0.00,18,230,-195,-14010,-14026,-13822,14028,14256,13627,RUNNING
103910,4,20.00,0.00,0.00,18,230,-195,-13936,-13951,-13735,13954,14181,13540,RUNNING
104055,4,20.00,0.00,0.00,18,230,-195,-13463,-13451,-13220,13481,13681,13025,RUNNING
104080,4,20.00,0.00,0.00,18,230,-195,-13374,-13355,-13145,13392,13585,12950,RUNNING
104105,4,20.00,0.00,0.00,18,230,-195,-13280,-13281,-13067,13298,13511,12872,RUNNING
104130,4,20.00,0.00,0.00,18,230,-195,-13194,-13200,-12995,13212,13430,12800,RUNNING
104155,4,20.00,0.00,0.00,18,230,-195,-13098,-13114,-12924,13116,13344,12729,RUNNING
104180,4,20.00,0.00,0.00,18,230,-195,-13015,-13043,-12850,13033,13273,12655,RUNNING
104207,4,20.00,0.00,0.00,18,230,-195,-12932,-12967,-12769,12950,13197,12574,RUNNING
104232,4,20.00,0.00,0.00,18,230,-195,-12841,-12891,-12684,12859,13121,12489,RUNNING
104364,4,20.00,0.00,0.00,18,230,-195,-12408,-12450,-12195,12426,12680,12000,RUNNING
104389,4,20.00,0.00,0.00,18,230,-195,-12329,-12374,-12109,12347,12604,11914,RUNNING
104414,4,20.00,0.00,0.00,18,230,-195,-12235,-12282,-12033,12253,12512,11838,RUNNING
104439,4,20.00,0.00,0.00,18,230,-195,-12156,-12200,-11954,12174,12430,11759,RUNNING
104466,4,20.00,0.00,0.00,18,230,-195,-12084,-12126,-11876,12102,12356,11681,RUNNING
104491,4,20.00,0.00,0.00,18,230,-195,-12003,-12047,-11799,12021,12277,11604,RUNNING
104516,4,20.00,0.00,0.00,18,230,-195,-11925,-11978,-11714,11943,12208,11519,RUNNING
104541,4,20.00,0.00,0.00,18,230,-195,-11857,-11904,-11631,11875,12134,11436,RUNNING
104673,4,20.00,0.00,0.00,18,230,-195,-11431,-11481,-11129,11449,11711,10934,RUNNING
104698,4,20.00,0.00,0.00,18,230,-195,-11335,-11392,-11051,11353,11622,10856,RUNNING
104725,4,20.00,0.00,0.00,18,230,-195,-11240,-11307,-11004,11258,11537,10809,RUNNING
104750,4,20.00,0.00,0.00,18,230,-195,-11150,-11230,-10973,11168,11460,10778,RUNNING
104775,4,20.00,0.00,0.00,18,230,-195,-11060,-11158,-10917,11078,11388,10722,RUNNING
104800,4,20.00,0.00,0.00,18,230,-195,-10967,-11085,-10855,10985,11315,10660,RUNNING
104825,4,20.00,0.00,0.00,18,230,-195,-10883,-11015,-10793,10901,11245,10598,RUNNING
104850,4,20.00,0.00,0.00,18,230,-195,-10797,-10944,-10718,10815,11174,10523,RUNNING
104987,4,20.00,0.00,0.00,18,230,-195,-10325,-10510,-10205,10343,10740,10010,RUNNING
105013,4,20.00,0.00,0.00,18,230,-195,-10232,-10419,-10113,10250,10649,9918,RUNNING
105039,4,20.00,0.00,0.00,18,230,-195,-10179,-10329,-10057,10197,10559,9862,RUNNING
105065,4,20.00,0.00,0.00,18,230,-195,-10143,-10254,-10012,10161,10484,9817,RUNNING
105091,4,20.00,0.00,0.00,18,230,-195,-10082,-10167,-9954,10100,10397,9759,RUNNING
105117,4,20.00,0.00,0.00,18,230,-195,-10016,-10076,-9888,10034,10306,9693,RUNNING
105143,4,20.00,0.00,0.00,18,230,-195,-9956,-10009,-9815,9974,10239,9620,RUNNING
105171,4,20.00,0.00,0.00,18,230,-195,-9880,-9919,-9740,9898,10149,9545,RUNNING
105196,4,20.00,0.00,0.00,18,230,-195,-9804,-9832,-9660,9822,10062,9465,RUNNING
105221,4,20.00,0.00,0.00,18,230,-195,-9742,-9760,-9576,9760,9990,9381,RUNNING
105246,4,20.00,0.00,0.00,18,230,-195,-9668,-9684,-9497,9686,9914,9302,RUNNING
105271,4,20.00,0.00,0.00,18,230,-195,-9582,-9593,-9405,9600,9823,9210,RUNNING
105296,4,20.00,0.00,0.00,18,230,-195,-9496,-9499,-9315,9514,9729,9120,RUNNING
105323,4,20.00,0.00,0.00,18,230,-195,-9406,-9413,-9222,9424,9643,9027,RUNNING
105348,4,20.00,0.00,0.00,18,230,-195,-9320,-9325,-9134,9338,9555,8939,RUNNING
105373,4,20.00,0.00,0.00,18,230,-195,-9215,-9227,-9055,9233,9457,8860,RUNNING
105398,4,20.00,0.00,0.00,18,230,-195,-9129,-9140,-8976,9147,9370,8781,RUNNING
105423,4,20.00,0.00,0.00,18,230,-195,-9047,-9068,-8904,9065,9298,8709,RUNNING
105448,4,20.00,0.00,0.00,18,230,-195,-8953,-8990,-8833,8971,9220,8638,RUNNING
105473,4,20.00,0.00,0.00,18,230,-195,-8874,-8917,-8756,8892,9147,8561,RUNNING
105500,4,20.00,0.00,0.00,18,230,-195,-8782,-8833,-8673,8800,9063,8478,RUNNING
105525,4,20.00,0.00,0.00,18,230,-195,-8707,-8766,-8587,8725,8996,8392,RUNNING
105550,4,20.00,0.00,0.00,18,230,-195,-8629,-8695,-8499,8647,8925,8304,RUNNING
105575,4,20.00,0.00,0.00,18,230,-195,-8537,-8605,-8404,8555,8835,8209,RUNNING
105600,4,20.00,0.00,0.00,18,230,-195,-8462,-8526,-8306,8480,8756,8111,RUNNING
105625,4,20.00,0.00,0.00,18,230,-195,-8374,-8445,-8209,8392,8675,8014,RUNNING
105652,4,20.00,0.00,0.00,18,230,-195,-8276,-8346,-8104,8294,8576,7909,RUNNING
105677,4,20.00,0.00,0.00,18,230,-195,-8199,-8255,-8018,8217,8485,7823,RUNNING
105702,4,20.00,0.00,0.00,18,230,-195,-8117,-8171,-7939,8135,8401,7744,RUNNING
105727,4,20.00,0.00,0.00,18,230,-195,-8039,-8096,-7854,8057,8326,7659,RUNNING
105752,4,20.00,0.00,0.00,18,230,-195,-7965,-8019,-7776,7983,8249,7581,RUNNING
105777,4,20.00,0.00,0.00,18,230,-195,-7893,-7940,-7689,7911,8170,7494,RUNNING
105802,4,20.00,0.00,0.00,18,230,-195,-7824,-7875,-7605,7842,8105,7410,RUNNING
105829,4,20.00,0.00,0.00,18,230,-195,-7744,-7793,-7510,7762,8023,7315,RUNNING
105854,4,20.00,0.00,0.00,18,230,-195,-7668,-7714,-7418,7686,7944,7223,RUNNING
105879,4,20.00,0.00,0.00,18,230,-195,-7599,-7641,-7328,7617,7871,7133,RUNNING
105904,4,20.00,0.00,0.00,18,230,-195,-7520,-7552,-7228,7538,7782,7033,RUNNING
105929,4,20.00,0.00,0.00,18,230,-195,-7430,-7474,-7139,7448,7704,6944,RUNNING
105954,4,20.00,0.00,0.00,18,230,-195,-7343,-7379,-7058,7361,7609,6863,RUNNING
105981,4,20.00,0.00,0.00,18,230,-195,-7251,-7289,-6970,7269,7519,6775,RUNNING
106006,4,20.00,0.00,0.00,18,230,-195,-7159,-7216,-6894,7177,7446,6699,RUNNING
106031,4,20.00,0.00,0.00,18,230,-195,-7063,-7132,-6815,7081,7362,6620,RUNNING
106056,4,20.00,0.00,0.00,18,230,-195,-6982,-7059,-6742,7000,7289,6547,RUNNING
106081,4,20.00,0.00,0.00,18,230,-195,-6891,-6992,-6667,6909,7222,6472,RUNNING
106106,4,20.00,0.00,0.00,18,230,-195,-6789,-6920,-6582,6807,7150,6387,RUNNING
106131,4,20.00,0.00,0.00,18,230,-195,-6711,-6844,-6498,6729,7074,6303,RUNNING
106158,4,20.00,0.00,0.00,18,230,-195,-6614,-6772,-6391,6632,7002,6196,RUNNING
106183,4,20.00,0.00,0.00,18,230,-195,-6527,-6695,-6295,6545,6925,6100,RUNNING
106208,4,20.00,0.00,0.00,18,230,-195,-6440,-6611,-6199,6458,6841,6004,RUNNING
106233,4,20.00,0.00,0.00,18,230,-195,-6355,-6533,-6103,6373,6763,5908,RUNNING
106258,4,20.00,0.00,0.00,18,230,-195,-6274,-6447,-6015,6292,6677,5820,RUNNING
106283,4,20.00,0.00,0.00,18,230,-195,-6179,-6361,-5925,6197,6591,5730,RUNNING
106308,4,20.00,0.00,0.00,18,230,-195,-6092,-6276,-5850,6110,6506,5655,RUNNING
106335,4,20.00,0.00,0.00,18,230,-195,-6012,-6182,-5767,6030,6412,5572,RUNNING
106360,4,20.00,0.00,0.00,18,230,-195,-5929,-6103,-5687,5947,6333,5492,RUNNING
106385,4,20.00,0.00,0.00,18,230,-195,-5851,-6021,-5615,5869,6251,5420,RUNNING
106410,4,20.00,0.00,0.00,18,230,-195,-5781,-5944,-5533,5799,6174,5338,RUNNING
106435,4,20.00,0.00,0.00,18,230,-195,-5709,-5862,-5447,5727,6092,5252,RUNNING
106460,4,20.00,0.00,0.00,18,230,-195,-5636,-5781,-5362,5654,6011,5167,RUNNING
106487,4,20.00,0.00,0.00,18,230,-195,-5547,-5700,-5263,5565,5930,5068,RUNNING
106512,4,20.00,0.00,0.00,18,230,-195,-5472,-5613,-5173,5490,5843,4978,RUNNING
106537,4,20.00,0.00,0.00,18,230,-195,-5385,-5531,-5077,5403,5761,4882,RUNNING
106562,4,20.00,0.00,0.00,18,230,-195,-5290,-5447,-5000,5308,5677,4805,RUNNING
106587,4,20.00,0.00,0.00,18,230,-195,-5200,-5357,-4918,5218,5587,4723,RUNNING
106612,4,20.00,0.00,0.00,18,230,-195,-5105,-5273,-4840,5123,5503,4645,RUNNING
106637,4,20.00,0.00,0.00,18,230,-195,-5017,-5183,-4770,5035,5413,4575,RUNNING
106664,4,20.00,0.00,0.00,18,230,-195,-4913,-5091,-4688,4931,5321,4493,RUNNING
106689,4,20.00,0.00,0.00,18,230,-195,-4832,-5013,-4612,4850,5243,4417,RUNNING
106714,4,20.00,0.00,0.00,18,230,-195,-4757,-4935,-4530,4775,5165,4335,RUNNING
106739,4,20.00,0.00,0.00,18,230,-195,-4666,-4862,-4442,4684,5092,4247,RUNNING
106764,4,20.00,0.00,0.00,18,230,-195,-4591,-4788,-4355,4609,5018,4160,RUNNING
106789,4,20.00,0.00,0.00,18,230,-195,-4519,-4707,-4242,4537,4937,4047,RUNNING
106816,4,20.00,0.00,0.00,18,230,-195,-4423,-4631,-4139,4441,4861,3944,RUNNING
106841,4,20.00,0.00,0.00,18,230,-195,-4340,-4556,-4047,4358,4786,3852,RUNNING
106866,4,20.00,0.00,0.00,18,230,-195,-4256,-4477,-3958,4274,4707,3763,RUNNING
106891,4,20.00,0.00,0.00,18,230,-195,-4174,-4386,-3875,4192,4616,3680,RUNNING
106916,4,20.00,0.00,0.00,18,230,-195,-4094,-4297,-3793,4112,4527,3598,RUNNING
106941,4,20.00,0.00,0.00,18,230,-195,-4011,-4218,-3721,4029,4448,3526,RUNNING
106966,4,20.00,0.00,0.00,18,230,-195,-3939,-4126,-3646,3957,4356,3451,RUNNING
106993,4,20.00,0.00,0.00,18,230,-195,-3868,-4027,-3556,3886,4257,3361,RUNNING
107018,4,20.00,0.00,0.00,18,230,-195,-3786,-3962,-3479,3804,4192,3284,RUNNING
107043,4,20.00,0.00,0.00,18,230,-195,-3723,-3878,-3386,3741,4108,3191,RUNNING
107068,4,20.00,0.00,0.00,18,230,-195,-3652,-3807,-3295,3670,4037,3100,RUNNING
107093,4,20.00,0.00,0.00,18,230,-195,-3578,-3737,-3211,3596,3967,3016,RUNNING
107118,4,20.00,0.00,0.00,18,230,-195,-3507,-3659,-3112,3525,3889,2917,RUNNING
107145,4,20.00,0.00,0.00,18,230,-195,-3417,-3582,-3021,3435,3812,2826,RUNNING
107170,4,20.00,0.00,0.00,18,230,-195,-3338,-3495,-2936,3356,3725,2741,RUNNING
107195,4,20.00,0.00,0.00,18,230,-195,-3245,-3413,-2859,3263,3643,2664,RUNNING
107220,4,20.00,0.00,0.00,18,230,-195,-3154,-3334,-2790,3172,3564,2595,RUNNING
107245,4,20.00,0.00,0.00,18,230,-195,-3072,-3242,-2713,3090,3472,2518,RUNNING
107270,4,20.00,0.00,0.00,18,230,-195,-2974,-3160,-2641,2992,3390,2446,RUNNING
107295,4,20.00,0.00,0.00,18,230,-195,-2882,-3083,-2569,2900,3313,2374,RUNNING
107322,4,20.00,0.00,0.00,18,230,-195,-2787,-3002,-2477,2805,3232,2282,RUNNING
107347,4,20.00,0.00,0.00,18,230,-195,-2695,-2929,-2389,2713,3159,2194,RUNNING
107372,4,20.00,0.00,0.00,18,230,-195,-2606,-2856,-2302,2624,3086,2107,RUNNING
107603,4,20.00,0.00,0.00,18,230,-195,-1815,-2109,-1707,1833,2339,1512,RUNNING
107745,4,20.00,0.00,0.00,18,230,-195,-1380,-1662,-1312,1398,1892,1117,RUNNING
107865,4,20.00,0.00,0.00,18,230,-195,-1448,-1747,-1389,1466,1977,1194,RUNNING
108086,4,20.00,0.00,0.00,18,230,-195,-2136,-2216,-2127,2154,2446,1932,RUNNING
108111,4,20.00,0.00,0.00,18,230,-195,-2196,-2244,-2203,2214,2474,2008,RUNNING
108136,4,20.00,0.00,0.00,18,230,-195,-2203,-2221,-2215,2221,2451,2020,RUNNING
108161,4,20.00,0.00,0.00,18,230,-195,-2176,-2164,-2186,2194,2394,1991,RUNNING
108186,4,20.00,0.00,0.00,18,230,-195,-2129,-2105,-2124,2147,2335,1929,RUNNING
108211,4,20.00,0.00,0.00,18,230,-195,-2061,-2049,-2046,2079,2279,1851,RUNNING
108236,4,20.00,0.00,0.00,18,230,-195,-1990,-1970,-1969,2008,2200,1774,RUNNING
108263,4,20.00,0.00,0.00,18,230,-195,-1911,-1890,-1896,1929,2120,1701,RUNNING
108288,4,20.00,0.00,0.00,18,230,-195,-1832,-1821,-1829,1850,2051,1634,RUNNING
108313,4,20.00,0.00,0.00,18,230,-195,-1773,-1747,-1779,1791,1977,1584,RUNNING
108338,4,20.00,0.00,0.00,18,230,-195,-1717,-1668,-1734,1735,1898,1539,RUNNING
108363,4,20.00,0.00,0.00,18,230,-195,-1651,-1599,-1686,1669,1829,1491,RUNNING
108388,4,20.00,0.00,0.00,18,230,-195,-1592,-1531,-1620,1610,1761,1425,RUNNING
108413,4,20.00,0.00,0.00,18,230,-195,-1538,-1465,-1557,1556,1695,1362,RUNNING
108440,4,20.00,0.00,0.00,18,230,-195,-1466,-1397,-1495,1484,1627,1300,RUNNING
108465,4,20.00,0.00,0.00,18,230,-195,-1397,-1332,-1454,1415,1562,1259,RUNNING
108490,4,20.00,0.00,0.00,18,230,-195,-1344,-1269,-1427,1362,1499,1232,RUNNING
108515,4,20.00,0.00,0.00,18,230,-195,-1309,-1221,-1396,1327,1451,1201,RUNNING
108540,4,20.00,0.00,0.00,18,230,-195,-1285,-1178,-1350,1303,1408,1155,RUNNING
108565,4,20.00,0.00,0.00,18,230,-195,-1246,-1121,-1286,1264,1351,1091,RUNNING
108592,4,20.00,0.00,0.00,18,230,-195,-1185,-1045,-1204,1203,1275,1009,RUNNING
108617,4,20.00,0.00,0.00,18,230,-195,-1120,-982,-1160,1138,1212,965,RUNNING
108642,4,20.00,0.00,0.00,18,230,-195,-1053,-955,-1158,1071,1185,963,RUNNING
108667,4,20.00,0.00,0.00,18,230,-195,-1031,-954,-1172,1049,1184,977,RUNNING
108692,4,20.00,0.00,0.00,18,230,-195,-1052,-943,-1161,1070,1173,966,RUNNING
108717,4,20.00,0.00,0.00,18,230,-195,-1062,-912,-1116,1080,1142,921,RUNNING
108742,4,20.00,0.00,0.00,18,230,-195,-1031,-853,-1059,1049,1083,864,RUNNING
108769,4,20.00,0.00,0.00,18,230,-195,-969,-790,-1003,987,1020,808,RUNNING
108794,4,20.00,0.00,0.00,18,230,-195,-915,-743,-990,933,973,795,RUNNING
108819,4,20.00,0.00,0.00,18,230,-195,-871,-727,-1003,889,957,808,RUNNING
108844,4,20.00,0.00,0.00,18,230,-195,-865,-735,-1015,883,965,820,RUNNING
108869,4,20.00,0.00,0.00,18,230,-195,-881,-719,-985,899,949,790,RUNNING
108894,4,20.00,0.00,0.00,18,230,-195,-871,-687,-930,889,917,735,RUNNING
108919,4,20.00,0.00,0.00,18,230,-195,-830,-633,-881,848,863,686,RUNNING
108946,4,20.00,0.00,0.00,18,230,-195,-763,-581,-856,781,811,661,RUNNING
108971,4,20.00,0.00,0.00,18,230,-195,-702,-549,-864,720,779,669,RUNNING
108996,4,20.00,0.00,0.00,18,230,-195,-683,-546,-876,701,776,681,RUNNING
109021,4,20.00,0.00,0.00,18,230,-195,-699,-554,-868,717,784,673,RUNNING
109046,4,20.00,0.00,0.00,18,230,-195,-710,-540,-821,728,770,626,RUNNING
109071,4,20.00,0.00,0.00,18,230,-195,-694,-501,-768,712,731,573,RUNNING
109096,4,20.00,0.00,0.00,18,230,-195,-651,-444,-738,669,674,543,RUNNING
109123,4,20.00,0.00,0.00,18,230,-195,-592,-402,-743,610,632,548,RUNNING
109148,4,20.00,0.00,0.00,18,230,-195,-548,-394,-762,566,624,567,RUNNING
109173,4,20.00,0.00,0.00,18,230,-195,-542,-412,-765,560,642,570,RUNNING
109198,4,20.00,0.00,0.00,18,230,-195,-569,-421,-750,587,651,555,RUNNING
109223,4,20.00,0.00,0.00,18,230,-195,-588,-398,-710,606,628,515,RUNNING
109248,4,20.00,0.00,0.00,18,230,-195,-566,-352,-663,584,582,468,RUNNING
109273,4,20.00,0.00,0.00,18,230,-195,-520,-298,-634,538,528,439,RUNNING
109300,4,20.00,0.00,0.00,18,230,-195,-469,-273,-641,487,503,446,RUNNING
109325,4,20.00,0.00,0.00,18,230,-195,-438,-296,-667,456,526,472,RUNNING
109350,4,20.00,0.00,0.00,18,230,-195,-464,-320,-673,482,550,478,RUNNING
109375,4,20.00,0.00,0.00,18,230,-195,-497,-320,-653,515,550,458,RUNNING
109400,4,20.00,0.00,0.00,18,230,-195,-507,-280,-607,525,510,412,RUNNING
109425,4,20.00,0.00,0.00,18,230,-195,-485,-221,-566,503,451,371,RUNNING
109450,4,20.00,0.00,0.00,18,230,-195,-434,-187,-546,452,417,351,RUNNING
109477,4,20.00,0.00,0.00,18,230,-195,-374,-196,-563,392,426,368,RUNNING
109502,4,20.00,0.00,0.00,18,230,-195,-354,-232,-584,372,462,389,RUNNING
109527,4,20.00,0.00,0.00,18,230,-195,-383,-243,-585,401,473,390,RUNNING
109552,4,20.00,0.00,0.00,18,230,-195,-421,-218,-562,439,448,367,RUNNING
109577,4,20.00,0.00,0.00,18,230,-195,-435,-165,-518,453,395,323,RUNNING
109602,4,20.00,0.00,0.00,18,230,-195,-406,-120,-481,424,350,286,RUNNING
109627,4,20.00,0.00,0.00,18,230,-195,-351,-116,-473,369,346,278,RUNNING
109654,4,20.00,0.00,0.00,18,230,-195,-310,-151,-495,328,381,300,RUNNING
109679,4,20.00,0.00,0.00,18,230,-195,-315,-174,-516,333,404,321,RUNNING
109704,4,20.00,0.00,0.00,18,230,-195,-347,-163,-514,365,393,319,RUNNING
109729,4,20.00,0.00,0.00,18,230,-195,-369,-120,-484,387,350,289,RUNNING
109754,4,20.00,0.00,0.00,18,230,-195,-350,-68,-436,368,298,241,RUNNING
109779,4,20.00,0.00,0.00,18,230,-195,-311,-46,-403,329,276,208,RUNNING
109804,4,20.00,0.00,0.00,18,230,-195,-258,-63,-413,276,293,218,RUNNING
109829,4,20.00,0.00,0.00,18,230,-195,-238,-101,-456,256,331,261,RUNNING
109852,4,20.00,0.00,0.00,18,230,-195,-261,-112,-473,279,342,278,RUNNING
109877,4,20.00,0.00,0.00,18,230,-195,-297,-98,-466,315,328,271,RUNNING
109902,4,20.00,0.00,0.00,18,230,-195,-305,-48,-424,323,278,229,RUNNING
109957,4,20.00,0.00,0.00,18,230,-195,-218,49,-313,236,181,118,RUNNING
109982,4,20.00,0.00,0.00,18,230,-195,-146,67,-289,164,163,94,RUNNING
110007,4,20.00,0.00,0.00,18,230,-195,-102,58,-287,120,172,92,RUNNING
110032,4,20.00,0.00,0.00,18,230,-195,-121,34,-317,139,196,122,RUNNING
110059,4,20.00,0.00,0.00,18,230,-195,-172,26,-346,190,204,151,RUNNING
110084,4,20.00,0.00,0.00,18,230,-195,-207,54,-347,225,176,152,RUNNING
110109,4,20.00,0.00,0.00,18,230,-195,-187,97,-314,205,133,119,RUNNING
110134,4,20.00,0.00,0.00,18,230,-195,-137,120,-268,155,110,73,RUNNING
110159,4,20.00,0.00,0.00,18,230,-195,-90,105,-245,108,125,50,RUNNING
110184,4,20.00,0.00,0.00,18,230,-195,-93,76,-268,111,154,73,RUNNING
110209,4,20.00,0.00,0.00,18,230,-195,-141,58,-313,159,172,118,RUNNING
110236,4,20.00,0.00,0.00,18,230,-195,-180,80,-336,198,150,141,RUNNING
110261,4,20.00,0.00,0.00,18,230,-195,-165,122,-321,183,108,126,RUNNING
110286,4,20.00,0.00,0.00,18,230,-195,-119,144,-276,137,86,81,RUNNING
110311,4,20.00,0.00,0.00,18,230,-195,-74,132,-239,92,98,44,RUNNING
110336,4,20.00,0.00,0.00,18,230,-195,-79,102,-239,97,128,44,RUNNING
110361,4,20.00,0.00,0.00,18,230,-195,-116,90,-272,134,140,77,RUNNING
110386,4,20.00,0.00,0.00,18,230,-195,-148,103,-303,166,127,108,RUNNING
110411,4,20.00,0.00,0.00,18,230,-195,-133,148,-304,151,82,109,RUNNING
110434,4,20.00,0.00,0.00,18,230,-195,-95,190,-273,113,40,78,RUNNING
110459,4,20.00,0.00,0.00,18,230,-195,-58,184,-232,76,46,37,RUNNING
110484,4,20.00,0.00,0.00,18,230,-195,-63,152,-211,81,78,16,RUNNING
110509,4,20.00,0.00,0.00,18,230,-195,-99,134,-237,117,96,42,RUNNING
110534,4,20.00,0.00,0.00,18,230,-195,-134,138,-284,152,92,89,RUNNING
110559,4,20.00,0.00,0.00,18,230,-195,-122,178,-308,140,52,113,RUNNING
110584,4,20.00,0.00,0.00,18,230,-195,-84,225,-291,102,5,96,RUNNING
110611,4,20.00,0.00,0.00,18,230,-195,-36,227,-239,54,3,44,RUNNING
110636,4,20.00,0.00,0.00,18,230,-195,-46,202,-203,64,28,8,RUNNING
110661,4,20.00,0.00,0.00,18,230,-195,-88,172,-205,106,58,10,RUNNING
110686,4,20.00,0.00,0.00,18,230,-195,-115,173,-242,133,57,47,RUNNING
110711,4,20.00,0.00,0.00,18,230,-195,-93,206,-275,111,24,80,RUNNING
110736,4,20.00,0.00,0.00,18,230,-195,-51,236,-274,69,-6,79,RUNNING
110761,4,20.00,0.00,0.00,18,230,-195,-22,241,-234,40,-11,39,RUNNING
110786,4,20.00,0.00,0.00,18,230,-195,-44,221,-190,62,9,-5,RUNNING
110813,4,20.00,0.00,0.00,18,230,-195,-88,180,-170,106,50,-25,RUNNING
110838,4,20.00,0.00,0.00,18,230,-195,-117,173,-200,135,57,5,RUNNING
110863,4,20.00,0.00,0.00,18,230,-195,-98,195,-250,116,35,55,RUNNING
110888,4,20.00,0.00,0.00,18,230,-195,-61,228,-279,79,2,84,RUNNING
110913,4,20.00,0.00,0.00,18,230,-195,-25,239,-267,43,-9,72,RUNNING
110938,4,20.00,0.00,0.00,18,230,-195,-32,221,-224,50,9,29,RUNNING
110963,4,20.00,0.00,0.00,18,230,-195,-73,187,-188,91,43,-7,RUNNING
110990,4,20.00,0.00,0.00,18,230,-195,-107,178,-186,125,52,-9,RUNNING
111015,4,20.00,0.00,0.00,18,230,-195,-93,205,-223,111,25,28,RUNNING
111040,4,20.00,0.00,0.00,18,230,-195,-54,241,-255,72,-11,60,RUNNING
111065,4,20.00,0.00,0.00,18,230,-195,-20,251,-258,38,-21,63,RUNNING
111090,4,20.00,0.00,0.00,18,230,-195,-19,238,-225,37,-8,30,RUNNING
111115,4,20.00,0.00,0.00,18,230,-195,-52,209,-178,70,21,-17,RUNNING
111140,4,20.00,0.00,0.00,18,230,-195,-94,197,-163,112,33,-32,RUNNING
111165,4,20.00,0.00,0.00,18,230,-195,-99,220,-189,117,10,-6,RUNNING
111203,4,20.00,0.00,0.00,18,230,-195,-41,285,-259,59,-55,64,RUNNING
111228,4,20.00,0.00,0.00,18,230,-195,-8,305,-279,26,-75,84,RUNNING
111253,4,20.00,0.00,0.00,18,230,-195,5,300,-262,13,-70,67,RUNNING
111278,4,20.00,0.00,0.00,18,230,-195,-1,271,-218,19,-41,23,RUNNING
111303,4,20.00,0.00,0.00,18,230,-195,-32,240,-189,50,-10,-6,RUNNING
111328,4,20.00,0.00,0.00,18,230,-195,-58,238,-192,76,-8,-3,RUNNING
111353,4,20.00,0.00,0.00,18,230,-195,-43,274,-235,61,-44,40,RUNNING
111380,4,20.00,0.00,0.00,18,230,-195,0,302,-270,18,-72,75,RUNNING
111405,4,20.00,0.00,0.00,18,230,-195,24,297,-270,-6,-67,75,RUNNING
111430,4,20.00,0.00,0.00,18,230,-195,13,284,-234,5,-54,39,RUNNING
111455,4,20.00,0.00,0.00,18,230,-195,-16,265,-189,34,-35,-6,RUNNING
111480,4,20.00,0.00,0.00,18,230,-195,-42,257,-174,60,-27,-21,RUNNING
111505,4,20.00,0.00,0.00,18,230,-195,-30,281,-197,48,-51,2,RUNNING
111530,4,20.00,0.00,0.00,18,230,-195,1,326,-240,17,-96,45,RUNNING
111555,4,20.00,0.00,0.00,18,230,-195,32,324,-258,-14,-94,63,RUNNING
111582,4,20.00,0.00,0.00,18,230,-195,33,297,-233,-15,-67,38,RUNNING
111607,4,20.00,0.00,0.00,18,230,-195,2,281,-182,16,-51,-13,RUNNING
111632,4,20.00,0.00,0.00,18,230,-195,-35,283,-154,53,-53,-41,RUNNING
111657,4,20.00,0.00,0.00,18,230,-195,-40,306,-164,58,-76,-31,RUNNING
111682,4,20.00,0.00,0.00,18,230,-195,-8,341,-214,26,-111,19,RUNNING
111707,4,20.00,0.00,0.00,18,230,-195,32,328,-245,-14,-98,50,RUNNING
111732,4,20.00,0.00,0.00,18,230,-195,46,293,-240,-28,-63,45,RUNNING
111759,4,20.00,0.00,0.00,18,230,-195,20,275,-196,-2,-45,1,RUNNING
111784,4,20.00,0.00,0.00,18,230,-195,-24,285,-149,42,-55,-46,RUNNING
111809,4,20.00,0.00,0.00,18,230,-195,-43,317,-136,61,-87,-59,RUNNING
111834,4,20.00,0.00,0.00,18,230,-195,-22,344,-155,40,-114,-40,RUNNING
111859,4,20.00,0.00,0.00,18,230,-195,15,337,-200,3,-107,5,RUNNING
111884,4,20.00,0.00,0.00,18,230,-195,39,297,-219,-21,-67,24,RUNNING
111909,4,20.00,0.00,0.00,18,230,-195,24,275,-194,-6,-45,-1,RUNNING
111934,4,20.00,0.00,0.00,18,230,-195,-13,274,-142,31,-44,-53,RUNNING
111961,4,20.00,0.00,0.00,18,230,-195,-39,306,-123,57,-76,-72,RUNNING
111986,4,20.00,0.00,0.00,18,230,-195,-18,343,-135,36,-113,-60,RUNNING
112011,4,20.00,0.00,0.00,18,230,-195,20,351,-187,-2,-121,-8,RUNNING
112036,4,20.00,0.00,0.00,18,230,-195,43,320,-222,-25,-90,27,RUNNING
112061,4,20.00,0.00,0.00,18,230,-195,25,293,-215,-7,-63,20,RUNNING
112086,4,20.00,0.00,0.00,18,230,-195,-11,273,-176,29,-43,-19,RUNNING
112111,4,20.00,0.00,0.00,18,230,-195,-37,295,-145,55,-65,-50,RUNNING
112138,4,20.00,0.00,0.00,18,230,-195,-18,340,-138,36,-110,-57,RUNNING
112163,4,20.00,0.00,0.00,18,230,-195,15,364,-174,3,-134,-21,RUNNING
112188,4,20.00,0.00,0.00,18,230,-195,39,338,-225,-21,-108,30,RUNNING
112213,4,20.00,0.00,0.00,18,230,-195,28,308,-237,-10,-78,42,RUNNING
112238,4,20.00,0.00,0.00,18,230,-195,-10,283,-221,28,-53,26,RUNNING
112263,4,20.00,0.00,0.00,18,230,-195,-36,296,-172,54,-66,-23,RUNNING
112288,4,20.00,0.00,0.00,18,230,-195,-28,326,-142,46,-96,-53,RUNNING
112313,4,20.00,0.00,0.00,18,230,-195,6,352,-147,12,-122,-48,RUNNING
112340,4,20.00,0.00,0.00,18,230,-195,39,333,-194,-21,-103,-1,RUNNING
112365,4,20.00,0.00,0.00,18,230,-195,41,298,-230,-23,-68,35,RUNNING
112390,4,20.00,0.00,0.00,18,230,-195,9,276,-234,9,-46,39,RUNNING
112415,4,20.00,0.00,0.00,18,230,-195,-24,291,-202,42,-61,7,RUNNING
112440,4,20.00,0.00,0.00,18,230,-195,-24,325,-155,42,-95,-40,RUNNING
112465,4,20.00,0.00,0.00,18,230,-195,5,344,-131,13,-114,-64,RUNNING
112490,4,20.00,0.00,0.00,18,230,-195,34,331,-153,-16,-101,-42,RUNNING
112517,4,20.00,0.00,0.00,18,230,-195,53,294,-210,-35,-64,15,RUNNING
112542,4,20.00,0.00,0.00,18,230,-195,31,263,-239,-13,-33,44,RUNNING
112567,4,20.00,0.00,0.00,18,230,-195,-15,268,-230,33,-38,35,RUNNING
112592,4,20.00,0.00,0.00,18,230,-195,-44,298,-191,62,-68,-4,RUNNING
112617,4,20.00,0.00,0.00,18,230,-195,-27,318,-151,45,-88,-44,RUNNING
112642,4,20.00,0.00,0.00,18,230,-195,7,315,-141,11,-85,-54,RUNNING
112667,4,20.00,0.00,0.00,18,230,-195,35,287,-177,-17,-57,-18,RUNNING
112692,4,20.00,0.00,0.00,18,230,-195,27,259,-226,-9,-29,31,RUNNING
112719,4,20.00,0.00,0.00,18,230,-195,-14,260,-240,32,-30,45,RUNNING
112744,4,20.00,0.00,0.00,18,230,-195,-46,289,-220,64,-59,25,RUNNING
112769,4,20.00,0.00,0.00,18,230,-195,-40,324,-167,58,-94,-28,RUNNING
112794,4,20.00,0.00,0.00,18,230,-195,-5,329,-134,23,-99,-61,RUNNING
112819,4,20.00,0.00,0.00,18,230,-195,27,301,-147,-9,-71,-48,RUNNING
112844,4,20.00,0.00,0.00,18,230,-195,32,278,-194,-14,-48,-1,RUNNING
112869,4,20.00,0.00,0.00,18,230,-195,5,268,-225,13,-38,30,RUNNING
112894,4,20.00,0.00,0.00,18,230,-195,-30,285,-215,48,-55,20,RUNNING
112921,4,20.00,0.00,0.00,18,230,-195,-41,326,-168,59,-96,-27,RUNNING
113064,4,20.00,0.00,0.00,18,230,-195,208,153,-125,-190,77,-70,RUNNING
113089,4,20.00,0.00,0.00,18,230,-195,220,97,-145,-202,133,-50,RUNNING
113114,4,20.00,0.00,0.00,18,230,-195,279,71,-177,-261,159,-18,RUNNING
113139,4,20.00,0.00,0.00,18,230,-195,303,74,-195,-285,156,0,RUNNING
113164,4,20.00,0.00,0.00,18,230,-195,299,114,-172,-281,116,-23,RUNNING
113189,4,20.00,0.00,0.00,18,230,-195,260,150,-122,-242,80,-73,RUNNING
113216,4,20.00,0.00,0.00,18,230,-195,201,168,-101,-183,62,-94,RUNNING
113241,4,20.00,0.00,0.00,18,230,-195,175,144,-111,-157,86,-84,RUNNING
113374,4,20.00,0.00,0.00,18,230,-195,286,-118,-487,-268,348,292,RUNNING
113399,4,20.00,0.00,0.00,18,230,-195,203,-154,-541,-185,384,346,RUNNING
113424,4,20.00,0.00,0.00,18,230,-195,341,-151,-558,-323,381,363,RUNNING
113449,4,20.00,0.00,0.00,18,230,-195,346,-119,-550,-328,349,355,RUNNING
113474,4,20.00,0.00,0.00,18,230,-195,381,-67,-513,-363,297,318,RUNNING
113501,4,20.00,0.00,0.00,18,230,-195,453,-31,-465,-435,261,270,RUNNING
113526,4,20.00,0.00,0.00,18,230,-195,438,-42,-441,-420,272,246,RUNNING
113551,4,20.00,0.00,0.00,18,230,-195,381,-85,-458,-363,315,263,RUNNING
113682,4,20.00,0.00,0.00,18,230,-195,307,89,-630,-289,141,435,RUNNING
113707,4,20.00,0.00,0.00,18,230,-195,307,165,-649,-289,65,454,RUNNING
113732,4,20.00,0.00,0.00,18,230,-195,312,208,-634,-294,22,439,RUNNING
113757,4,20.00,0.00,0.00,18,230,-195,324,207,-593,-306,23,398,RUNNING
113784,4,20.00,0.00,0.00,18,230,-195,318,163,-551,-300,67,356,RUNNING
113809,4,20.00,0.00,0.00,18,230,-195,282,132,-536,-264,98,341,RUNNING
113834,4,20.00,0.00,0.00,18,230,-195,249,132,-547,-231,98,352,RUNNING
113859,4,20.00,0.00,0.00,18,230,-195,233,157,-563,-215,73,368,RUNNING
113994,4,20.00,0.00,0.00,18,230,-195,430,321,-312,-412,-91,117,RUNNING
114019,4,20.00,0.00,0.00,18,230,-195,197,348,-231,-179,-118,36,RUNNING
114044,4,20.00,0.00,0.00,18,230,-195,330,359,-173,-312,-129,-22,RUNNING
114069,4,20.00,0.00,0.00,18,230,-195,379,331,-168,-361,-101,-27,RUNNING
114096,4,20.00,0.00,0.00,18,230,-195,454,293,-209,-436,-63,14,RUNNING
114121,4,20.00,0.00,0.00,18,230,-195,501,275,-255,-483,-45,60,RUNNING
114146,4,20.00,0.00,0.00,18,230,-195,476,292,-271,-458,-62,76,RUNNING
114171,4,20.00,0.00,0.00,18,230,-195,423,324,-246,-405,-94,51,RUNNING
114196,4,20.00,0.00,0.00,18,230,-195,379,343,-192,-361,-113,-3,RUNNING
114221,4,20.00,0.00,0.00,18,230,-195,365,329,-161,-347,-99,-34,RUNNING
114246,4,20.00,0.00,0.00,18,230,-195,371,294,-178,-353,-64,-17,RUNNING
114273,4,20.00,0.00,0.00,18,230,-195,402,270,-232,-384,-40,37,RUNNING
114298,4,20.00,0.00,0.00,18,230,-195,426,278,-258,-408,-48,63,RUNNING
114323,4,20.00,0.00,0.00,18,230,-195,398,311,-247,-380,-81,52,RUNNING
114348,4,20.00,0.00,0.00,18,230,-195,356,343,-204,-338,-113,9,RUNNING
114373,4,20.00,0.00,0.00,18,230,-195,332,329,-160,-314,-99,-35,RUNNING
114398,4,20.00,0.00,0.00,18,230,-195,328,300,-152,-310,-70,-43,RUNNING
114423,4,20.00,0.00,0.00,18,230,-195,337,284,-190,-319,-54,-5,RUNNING
114450,4,20.00,0.00,0.00,18,230,-195,361,296,-239,-343,-66,44,RUNNING
114475,4,20.00,0.00,0.00,18,230,-195,361,322,-255,-343,-92,60,RUNNING
114500,4,20.00,0.00,0.00,18,230,-195,329,348,-236,-311,-118,41,RUNNING
114525,4,20.00,0.00,0.00,18,230,-195,290,339,-184,-272,-109,-11,RUNNING
114550,4,20.00,0.00,0.00,18,230,-195,269,297,-155,-251,-67,-40,RUNNING
114575,4,20.00,0.00,0.00,18,230,-195,274,273,-161,-256,-43,-34,RUNNING
114600,4,20.00,0.00,0.00,18,230,-195,291,276,-203,-273,-46,8,RUNNING
114627,4,20.00,0.00,0.00,18,230,-195,313,304,-240,-295,-74,45,RUNNING
114652,4,20.00,0.00,0.00,18,230,-195,302,337,-238,-284,-107,43,RUNNING
114677,4,20.00,0.00,0.00,18,230,-195,264,334,-197,-246,-104,2,RUNNING
114702,4,20.00,0.00,0.00,18,230,-195,229,302,-148,-211,-72,-47,RUNNING
114727,4,20.00,0.00,0.00,18,230,-195,218,274,-134,-200,-44,-61,RUNNING
114752,4,20.00,0.00,0.00,18,230,-195,235,271,-162,-217,-41,-33,RUNNING
114777,4,20.00,0.00,0.00,18,230,-195,266,294,-209,-248,-64,14,RUNNING
114802,4,20.00,0.00,0.00,18,230,-195,280,323,-231,-262,-93,36,RUNNING
114829,4,20.00,0.00,0.00,18,230,-195,260,331,-209,-242,-101,14,RUNNING
114854,4,20.00,0.00,0.00,18,230,-195,215,306,-162,-197,-76,-33,RUNNING
114879,4,20.00,0.00,0.00,18,230,-195,181,273,-137,-163,-43,-58,RUNNING
114904,4,20.00,0.00,0.00,18,230,-195,182,260,-147,-164,-30,-48,RUNNING
114929,4,20.00,0.00,0.00,18,230,-195,206,281,-195,-188,-51,0,RUNNING
114954,4,20.00,0.00,0.00,18,230,-195,235,313,-228,-217,-83,33,RUNNING
114979,4,20.00,0.00,0.00,18,230,-195,241,328,-224,-223,-98,29,RUNNING
115006,4,20.00,0.00,0.00,18,230,-195,205,305,-176,-187,-75,-19,RUNNING
115031,4,20.00,0.00,0.00,18,230,-195,158,273,-126,-140,-43,-69,RUNNING
115056,4,20.00,0.00,0.00,18,230,-195,133,255,-114,-115,-25,-81,RUNNING
115081,4,20.00,0.00,0.00,18,230,-195,145,263,-133,-127,-33,-62,RUNNING
115106,4,20.00,0.00,0.00,18,230,-195,178,299,-177,-160,-69,-18,RUNNING
115131,4,20.00,0.00,0.00,18,230,-195,205,322,-193,-187,-92,-2,RUNNING
115156,4,20.00,0.00,0.00,18,230,-195,196,320,-169,-178,-90,-26,RUNNING
115183,4,20.00,0.00,0.00,18,230,-195,159,292,-126,-141,-62,-69,RUNNING
115208,4,20.00,0.00,0.00,18,230,-195,121,261,-100,-103,-31,-95,RUNNING
115233,4,20.00,0.00,0.00,18,230,-195,116,257,-107,-98,-27,-88,RUNNING
115258,4,20.00,0.00,0.00,18,230,-195,135,287,-155,-117,-57,-40,RUNNING
115283,4,20.00,0.00,0.00,18,230,-195,171,315,-193,-153,-85,-2,RUNNING
115308,4,20.00,0.00,0.00,18,230,-195,188,319,-197,-170,-89,2,RUNNING
115333,4,20.00,0.00,0.00,18,230,-195,168,297,-160,-150,-67,-35,RUNNING
115360,4,20.00,0.00,0.00,18,230,-195,121,267,-115,-103,-37,-80,RUNNING
115385,4,20.00,0.00,0.00,18,230,-195,87,257,-105,-69,-27,-90,RUNNING
115410,4,20.00,0.00,0.00,18,230,-195,92,275,-123,-74,-45,-72,RUNNING
115435,4,20.00,0.00,0.00,18,230,-195,121,311,-162,-103,-81,-33,RUNNING
115460,4,20.00,0.00,0.00,18,230,-195,155,317,-181,-137,-87,-14,RUNNING
115485,4,20.00,0.00,0.00,18,230,-195,153,299,-153,-135,-69,-42,RUNNING
115510,4,20.00,0.00,0.00,18,230,-195,122,274,-104,-104,-44,-91,RUNNING
115535,4,20.00,0.00,0.00,18,230,-195,81,268,-87,-63,-38,-108,RUNNING
115562,4,20.00,0.00,0.00,18,230,-195,65,288,-93,-47,-58,-102,RUNNING
115587,4,20.00,0.00,0.00,18,230,-195,86,324,-144,-68,-94,-51,RUNNING
115612,4,20.00,0.00,0.00,18,230,-195,123,332,-185,-105,-102,-10,RUNNING
115637,4,20.00,0.00,0.00,18,230,-195,149,302,-189,-131,-72,-6,RUNNING
115662,4,20.00,0.00,0.00,18,230,-195,134,274,-154,-116,-44,-41,RUNNING
115687,4,20.00,0.00,0.00,18,230,-195,91,266,-120,-73,-36,-75,RUNNING
115712,4,20.00,0.00,0.00,18,230,-195,58,280,-99,-40,-50,-96,RUNNING
115739,4,20.00,0.00,0.00,18,230,-195,65,313,-123,-47,-83,-72,RUNNING
115764,4,20.00,0.00,0.00,18,230,-195,97,330,-182,-79,-100,-13,RUNNING
115789,4,20.00,0.00,0.00,18,230,-195,132,306,-212,-114,-76,17,RUNNING
115814,4,20.00,0.00,0.00,18,230,-195,130,275,-201,-112,-45,6,RUNNING
115839,4,20.00,0.00,0.00,18,230,-195,97,257,-157,-79,-27,-38,RUNNING
115864,4,20.00,0.00,0.00,18,230,-195,61,272,-123,-43,-42,-72,RUNNING
115889,4,20.00,0.00,0.00,18,230,-195,43,301,-127,-25,-71,-68,RUNNING
115916,4,20.00,0.00,0.00,18,230,-195,70,325,-172,-52,-95,-23,RUNNING
115941,4,20.00,0.00,0.00,18,230,-195,110,310,-211,-92,-80,16,RUNNING
115966,4,20.00,0.00,0.00,18,230,-195,138,278,-217,-120,-48,22,RUNNING
115991,4,20.00,0.00,0.00,18,230,-195,124,253,-182,-106,-23,-13,RUNNING
116016,4,20.00,0.00,0.00,18,230,-195,83,268,-139,-65,-38,-56,RUNNING
116041,4,20.00,0.00,0.00,18,230,-195,50,299,-122,-32,-69,-73,RUNNING
116066,4,20.00,0.00,0.00,18,230,-195,53,317,-141,-35,-87,-54,RUNNING
116091,4,20.00,0.00,0.00,18,230,-195,81,308,-192,-63,-78,-3,RUNNING
116118,4,20.00,0.00,0.00,18,230,-195,116,272,-218,-98,-42,23,RUNNING
116143,4,20.00,0.00,0.00,18,230,-195,114,243,-197,-96,-13,2,RUNNING
116168,4,20.00,0.00,0.00,18,230,-195,84,244,-149,-66,-14,-46,RUNNING
116193,4,20.00,0.00,0.00,18,230,-195,43,276,-127,-25,-46,-68,RUNNING
116218,4,20.00,0.00,0.00,18,230,-195,25,303,-142,-7,-73,-53,RUNNING
116243,4,20.00,0.00,0.00,18,230,-195,48,314,-190,-30,-84,-5,RUNNING
116268,4,20.00,0.00,0.00,18,230,-195,90,293,-219,-72,-63,24,RUNNING
116295,4,20.00,0.00,0.00,18,230,-195,120,255,-202,-102,-25,7,RUNNING
116320,4,20.00,0.00,0.00,18,230,-195,104,240,-154,-86,-10,-41,RUNNING
116345,4,20.00,0.00,0.00,18,230,-195,64,261,-128,-46,-31,-67,RUNNING
116370,4,20.00,0.00,0.00,18,230,-195,29,294,-136,-11,-64,-59,RUNNING
116395,4,20.00,0.00,0.00,18,230,-195,39,309,-180,-21,-79,-15,RUNNING
116537,4,20.00,0.00,0.00,18,230,-195,343,16,-144,-325,214,-51,RUNNING
116776,4,20.00,0.00,0.00,18,230,-195,387,-422,236,-369,652,-431,RUNNING
116970,4,20.00,0.00,0.00,18,230,-195,-72,12,222,90,218,-417,RUNNING
117165,4,20.00,0.00,0.00,18,230,-195,-721,679,-346,739,-449,151,RUNNING
117362,4,20.00,0.00,0.00,18,230,-195,-458,263,-901,476,-33,706,RUNNING
117387,4,20.00,0.00,0.00,18,230,-195,-381,194,-939,399,36,744,RUNNING
117412,4,20.00,0.00,0.00,18,230,-195,-329,134,-935,347,96,740,RUNNING
117437,4,20.00,0.00,0.00,18,230,-195,-327,124,-904,345,106,709,RUNNING
117462,4,20.00,0.00,0.00,18,230,-195,-355,143,-851,373,87,656,RUNNING
117487,4,20.00,0.00,0.00,18,230,-195,-376,195,-785,394,35,590,RUNNING
117514,4,20.00,0.00,0.00,18,230,-195,-358,217,-768,376,13,573,RUNNING
117539,4,20.00,0.00,0.00,18,230,-195,-320,213,-781,338,17,586,RUNNING
117564,4,20.00,0.00,0.00,18,230,-195,-283,176,-797,301,54,602,RUNNING
117589,4,20.00,0.00,0.00,18,230,-195,-279,142,-783,297,88,588,RUNNING
117614,4,20.00,0.00,0.00,18,230,-195,-305,143,-748,323,87,553,RUNNING
117639,4,20.00,0.00,0.00,18,230,-195,-328,176,-707,346,54,512,RUNNING
117664,4,20.00,0.00,0.00,18,230,-195,-318,213,-676,336,17,481,RUNNING
117691,4,20.00,0.00,0.00,18,230,-195,-283,222,-675,301,8,480,RUNNING
117716,4,20.00,0.00,0.00,18,230,-195,-233,198,-688,251,32,493,RUNNING
117741,4,20.00,0.00,0.00,18,230,-195,-214,157,-683,232,73,488,RUNNING
117766,4,20.00,0.00,0.00,18,230,-195,-236,142,-650,254,88,455,RUNNING
117791,4,20.00,0.00,0.00,18,230,-195,-270,162,-598,288,68,403,RUNNING
117816,4,20.00,0.00,0.00,18,230,-195,-284,211,-566,302,19,371,RUNNING
117841,4,20.00,0.00,0.00,18,230,-195,-259,236,-566,277,-6,371,RUNNING
117866,4,20.00,0.00,0.00,18,230,-195,-216,229,-588,234,1,393,RUNNING
117893,4,20.00,0.00,0.00,18,230,-195,-177,193,-593,195,37,398,RUNNING
117918,4,20.00,0.00,0.00,18,230,-195,-185,162,-568,203,68,373,RUNNING
117943,4,20.00,0.00,0.00,18,230,-195,-228,164,-527,246,66,332,RUNNING
117968,4,20.00,0.00,0.00,18,230,-195,-256,203,-493,274,27,298,RUNNING
117993,4,20.00,0.00,0.00,18,230,-195,-236,234,-486,254,-4,291,RUNNING
118018,4,20.00,0.00,0.00,18,230,-195,-190,243,-508,208,-13,313,RUNNING
118043,4,20.00,0.00,0.00,18,230,-195,-149,221,-529,167,9,334,RUNNING
118070,4,20.00,0.00,0.00,18,230,-195,-155,181,-519,173,49,324,RUNNING
118095,4,20.00,0.00,0.00,18,230,-195,-194,172,-487,212,58,292,RUNNING
118120,4,20.00,0.00,0.00,18,230,-195,-228,192,-443,246,38,248,RUNNING
118145,4,20.00,0.00,0.00,18,230,-195,-211,225,-418,229,5,223,RUNNING
118170,4,20.00,0.00,0.00,18,230,-195,-162,246,-432,180,-16,237,RUNNING
118195,4,20.00,0.00,0.00,18,230,-195,-119,230,-470,137,0,275,RUNNING
118220,4,20.00,0.00,0.00,18,230,-195,-117,190,-482,135,40,287,RUNNING
118247,4,20.00,0.00,0.00,18,230,-195,-154,168,-459,172,62,264,RUNNING
118272,4,20.00,0.00,0.00,18,230,-195,-193,187,-405,211,43,210,RUNNING
118297,4,20.00,0.00,0.00,18,230,-195,-192,223,-365,210,7,170,RUNNING
118322,4,20.00,0.00,0.00,18,230,-195,-152,246,-367,170,-16,172,RUNNING
118347,4,20.00,0.00,0.00,18,230,-195,-105,239,-402,123,-9,207,RUNNING
118372,4,20.00,0.00,0.00,18,230,-195,-84,199,-428,102,31,233,RUNNING
118397,4,20.00,0.00,0.00,18,230,-195,-104,175,-417,122,55,222,RUNNING
118422,4,20.00,0.00,0.00,18,230,-195,-149,180,-376,167,50,181,RUNNING
118450,4,20.00,0.00,0.00,18,230,-195,-177,218,-327,195,12,132,RUNNING
118475,4,20.00,0.00,0.00,18,230,-195,-149,258,-310,167,-28,115,RUNNING
118501,4,20.00,0.00,0.00,18,230,-195,-100,266,-334,118,-36,139,RUNNING
118526,4,20.00,0.00,0.00,18,230,-195,-72,243,-371,90,-13,176,RUNNING
118551,4,20.00,0.00,0.00,18,230,-195,-91,215,-383,109,15,188,RUNNING
118576,4,20.00,0.00,0.00,18,230,-195,-132,208,-358,150,22,163,RUNNING
118602,4,20.00,0.00,0.00,18,230,-195,-167,229,-316,185,1,121,RUNNING
118630,4,20.00,0.00,0.00,18,230,-195,-140,259,-286,158,-29,91,RUNNING
118655,4,20.00,0.00,0.00,18,230,-195,-94,271,-298,112,-41,103,RUNNING
118680,4,20.00,0.00,0.00,18,230,-195,-65,258,-337,83,-28,142,RUNNING
118705,4,20.00,0.00,0.00,18,230,-195,-77,227,-358,95,3,163,RUNNING
118730,4,20.00,0.00,0.00,18,230,-195,-115,212,-341,133,18,146,RUNNING
118755,4,20.00,0.00,0.00,18,230,-195,-146,236,-299,164,-6,104,RUNNING
118780,4,20.00,0.00,0.00,18,230,-195,-124,266,-263,142,-36,68,RUNNING
118807,4,20.00,0.00,0.00,18,230,-195,-79,282,-267,97,-52,72,RUNNING
118832,4,20.00,0.00,0.00,18,230,-195,-48,266,-304,66,-36,109,RUNNING
118857,4,20.00,0.00,0.00,18,230,-195,-56,234,-329,74,-4,134,RUNNING
118882,4,20.00,0.00,0.00,18,230,-195,-88,215,-322,106,15,127,RUNNING
118907,4,20.00,0.00,0.00,18,230,-195,-117,232,-286,135,-2,91,RUNNING
118932,4,20.00,0.00,0.00,18,230,-195,-105,261,-242,123,-31,47,RUNNING
118957,4,20.00,0.00,0.00,18,230,-195,-66,283,-223,84,-53,28,RUNNING
118982,4,20.00,0.00,0.00,18,230,-195,-30,274,-246,48,-44,51,RUNNING
119009,4,20.00,0.00,0.00,18,230,-195,-31,234,-296,49,-4,101,RUNNING
119034,4,20.00,0.00,0.00,18,230,-195,-60,212,-315,78,18,120,RUNNING
119059,4,20.00,0.00,0.00,18,230,-195,-91,214,-301,109,16,106,RUNNING
119084,4,20.00,0.00,0.00,18,230,-195,-92,240,-255,110,-10,60,RUNNING
119109,4,20.00,0.00,0.00,18,230,-195,-60,270,-218,78,-40,23,RUNNING
119134,4,20.00,0.00,0.00,18,230,-195,-22,276,-213,40,-46,18,RUNNING
119159,4,20.00,0.00,0.00,18,230,-195,-3,257,-248,21,-27,53,RUNNING
119186,4,20.00,0.00,0.00,18,230,-195,-27,226,-294,45,4,99,RUNNING
119211,4,20.00,0.00,0.00,18,230,-195,-62,215,-306,80,15,111,RUNNING
119236,4,20.00,0.00,0.00,18,230,-195,-90,240,-281,108,-10,86,RUNNING
119261,4,20.00,0.00,0.00,18,230,-195,-71,271,-233,89,-41,38,RUNNING
119286,4,20.00,0.00,0.00,18,230,-195,-31,283,-203,49,-53,8,RUNNING
119311,4,20.00,0.00,0.00,18,230,-195,-1,266,-219,19,-36,24,RUNNING
119336,4,20.00,0.00,0.00,18,230,-195,-11,237,-264,29,-7,69,RUNNING
119361,4,20.00,0.00,0.00,18,230,-195,-43,225,-289,61,5,94,RUNNING
119388,4,20.00,0.00,0.00,18,230,-195,-71,250,-271,89,-20,76,RUNNING
119413,4,20.00,0.00,0.00,18,230,-195,-58,280,-225,76,-50,30,RUNNING
119438,4,20.00,0.00,0.00,18,230,-195,-20,292,-188,38,-62,-7,RUNNING
119463,4,20.00,0.00,0.00,18,230,-195,12,275,-192,6,-45,-3,RUNNING
119488,4,20.00,0.00,0.00,18,230,-195,12,244,-235,6,-14,40,RUNNING
119513,4,20.00,0.00,0.00,18,230,-195,-19,236,-268,37,-6,73,RUNNING
119538,4,20.00,0.00,0.00,18,230,-195,-49,258,-265,67,-28,70,RUNNING
119565,4,20.00,0.00,0.00,18,230,-195,-49,289,-221,67,-59,26,RUNNING
119590,4,20.00,0.00,0.00,18,230,-195,-15,297,-170,33,-67,-25,RUNNING
119615,4,20.00,0.00,0.00,18,230,-195,23,276,-154,-5,-46,-41,RUNNING
119640,4,20.00,0.00,0.00,18,230,-195,40,245,-181,-22,-15,-14,RUNNING
119665,4,20.00,0.00,0.00,18,230,-195,16,238,-231,2,-8,36,RUNNING
119690,4,20.00,0.00,0.00,18,230,-195,-25,257,-249,43,-27,54,RUNNING
119715,4,20.00,0.00,0.00,18,230,-195,-50,287,-231,68,-57,36,RUNNING
119740,4,20.00,0.00,0.00,18,230,-195,-34,293,-180,52,-63,-15,RUNNING
119767,4,20.00,0.00,0.00,18,230,-195,8,268,-148,10,-38,-47,RUNNING
119792,4,20.00,0.00,0.00,18,230,-195,45,238,-161,-27,-8,-34,RUNNING
119817,4,20.00,0.00,0.00,18,230,-195,41,231,-206,-23,-1,11,RUNNING
119842,4,20.00,0.00,0.00,18,230,-195,8,253,-237,10,-23,42,RUNNING
119867,4,20.00,0.00,0.00,18,230,-195,-26,286,-224,44,-56,29,RUNNING
119892,4,20.00,0.00,0.00,18,230,-195,-24,291,-176,42,-61,-19,RUNNING
119917,4,20.00,0.00,0.00,18,230,-195,7,270,-142,11,-40,-53,RUNNING
120052,4,20.00,0.00,0.00,18,230,-195,168,126,-426,-150,104,231,RUNNING
120229,4,20.00,0.00,0.00,18,230,-195,141,166,-738,-123,64,543,RUNNING
120420,4,20.00,0.00,0.00,18,230,-195,-336,631,-396,354,-401,201,RUNNING
120445,4,20.00,0.00,0.00,18,230,-195,-408,724,-314,426,-494,119,RUNNING
120470,4,20.00,0.00,0.00,18,230,-195,-433,729,-260,451,-499,65,RUNNING
120495,4,20.00,0.00,0.00,18,230,-195,-422,699,-255,440,-469,60,RUNNING
120520,4,20.00,0.00,0.00,18,230,-195,-380,650,-288,398,-420,93,RUNNING
120545,4,20.00,0.00,0.00,18,230,-195,-327,623,-319,345,-393,124,RUNNING
120572,4,20.00,0.00,0.00,18,230,-195,-310,631,-317,328,-401,122,RUNNING
120597,4,20.00,0.00,0.00,18,230,-195,-332,665,-281,350,-435,86,RUNNING
120622,4,20.00,0.00,0.00,18,230,-195,-364,678,-235,382,-448,40,RUNNING
120647,4,20.00,0.00,0.00,18,230,-195,-374,643,-215,392,-413,20,RUNNING
120672,4,20.00,0.00,0.00,18,230,-195,-343,589,-239,361,-359,44,RUNNING
120697,4,20.00,0.00,0.00,18,230,-195,-301,566,-282,319,-336,87,RUNNING
120722,4,20.00,0.00,0.00,18,230,-195,-275,569,-304,293,-339,109,RUNNING
120749,4,20.00,0.00,0.00,18,230,-195,-284,604,-283,302,-374,88,RUNNING
120774,4,20.00,0.00,0.00,18,230,-195,-312,618,-236,330,-388,41,RUNNING
120799,4,20.00,0.00,0.00,18,230,-195,-322,599,-207,340,-369,12,RUNNING
120824,4,20.00,0.00,0.00,18,230,-195,-296,555,-221,314,-325,26,RUNNING
120849,4,20.00,0.00,0.00,18,230,-195,-249,521,-261,267,-291,66,RUNNING
120874,4,20.00,0.00,0.00,18,230,-195,-207,519,-282,225,-289,87,RUNNING
120899,4,20.00,0.00,0.00,18,230,-195,-211,533,-266,229,-303,71,RUNNING
120926,4,20.00,0.00,0.00,18,230,-195,-249,555,-217,267,-325,22,RUNNING
120951,4,20.00,0.00,0.00,18,230,-195,-274,545,-178,292,-315,-17,RUNNING
120976,4,20.00,0.00,0.00,18,230,-195,-255,513,-179,273,-283,-16,RUNNING
121001,4,20.00,0.00,0.00,18,230,-195,-213,473,-220,231,-243,25,RUNNING
121026,4,20.00,0.00,0.00,18,230,-195,-169,456,-257,187,-226,62,RUNNING
121051,4,20.00,0.00,0.00,18,230,-195,-165,477,-260,183,-247,65,RUNNING
121076,4,20.00,0.00,0.00,18,230,-195,-200,508,-226,218,-278,31,RUNNING
121103,4,20.00,0.00,0.00,18,230,-195,-236,513,-168,254,-283,-27,RUNNING
121128,4,20.00,0.00,0.00,18,230,-195,-230,487,-152,248,-257,-43,RUNNING
121153,4,20.00,0.00,0.00,18,230,-195,-191,445,-178,209,-215,-17,RUNNING
121178,4,20.00,0.00,0.00,18,230,-195,-138,422,-228,156,-192,33,RUNNING
121203,4,20.00,0.00,0.00,18,230,-195,-115,433,-246,133,-203,51,RUNNING
121228,4,20.00,0.00,0.00,18,230,-195,-142,468,-231,160,-238,36,RUNNING
121253,4,20.00,0.00,0.00,18,230,-195,-190,486,-182,208,-256,-13,RUNNING
121278,4,20.00,0.00,0.00,18,230,-195,-220,468,-149,238,-238,-46,RUNNING
121301,4,20.00,0.00,0.00,18,230,-195,-201,429,-151,219,-199,-44,RUNNING
121326,4,20.00,0.00,0.00,18,230,-195,-153,403,-188,171,-173,-7,RUNNING
121351,4,20.00,0.00,0.00,18,230,-195,-112,407,-224,130,-177,29,RUNNING
121376,4,20.00,0.00,0.00,18,230,-195,-115,435,-228,133,-205,33,RUNNING
121401,4,20.00,0.00,0.00,18,230,-195,-150,460,-191,168,-230,-4,RUNNING
121426,4,20.00,0.00,0.00,18,230,-195,-183,449,-146,201,-219,-49,RUNNING
121451,4,20.00,0.00,0.00,18,230,-195,-170,412,-129,188,-182,-66,RUNNING
121478,4,20.00,0.00,0.00,18,230,-195,-122,376,-155,140,-146,-40,RUNNING
121503,4,20.00,0.00,0.00,18,230,-195,-84,373,-208,102,-143,13,RUNNING
121528,4,20.00,0.00,0.00,18,230,-195,-84,401,-234,102,-171,39,RUNNING
121553,4,20.00,0.00,0.00,18,230,-195,-111,429,-218,129,-199,23,RUNNING
121578,4,20.00,0.00,0.00,18,230,-195,-146,424,-167,164,-194,-28,RUNNING
121603,4,20.00,0.00,0.00,18,230,-195,-140,391,-136,158,-161,-59,RUNNING
121628,4,20.00,0.00,0.00,18,230,-195,-103,356,-145,121,-126,-50,RUNNING
121655,4,20.00,0.00,0.00,18,230,-195,-59,342,-192,77,-112,-3,RUNNING
121680,4,20.00,0.00,0.00,18,230,-195,-45,355,-227,63,-125,32,RUNNING
121705,4,20.00,0.00,0.00,18,230,-195,-68,395,-224,86,-165,29,RUNNING
121730,4,20.00,0.00,0.00,18,230,-195,-105,407,-185,123,-177,-10,RUNNING
121755,4,20.00,0.00,0.00,18,230,-195,-123,383,-139,141,-153,-56,RUNNING
121780,4,20.00,0.00,0.00,18,230,-195,-98,347,-125,116,-117,-70,RUNNING
121805,4,20.00,0.00,0.00,18,230,-195,-57,325,-148,75,-95,-47,RUNNING
121832,4,20.00,0.00,0.00,18,230,-195,-27,331,-198,45,-101,3,RUNNING
121857,4,20.00,0.00,0.00,18,230,-195,-44,366,-221,62,-136,26,RUNNING
121882,4,20.00,0.00,0.00,18,230,-195,-82,397,-199,100,-167,4,RUNNING
121907,4,20.00,0.00,0.00,18,230,-195,-112,391,-150,130,-161,-45,RUNNING
121932,4,20.00,0.00,0.00,18,230,-195,-95,358,-126,113,-128,-69,RUNNING
121957,4,20.00,0.00,0.00,18,230,-195,-58,331,-146,76,-101,-49,RUNNING
121982,4,20.00,0.00,0.00,18,230,-195,-24,327,-196,42,-97,1,RUNNING
122007,4,20.00,0.00,0.00,18,230,-195,-29,350,-224,47,-120,29,RUNNING
122030,4,20.00,0.00,0.00,18,230,-195,-57,386,-207,75,-156,12,RUNNING
122055,4,20.00,0.00,0.00,18,230,-195,-84,398,-162,102,-168,-33,RUNNING
122080,4,20.00,0.00,0.00,18,230,-195,-77,365,-136,95,-135,-59,RUNNING
122105,4,20.00,0.00,0.00,18,230,-195,-42,328,-148,60,-98,-47,RUNNING
122130,4,20.00,0.00,0.00,18,230,-195,-3,310,-193,21,-80,-2,RUNNING
122155,4,20.00,0.00,0.00,18,230,-195,9,311,-225,9,-81,30,RUNNING
122180,4,20.00,0.00,0.00,18,230,-195,-10,344,-211,28,-114,16,RUNNING
122207,4,20.00,0.00,0.00,18,230,-195,-48,378,-160,66,-148,-35,RUNNING
122232,4,20.00,0.00,0.00,18,230,-195,-65,370,-127,83,-140,-68,RUNNING
122257,4,20.00,0.00,0.00,18,230,-195,-42,339,-128,60,-109,-67,RUNNING
122282,4,20.00,0.00,0.00,18,230,-195,-3,315,-166,21,-85,-29,RUNNING
122307,4,20.00,0.00,0.00,18,230,-195,28,310,-203,-10,-80,8,RUNNING
122332,4,20.00,0.00,0.00,18,230,-195,14,335,-206,4,-105,11,RUNNING
122357,4,20.00,0.00,0.00,18,230,-195,-26,372,-168,44,-142,-27,RUNNING
122384,4,20.00,0.00,0.00,18,230,-195,-53,378,-118,71,-148,-77,RUNNING
122409,4,20.00,0.00,0.00,18,230,-195,-37,351,-103,55,-121,-92,RUNNING
122434,4,20.00,0.00,0.00,18,230,-195,-1,321,-126,19,-91,-69,RUNNING
122459,4,20.00,0.00,0.00,18,230,-195,33,305,-176,-15,-75,-19,RUNNING
122484,4,20.00,0.00,0.00,18,230,-195,30,316,-198,-12,-86,3,RUNNING
122509,4,20.00,0.00,0.00,18,230,-195,-4,353,-182,22,-123,-13,RUNNING
122534,4,20.00,0.00,0.00,18,230,-195,-36,372,-134,54,-142,-61,RUNNING
122559,4,20.00,0.00,0.00,18,230,-195,-35,356,-106,53,-126,-89,RUNNING
122586,4,20.00,0.00,0.00,18,230,-195,0,320,-116,18,-90,-79,RUNNING
122611,4,20.00,0.00,0.00,18,230,-195,40,293,-160,-22,-63,-35,RUNNING
122636,4,20.00,0.00,0.00,18,230,-195,59,297,-195,-41,-67,0,RUNNING
122661,4,20.00,0.00,0.00,18,230,-195,37,324,-189,-19,-94,-6,RUNNING
122686,4,20.00,0.00,0.00,18,230,-195,-11,354,-148,29,-124,-47,RUNNING
122711,4,20.00,0.00,0.00,18,230,-195,-41,350,-111,59,-120,-84,RUNNING
122736,4,20.00,0.00,0.00,18,230,-195,-25,321,-106,43,-91,-89,RUNNING
122763,4,20.00,0.00,0.00,18,230,-195,15,293,-147,3,-63,-48,RUNNING
122788,4,20.00,0.00,0.00,18,230,-195,52,294,-194,-34,-64,-1,RUNNING
122813,4,20.00,0.00,0.00,18,230,-195,49,320,-210,-31,-90,15,RUNNING
122838,4,20.00,0.00,0.00,18,230,-195,16,346,-184,2,-116,-11,RUNNING
122863,4,20.00,0.00,0.00,18,230,-195,-20,344,-130,38,-114,-65,RUNNING
122888,4,20.00,0.00,0.00,18,230,-195,-19,316,-107,37,-86,-88,RUNNING
122913,4,20.00,0.00,0.00,18,230,-195,11,280,-119,7,-50,-76,RUNNING
122938,4,20.00,0.00,0.00,18,230,-195,53,272,-164,-35,-42,-31,RUNNING
122965,4,20.00,0.00,0.00,18,230,-195,68,292,-198,-50,-62,3,RUNNING
123062,4,20.00,0.00,0.00,18,230,-195,-122,408,-24,140,-178,-171,RUNNING
123087,4,20.00,0.00,0.00,18,230,-195,-202,424,56,220,-194,-251,RUNNING
123112,4,20.00,0.00,0.00,18,230,-195,-241,414,97,259,-184,-292,RUNNING
123137,4,20.00,0.00,0.00,18,230,-195,-229,377,91,247,-147,-286,RUNNING
123162,4,20.00,0.00,0.00,18,230,-195,-191,341,49,209,-111,-244,RUNNING
123187,4,20.00,0.00,0.00,18,230,-195,-140,339,-4,158,-109,-191,RUNNING
123214,4,20.00,0.00,0.00,18,230,-195,-124,373,-23,142,-143,-172,RUNNING
123239,4,20.00,0.00,0.00,18,230,-195,-150,404,6,168,-174,-201,RUNNING
123264,4,20.00,0.00,0.00,18,230,-195,-195,395,59,213,-165,-254,RUNNING
123289,4,20.00,0.00,0.00,18,230,-195,-214,361,81,232,-131,-276,RUNNING
123314,4,20.00,0.00,0.00,18,230,-195,-184,334,58,202,-104,-253,RUNNING
123339,4,20.00,0.00,0.00,18,230,-195,-131,330,3,149,-100,-198,RUNNING
123364,4,20.00,0.00,0.00,18,230,-195,-99,353,-28,117,-123,-167,RUNNING
123391,4,20.00,0.00,0.00,18,230,-195,-120,396,-13,138,-166,-182,RUNNING
123416,4,20.00,0.00,0.00,18,230,-195,-167,408,36,185,-178,-231,RUNNING
123441,4,20.00,0.00,0.00,18,230,-195,-203,379,58,221,-149,-253,RUNNING
123466,4,20.00,0.00,0.00,18,230,-195,-187,335,33,205,-105,-228,RUNNING
123491,4,20.00,0.00,0.00,18,230,-195,-143,317,-19,161,-87,-176,RUNNING
123516,4,20.00,0.00,0.00,18,230,-195,-102,322,-45,120,-92,-150,RUNNING
123541,4,20.00,0.00,0.00,18,230,-195,-101,352,-30,119,-122,-165,RUNNING
123568,4,20.00,0.00,0.00,18,230,-195,-135,380,24,153,-150,-219,RUNNING
123593,4,20.00,0.00,0.00,18,230,-195,-175,371,55,193,-141,-250,RUNNING
123618,4,20.00,0.00,0.00,18,230,-195,-169,337,38,187,-107,-233,RUNNING
123643,4,20.00,0.00,0.00,18,230,-195,-130,309,-15,148,-79,-180,RUNNING
123668,4,20.00,0.00,0.00,18,230,-195,-87,307,-48,105,-77,-147,RUNNING
123693,4,20.00,0.00,0.00,18,230,-195,-70,331,-45,88,-101,-150,RUNNING
123718,4,20.00,0.00,0.00,18,230,-195,-91,356,-7,109,-126,-188,RUNNING
123743,4,20.00,0.00,0.00,18,230,-195,-129,359,28,147,-129,-223,RUNNING
123770,4,20.00,0.00,0.00,18,230,-195,-148,329,17,166,-99,-212,RUNNING
123795,4,20.00,0.00,0.00,18,230,-195,-119,292,-27,137,-62,-168,RUNNING
123820,4,20.00,0.00,0.00,18,230,-195,-74,281,-61,92,-51,-134,RUNNING
123845,4,20.00,0.00,0.00,18,230,-195,-44,299,-64,62,-69,-131,RUNNING
123870,4,20.00,0.00,0.00,18,230,-195,-60,323,-32,78,-93,-163,RUNNING
123895,4,20.00,0.00,0.00,18,230,-195,-99,333,12,117,-103,-207,RUNNING
123920,4,20.00,0.00,0.00,18,230,-195,-128,314,23,146,-84,-218,RUNNING
123947,4,20.00,0.00,0.00,18,230,-195,-110,273,-10,128,-43,-185,RUNNING
123972,4,20.00,0.00,0.00,18,230,-195,-70,255,-59,88,-25,-136,RUNNING
123997,4,20.00,0.00,0.00,18,230,-195,-37,269,-86,55,-39,-109,RUNNING
124022,4,20.00,0.00,0.00,18,230,-195,-42,297,-72,60,-67,-123,RUNNING
124047,4,20.00,0.00,0.00,18,230,-195,-71,314,-32,89,-84,-163,RUNNING
124072,4,20.00,0.00,0.00,18,230,-195,-103,301,-5,121,-71,-190,RUNNING
124097,4,20.00,0.00,0.00,18,230,-195,-92,266,-21,110,-36,-174,RUNNING
124124,4,20.00,0.00,0.00,18,230,-195,-55,242,-68,73,-12,-127,RUNNING
124149,4,20.00,0.00,0.00,18,230,-195,-20,246,-102,38,-16,-93,RUNNING
124174,4,20.00,0.00,0.00,18,230,-195,-20,279,-100,38,-49,-95,RUNNING
124199,4,20.00,0.00,0.00,18,230,-195,-46,305,-62,64,-75,-133,RUNNING
124224,4,20.00,0.00,0.00,18,230,-195,-75,300,-27,93,-70,-168,RUNNING
124249,4,20.00,0.00,0.00,18,230,-195,-75,273,-28,93,-43,-167,RUNNING
124274,4,20.00,0.00,0.00,18,230,-195,-47,245,-62,65,-15,-133,RUNNING
124299,4,20.00,0.00,0.00,18,230,-195,-6,246,-105,24,-16,-90,RUNNING
124326,4,20.00,0.00,0.00,18,230,-195,7,275,-120,11,-45,-75,RUNNING
124351,4,20.00,0.00,0.00,18,230,-195,-17,303,-92,35,-73,-103,RUNNING
124376,4,20.00,0.00,0.00,18,230,-195,-52,300,-46,70,-70,-149,RUNNING
124401,4,20.00,0.00,0.00,18,230,-195,-69,270,-30,87,-40,-165,RUNNING
124426,4,20.00,0.00,0.00,18,230,-195,-49,243,-44,67,-13,-151,RUNNING
124451,4,20.00,0.00,0.00,18,230,-195,-9,246,-88,27,-16,-107,RUNNING
124476,4,20.00,0.00,0.00,18,230,-195,22,271,-125,-4,-41,-70,RUNNING
124503,4,20.00,0.00,0.00,18,230,-195,8,297,-117,10,-67,-78,RUNNING
124528,4,20.00,0.00,0.00,18,230,-195,-30,295,-76,48,-65,-119,RUNNING
124553,4,20.00,0.00,0.00,18,230,-195,-56,265,-46,74,-35,-149,RUNNING
124578,4,20.00,0.00,0.00,18,230,-195,-38,235,-53,56,-5,-142,RUNNING
124603,4,20.00,0.00,0.00,18,230,-195,-2,236,-91,20,-6,-104,RUNNING
124628,4,20.00,0.00,0.00,18,230,-195,31,262,-131,-13,-32,-64,RUNNING
124653,4,20.00,0.00,0.00,18,230,-195,23,286,-132,-5,-56,-63,RUNNING
124678,4,20.00,0.00,0.00,18,230,-195,-15,287,-95,33,-57,-100,RUNNING
124705,4,20.00,0.00,0.00,18,230,-195,-42,255,-49,60,-25,-146,RUNNING
124730,4,20.00,0.00,0.00,18,230,-195,-33,213,-41,51,17,-154,RUNNING
124755,4,20.00,0.00,0.00,18,230,-195,1,201,-63,17,29,-132,RUNNING
124780,4,20.00,0.00,0.00,18,230,-195,39,223,-106,-21,7,-89,RUNNING
124805,4,20.00,0.00,0.00,18,230,-195,39,255,-124,-21,-25,-71,RUNNING
124830,4,20.00,0.00,0.00,18,230,-195,11,269,-103,7,-39,-92,RUNNING
124855,4,20.00,0.00,0.00,18,230,-195,-24,252,-57,42,-22,-138,RUNNING
124893,4,20.00,0.00,0.00,18,230,-195,-10,190,-41,28,40,-154,RUNNING
124918,4,20.00,0.00,0.00,18,230,-195,29,160,-75,-11,70,-120,RUNNING
124943,4,20.00,0.00,0.00,18,230,-195,68,166,-135,-50,64,-60,RUNNING
124968,4,20.00,0.00,0.00,18,230,-195,65,202,-168,-47,28,-27,RUNNING
124993,4,20.00,0.00,0.00,18,230,-195,31,230,-154,-13,0,-41,RUNNING
125018,4,20.00,0.00,0.00,18,230,-195,-6,232,-110,24,-2,-85,RUNNING
125043,4,20.00,0.00,0.00,18,230,-195,-10,197,-82,28,33,-113,RUNNING
125068,4,20.00,0.00,0.00,18,230,-195,18,153,-94,0,77,-101,RUNNING
125095,4,20.00,0.00,0.00,18,230,-195,63,141,-142,-45,89,-53,RUNNING
125120,4,20.00,0.00,0.00,18,230,-195,80,161,-178,-62,69,-17,RUNNING
125145,4,20.00,0.00,0.00,18,230,-195,60,207,-174,-42,23,-21,RUNNING
125170,4,20.00,0.00,0.00,18,230,-195,15,231,-137,3,-1,-58,RUNNING
125195,4,20.00,0.00,0.00,18,230,-195,-14,212,-103,32,18,-92,RUNNING
125220,4,20.00,0.00,0.00,18,230,-195,4,175,-103,14,55,-92,RUNNING
125245,4,20.00,0.00,0.00,18,230,-195,42,150,-136,-24,80,-59,RUNNING
125270,4,20.00,0.00,0.00,18,230,-195,77,165,-181,-59,65,-14,RUNNING
125297,4,20.00,0.00,0.00,18,230,-195,63,210,-194,-45,20,-1,RUNNING
125322,4,20.00,0.00,0.00,18,230,-195,22,240,-163,-4,-10,-32,RUNNING
125347,4,20.00,0.00,0.00,18,230,-195,-11,232,-116,29,-2,-79,RUNNING
125372,4,20.00,0.00,0.00,18,230,-195,1,199,-94,17,31,-101,RUNNING
125397,4,20.00,0.00,0.00,18,230,-195,36,171,-114,-18,59,-81,RUNNING
125422,4,20.00,0.00,0.00,18,230,-195,74,177,-162,-56,53,-33,RUNNING
125447,4,20.00,0.00,0.00,18,230,-195,70,209,-190,-52,21,-5,RUNNING
125474,4,20.00,0.00,0.00,18,230,-195,32,244,-167,-14,-14,-28,RUNNING
125521,4,20.00,0.00,0.00,18,230,-195,-20,209,-63,38,21,-132,RUNNING
125546,4,20.00,0.00,0.00,18,230,-195,-12,158,-23,30,72,-172,RUNNING
125571,4,20.00,0.00,0.00,18,230,-195,24,132,-21,-6,98,-174,RUNNING
125596,4,20.00,0.00,0.00,18,230,-195,60,131,-56,-42,99,-139,RUNNING
125621,4,20.00,0.00,0.00,18,230,-195,59,175,-102,-41,55,-93,RUNNING
125646,4,20.00,0.00,0.00,18,230,-195,29,221,-119,-11,9,-76,RUNNING
125671,4,20.00,0.00,0.00,18,230,-195,-8,229,-95,26,1,-100,RUNNING
125698,4,20.00,0.00,0.00,18,230,-195,-11,206,-44,29,24,-151,RUNNING
125723,4,20.00,0.00,0.00,18,230,-195,20,175,-25,-2,55,-170,RUNNING
125748,4,20.00,0.00,0.00,18,230,-195,63,158,-43,-45,72,-152,RUNNING
125773,4,20.00,0.00,0.00,18,230,-195,80,181,-87,-62,49,-108,RUNNING
125798,4,20.00,0.00,0.00,18,230,-195,61,230,-119,-43,0,-76,RUNNING
125823,4,20.00,0.00,0.00,18,230,-195,16,245,-110,2,-15,-85,RUNNING
125848,4,20.00,0.00,0.00,18,230,-195,-14,234,-71,32,-4,-124,RUNNING
125875,4,20.00,0.00,0.00,18,230,-195,7,198,-43,11,32,-152,RUNNING
125900,4,20.00,0.00,0.00,18,230,-195,49,173,-52,-31,57,-143,RUNNING
125925,4,20.00,0.00,0.00,18,230,-195,80,180,-94,-62,50,-101,RUNNING
125950,4,20.00,0.00,0.00,18,230,-195,67,217,-135,-49,13,-60,RUNNING
125975,4,20.00,0.00,0.00,18,230,-195,27,246,-138,-9,-16,-57,RUNNING
126000,4,20.00,0.00,0.00,18,230,-195,-9,247,-105,27,-17,-90,RUNNING
126025,4,20.00,0.00,0.00,18,230,-195,4,215,-63,14,15,-132,RUNNING
126050,4,20.00,0.00,0.00,18,230,-195,41,176,-50,-23,54,-145,RUNNING
126077,4,20.00,0.00,0.00,18,230,-195,77,163,-79,-59,67,-116,RUNNING
126102,4,20.00,0.00,0.00,18,230,-195,73,190,-132,-55,40,-63,RUNNING
126127,4,20.00,0.00,0.00,18,230,-195,38,235,-158,-20,-5,-37,RUNNING
126152,4,20.00,0.00,0.00,18,230,-195,1,253,-143,17,-23,-52,RUNNING
126177,4,20.00,0.00,0.00,18,230,-195,-2,238,-98,20,-8,-97,RUNNING
126202,4,20.00,0.00,0.00,18,230,-195,29,201,-72,-11,29,-123,RUNNING
126227,4,20.00,0.00,0.00,18,230,-195,70,179,-88,-52,51,-107,RUNNING
126254,4,20.00,0.00,0.00,18,230,-195,85,193,-139,-67,37,-56,RUNNING
126279,4,20.00,0.00,0.00,18,230,-195,64,230,-173,-46,0,-22,RUNNING
126304,4,20.00,0.00,0.00,18,230,-195,17,254,-165,1,-24,-30,RUNNING
126329,4,20.00,0.00,0.00,18,230,-195,-10,246,-129,28,-16,-66,RUNNING
126354,4,20.00,0.00,0.00,18,230,-195,5,212,-98,13,18,-97,RUNNING
126379,4,20.00,0.00,0.00,18,230,-195,44,185,-101,-26,45,-94,RUNNING
126404,4,20.00,0.00,0.00,18,230,-195,78,188,-142,-60,42,-53,RUNNING
126429,4,20.00,0.00,0.00,18,230,-195,74,221,-180,-56,9,-15,RUNNING
126456,4,20.00,0.00,0.00,18,230,-195,33,258,-182,-15,-28,-13,RUNNING
126481,4,20.00,0.00,0.00,18,230,-195,-8,263,-145,26,-33,-50,RUNNING
126506,4,20.00,0.00,0.00,18,230,-195,-12,233,-101,30,-3,-94,RUNNING
126531,4,20.00,0.00,0.00,18,230,-195,15,199,-89,3,31,-106,RUNNING
126556,4,20.00,0.00,0.00,18,230,-195,55,191,-115,-37,39,-80,RUNNING
126581,4,20.00,0.00,0.00,18,230,-195,73,210,-162,-55,20,-33,RUNNING
126606,4,20.00,0.00,0.00,18,230,-195,53,246,-186,-35,-16,-9,RUNNING
126631,4,20.00,0.00,0.00,18,230,-195,6,259,-165,12,-29,-30,RUNNING
126658,4,20.00,0.00,0.00,18,230,-195,-23,237,-117,41,-7,-78,RUNNING
126683,4,20.00,0.00,0.00,18,230,-195,-5,201,-94,23,29,-101,RUNNING
126708,4,20.00,0.00,0.00,18,230,-195,35,186,-112,-17,44,-83,RUNNING
126733,4,20.00,0.00,0.00,18,230,-195,66,207,-159,-48,23,-36,RUNNING
126758,4,20.00,0.00,0.00,18,230,-195,56,239,-188,-38,-9,-7,RUNNING
126783,4,20.00,0.00,0.00,18,230,-195,20,260,-173,-2,-30,-22,RUNNING
126808,4,20.00,0.00,0.00,18,230,-195,-14,245,-129,32,-15,-66,RUNNING
126835,4,20.00,0.00,0.00,18,230,-195,-1,202,-105,19,28,-90,RUNNING
126860,4,20.00,0.00,0.00,18,230,-195,37,174,-117,-19,56,-78,RUNNING
126885,4,20.00,0.00,0.00,18,230,-195,72,180,-161,-54,50,-34,RUNNING
126910,4,20.00,0.00,0.00,18,230,-195,68,215,-195,-50,15,0,RUNNING
126935,4,20.00,0.00,0.00,18,230,-195,34,247,-188,-16,-17,-7,RUNNING
126960,4,20.00,0.00,0.00,18,230,-195,-4,246,-145,22,-16,-50,RUNNING
126985,4,20.00,0.00,0.00,18,230,-195,-6,214,-111,24,16,-84,RUNNING
127010,4,20.00,0.00,0.00,18,230,-195,24,186,-110,-6,44,-85,RUNNING
127037,4,20.00,0.00,0.00,18,230,-195,68,186,-153,-50,44,-42,RUNNING
127062,4,20.00,0.00,0.00,18,230,-195,83,211,-200,-65,19,5,RUNNING
127087,4,20.00,0.00,0.00,18,230,-195,64,252,-221,-46,-22,26,RUNNING
127112,4,20.00,0.00,0.00,18,230,-195,20,259,-196,-2,-29,1,RUNNING
127137,4,20.00,0.00,0.00,18,230,-195,-5,234,-149,23,-4,-46,RUNNING
127162,4,20.00,0.00,0.00,18,230,-195,12,201,-125,6,29,-70,RUNNING
127187,4,20.00,0.00,0.00,18,230,-195,51,192,-140,-33,38,-55,RUNNING
127214,4,20.00,0.00,0.00,18,230,-195,83,214,-191,-65,16,-4,RUNNING
127239,4,20.00,0.00,0.00,18,230,-195,75,246,-226,-57,-16,31,RUNNING
127264,4,20.00,0.00,0.00,18,230,-195,35,260,-212,-17,-30,17,RUNNING
127289,4,20.00,0.00,0.00,18,230,-195,-1,239,-166,19,-9,-29,RUNNING
127314,4,20.00,0.00,0.00,18,230,-195,1,200,-139,17,30,-56,RUNNING
127339,4,20.00,0.00,0.00,18,230,-195,34,182,-150,-16,48,-45,RUNNING
127364,4,20.00,0.00,0.00,18,230,-195,76,198,-193,-58,32,-2,RUNNING
127389,4,20.00,0.00,0.00,18,230,-195,87,229,-227,-69,1,32,RUNNING
127416,4,20.00,0.00,0.00,18,230,-195,65,255,-219,-47,-25,24,RUNNING
127441,4,20.00,0.00,0.00,18,230,-195,24,242,-179,-6,-12,-16,RUNNING
127466,4,20.00,0.00,0.00,18,230,-195,3,203,-145,15,27,-50,RUNNING
127491,4,20.00,0.00,0.00,18,230,-195,27,178,-140,-9,52,-55,RUNNING
127516,4,20.00,0.00,0.00,18,230,-195,68,189,-176,-50,41,-19,RUNNING
127541,4,20.00,0.00,0.00,18,230,-195,100,218,-224,-82,12,29,RUNNING
127566,4,20.00,0.00,0.00,18,230,-195,83,248,-236,-65,-18,41,RUNNING
127591,4,20.00,0.00,0.00,18,230,-195,41,245,-210,-23,-15,15,RUNNING
127618,4,20.00,0.00,0.00,18,230,-195,12,205,-156,6,25,-39,RUNNING
127643,4,20.00,0.00,0.00,18,230,-195,31,174,-136,-13,56,-59,RUNNING
127668,4,20.00,0.00,0.00,18,230,-195,68,169,-154,-50,61,-41,RUNNING
127693,4,20.00,0.00,0.00,18,230,-195,99,195,-202,-81,35,7,RUNNING
127718,4,20.00,0.00,0.00,18,230,-195,86,231,-229,-68,-1,34,RUNNING
127743,4,20.00,0.00,0.00,18,230,-195,44,241,-212,-26,-11,17,RUNNING
127768,4,20.00,0.00,0.00,18,230,-195,12,224,-164,6,6,-31,RUNNING
127795,4,20.00,0.00,0.00,18,230,-195,27,182,-140,-9,48,-55,RUNNING
127820,4,20.00,0.00,0.00,18,230,-195,62,166,-155,-44,64,-40,RUNNING
127845,4,20.00,0.00,0.00,18,230,-195,94,190,-202,-76,40,7,RUNNING
127870,4,20.00,0.00,0.00,18,230,-195,85,226,-232,-67,4,37,RUNNING
127895,4,20.00,0.00,0.00,18,230,-195,51,244,-223,-33,-14,28,RUNNING
127920,4,20.00,0.00,0.00,18,230,-195,18,232,-179,0,-2,-16,RUNNING
127945,4,20.00,0.00,0.00,18,230,-195,23,189,-146,-5,41,-49,RUNNING
127970,4,20.00,0.00,0.00,18,230,-195,55,161,-145,-37,69,-50,RUNNING
127997,4,20.00,0.00,0.00,18,230,-195,88,173,-188,-70,57,-7,RUNNING
128022,4,20.00,0.00,0.00,18,230,-195,87,207,-236,-69,23,41,RUNNING
128047,4,20.00,0.00,0.00,18,230,-195,58,236,-251,-40,-6,56,RUNNING
128072,4,20.00,0.00,0.00,18,230,-195,23,233,-232,-5,-3,37,RUNNING
128097,4,20.00,0.00,0.00,18,230,-195,18,200,-181,0,30,-14,RUNNING
128122,4,20.00,0.00,0.00,18,230,-195,47,167,-153,-29,63,-42,RUNNING
128147,4,20.00,0.00,0.00,18,230,-195,85,164,-167,-67,66,-28,RUNNING
128172,4,20.00,0.00,0.00,18,230,-195,102,194,-214,-84,36,19,RUNNING
128195,4,20.00,0.00,0.00,18,230,-195,86,230,-240,-68,0,45,RUNNING
128220,4,20.00,0.00,0.00,18,230,-195,42,239,-233,-24,-9,38,RUNNING
128245,4,20.00,0.00,0.00,18,230,-195,11,220,-192,7,10,-3,RUNNING
128270,4,20.00,0.00,0.00,18,230,-195,24,183,-156,-6,47,-39,RUNNING
128295,4,20.00,0.00,0.00,18,230,-195,59,169,-151,-41,61,-44,RUNNING
128320,4,20.00,0.00,0.00,18,230,-195,89,196,-188,-71,34,-7,RUNNING
128345,4,20.00,0.00,0.00,18,230,-195,85,236,-234,-67,-6,39,RUNNING
128372,4,20.00,0.00,0.00,18,230,-195,45,256,-247,-27,-26,52,RUNNING
128397,4,20.00,0.00,0.00,18,230,-195,13,243,-221,5,-13,26,RUNNING
128422,4,20.00,0.00,0.00,18,230,-195,1,204,-168,17,26,-27,RUNNING
128447,4,20.00,0.00,0.00,18,230,-195,26,178,-144,-8,52,-51,RUNNING
128472,4,20.00,0.00,0.00,18,230,-195,71,186,-158,-53,44,-37,RUNNING
128497,4,20.00,0.00,0.00,18,230,-195,98,218,-204,-80,12,9,RUNNING
128551,4,20.00,0.00,0.00,18,230,-195,31,266,-225,-13,-36,30,RUNNING
128576,4,20.00,0.00,0.00,18,230,-195,-27,251,-181,45,-21,-14,RUNNING
128603,4,20.00,0.00,0.00,18,230,-195,-55,221,-120,73,9,-75,RUNNING
128628,4,20.00,0.00,0.00,18,230,-195,-41,199,-84,59,31,-111,RUNNING
128653,4,20.00,0.00,0.00,18,230,-195,-2,208,-92,20,22,-103,RUNNING
128678,4,20.00,0.00,0.00,18,230,-195,28,240,-138,-10,-10,-57,RUNNING
128703,4,20.00,0.00,0.00,18,230,-195,27,266,-177,-9,-36,-18,RUNNING
128728,4,20.00,0.00,0.00,18,230,-195,-9,266,-179,27,-36,-16,RUNNING
128753,4,20.00,0.00,0.00,18,230,-195,-41,238,-141,59,-8,-54,RUNNING
128780,4,20.00,0.00,0.00,18,230,-195,-42,195,-95,60,35,-100,RUNNING
128805,4,20.00,0.00,0.00,18,230,-195,-11,181,-83,29,49,-112,RUNNING
128830,4,20.00,0.00,0.00,18,230,-195,27,207,-108,-9,23,-87,RUNNING
128855,4,20.00,0.00,0.00,18,230,-195,42,242,-156,-24,-12,-39,RUNNING
128880,4,20.00,0.00,0.00,18,230,-195,23,263,-181,-5,-33,-14,RUNNING
128905,4,20.00,0.00,0.00,18,230,-195,-17,249,-160,35,-19,-35,RUNNING
128930,4,20.00,0.00,0.00,18,230,-195,-38,214,-115,56,16,-80,RUNNING
128955,4,20.00,0.00,0.00,18,230,-195,-20,187,-92,38,43,-103,RUNNING
128982,4,20.00,0.00,0.00,18,230,-195,24,197,-114,-6,33,-81,RUNNING
129007,4,20.00,0.00,0.00,18,230,-195,56,230,-164,-38,0,-31,RUNNING
129032,4,20.00,0.00,0.00,18,230,-195,50,259,-193,-32,-29,-2,RUNNING
129057,4,20.00,0.00,0.00,18,230,-195,12,258,-182,6,-28,-13,RUNNING
129082,4,20.00,0.00,0.00,18,230,-195,-22,228,-141,40,2,-54,RUNNING
129107,4,20.00,0.00,0.00,18,230,-195,-18,197,-106,36,33,-89,RUNNING
129132,4,20.00,0.00,0.00,18,230,-195,12,197,-108,6,33,-87,RUNNING
129159,4,20.00,0.00,0.00,18,230,-195,57,228,-154,-39,2,-41,RUNNING
129184,4,20.00,0.00,0.00,18,230,-195,72,265,-203,-54,-35,8,RUNNING
129209,4,20.00,0.00,0.00,18,230,-195,50,278,-225,-32,-48,30,RUNNING
129234,4,20.00,0.00,0.00,18,230,-195,8,253,-198,10,-23,3,RUNNING
129259,4,20.00,0.00,0.00,18,230,-195,-18,217,-146,36,13,-49,RUNNING
129284,4,20.00,0.00,0.00,18,230,-195,0,201,-118,18,29,-77,RUNNING
129309,4,20.00,0.00,0.00,18,230,-195,41,213,-135,-23,17,-60,RUNNING
129334,4,20.00,0.00,0.00,18,230,-195,70,245,-183,-52,-15,-12,RUNNING
129361,4,20.00,0.00,0.00,18,230,-195,56,273,-210,-38,-43,15,RUNNING
129386,4,20.00,0.00,0.00,18,230,-195,14,265,-194,4,-35,-1,RUNNING
129411,4,20.00,0.00,0.00,18,230,-195,-17,234,-151,35,-4,-44,RUNNING
129436,4,20.00,0.00,0.00,18,230,-195,-3,204,-123,21,26,-72,RUNNING
129461,4,20.00,0.00,0.00,18,230,-195,34,208,-131,-16,22,-64,RUNNING
129486,4,20.00,0.00,0.00,18,230,-195,65,237,-178,-47,-7,-17,RUNNING
129511,4,20.00,0.00,0.00,18,230,-195,61,259,-216,-43,-29,21,RUNNING
129536,4,20.00,0.00,0.00,18,230,-195,26,261,-217,-8,-31,22,RUNNING
129563,4,20.00,0.00,0.00,18,230,-195,-12,233,-177,30,-3,-18,RUNNING
129588,4,20.00,0.00,0.00,18,230,-195,-10,188,-132,28,42,-63,RUNNING
129613,4,20.00,0.00,0.00,18,230,-195,22,169,-118,-4,61,-77,RUNNING
129638,4,20.00,0.00,0.00,18,230,-195,61,195,-145,-43,35,-50,RUNNING
129663,4,20.00,0.00,0.00,18,230,-195,74,230,-195,-56,0,0,RUNNING
129688,4,20.00,0.00,0.00,18,230,-195,54,250,-222,-36,-20,27,RUNNING
129713,4,20.00,0.00,0.00,18,230,-195,9,242,-203,9,-12,8,RUNNING
129740,4,20.00,0.00,0.00,18,230,-195,-12,198,-153,30,32,-42,RUNNING
129765,4,20.00,0.00,0.00,18,230,-195,12,164,-126,6,66,-69,RUNNING
129790,4,20.00,0.00,0.00,18,230,-195,53,162,-141,-35,68,-54,RUNNING
129815,4,20.00,0.00,0.00,18,230,-195,83,193,-188,-65,37,-7,RUNNING
129840,4,20.00,0.00,0.00,18,230,-195,73,230,-216,-55,0,21,RUNNING
129865,4,20.00,0.00,0.00,18,230,-195,32,239,-203,-14,-9,8,RUNNING
129890,4,20.00,0.00,0.00,18,230,-195,-5,219,-160,23,11,-35,RUNNING
129915,4,20.00,0.00,0.00,18,230,-195,2,181,-134,16,49,-61,RUNNING
129942,4,20.00,0.00,0.00,18,230,-195,41,169,-142,-23,61,-53,RUNNING
129967,4,20.00,0.00,0.00,18,230,-195,77,200,-185,-59,30,-10,RUNNING
129992,4,20.00,0.00,0.00,18,230,-195,81,236,-224,-63,-6,29,RUNNING
130017,4,20.00,0.00,0.00,18,230,-195,52,258,-224,-34,-28,29,RUNNING
130042,4,20.00,0.00,0.00,18,230,-195,9,244,-185,9,-14,-10,RUNNING
130067,4,20.00,0.00,0.00,18,230,-195,-6,205,-140,24,25,-55,RUNNING
130092,4,20.00,0.00,0.00,18,230,-195,17,180,-126,1,50,-69,RUNNING
130117,4,20.00,0.00,0.00,18,230,-195,60,188,-153,-42,42,-42,RUNNING
130144,4,20.00,0.00,0.00,18,230,-195,89,222,-207,-71,8,12,RUNNING
130169,4,20.00,0.00,0.00,18,230,-195,71,254,-232,-53,-24,37,RUNNING
130194,4,20.00,0.00,0.00,18,230,-195,27,257,-212,-9,-27,17,RUNNING
130219,4,20.00,0.00,0.00,18,230,-195,-5,229,-165,23,1,-30,RUNNING
130244,4,20.00,0.00,0.00,18,230,-195,9,191,-144,9,39,-51,RUNNING
130269,4,20.00,0.00,0.00,18,230,-195,45,179,-158,-27,51,-37,RUNNING
130294,4,20.00,0.00,0.00,18,230,-195,78,200,-204,-60,30,9,RUNNING
130321,4,20.00,0.00,0.00,18,230,-195,72,232,-238,-54,-2,43,RUNNING
130346,4,20.00,0.00,0.00,18,230,-195,34,249,-226,-16,-19,31,RUNNING
130371,4,20.00,0.00,0.00,18,230,-195,-5,238,-177,23,-8,-18,RUNNING
130396,4,20.00,0.00,0.00,18,230,-195,-5,195,-145,23,35,-50,RUNNING
130421,4,20.00,0.00,0.00,18,230,-195,26,171,-149,-8,59,-46,RUNNING
130446,4,20.00,0.00,0.00,18,230,-195,65,182,-189,-47,48,-6,RUNNING
130471,4,20.00,0.00,0.00,18,230,-195,76,213,-228,-58,17,33,RUNNING
130496,4,20.00,0.00,0.00,18,230,-195,58,244,-229,-40,-14,34,RUNNING
130523,4,20.00,0.00,0.00,18,230,-195,13,237,-187,5,-7,-8,RUNNING
130543,4,20.00,0.00,0.00,18,230,-195,13,237,-187,5,-7,-8,TARGET_REACHED_OUTBOUND
130568,18,20.00,0.00,0.00,18,230,-195,8,158,-110,10,72,-85,RUNNING
130593,18,20.00,0.00,0.00,18,230,-195,51,96,-69,-33,134,-126,RUNNING
130618,18,20.00,0.00,0.00,18,230,-195,104,60,-58,-86,170,-137,RUNNING
130643,18,20.00,0.00,0.00,18,230,-195,139,58,-87,-121,172,-108,RUNNING
130668,18,20.00,0.00,0.00,18,230,-195,129,90,-140,-111,140,-55,RUNNING
130695,18,20.00,0.00,0.00,18,230,-195,94,131,-163,-76,99,-32,RUNNING
130720,18,20.00,0.00,0.00,18,230,-195,61,143,-139,-43,87,-56,RUNNING
130745,18,20.00,0.00,0.00,18,230,-195,59,127,-89,-41,103,-106,RUNNING
130770,18,20.00,0.00,0.00,18,230,-195,86,97,-67,-68,133,-128,RUNNING
130795,18,20.00,0.00,0.00,18,230,-195,123,89,-83,-105,141,-112,RUNNING
130820,18,20.00,0.00,0.00,18,230,-195,135,108,-133,-117,122,-62,RUNNING
130845,18,20.00,0.00,0.00,18,230,-195,116,155,-164,-98,75,-31,RUNNING
130872,18,20.00,0.00,0.00,18,230,-195,74,183,-154,-56,47,-41,RUNNING
130897,18,20.00,0.00,0.00,18,230,-195,45,168,-114,-27,62,-81,RUNNING
130922,18,20.00,0.00,0.00,18,230,-195,61,125,-87,-43,105,-108,RUNNING
130947,18,20.00,0.00,0.00,18,230,-195,94,105,-91,-76,125,-104,RUNNING
130972,18,20.00,0.00,0.00,18,230,-195,122,112,-130,-104,118,-65,RUNNING
130997,18,20.00,0.00,0.00,18,230,-195,113,146,-167,-95,84,-28,RUNNING
131022,18,20.00,0.00,0.00,18,230,-195,78,180,-171,-60,50,-24,RUNNING
131047,18,20.00,0.00,0.00,18,230,-195,43,185,-139,-25,45,-56,RUNNING
131075,18,20.00,0.00,0.00,18,230,-195,47,144,-92,-29,86,-103,RUNNING
131101,18,20.00,0.00,0.00,18,230,-195,79,101,-79,-61,129,-116,RUNNING
131127,18,20.00,0.00,0.00,18,230,-195,113,92,-112,-95,138,-83,RUNNING
131153,18,20.00,0.00,0.00,18,230,-195,115,114,-164,-97,116,-31,RUNNING
131179,18,20.00,0.00,0.00,18,230,-195,81,163,-190,-63,67,-5,RUNNING
131205,18,20.00,0.00,0.00,18,230,-195,40,185,-163,-22,45,-32,RUNNING
131231,18,20.00,0.00,0.00,18,230,-195,22,167,-112,-4,63,-83,RUNNING
131259,18,20.00,0.00,0.00,18,230,-195,46,123,-88,-28,107,-107,RUNNING
131284,18,20.00,0.00,0.00,18,230,-195,89,98,-113,-71,132,-82,RUNNING
131309,18,20.00,0.00,0.00,18,230,-195,120,110,-163,-102,120,-32,RUNNING
131334,18,20.00,0.00,0.00,18,230,-195,107,147,-193,-89,83,-2,RUNNING
131359,18,20.00,0.00,0.00,18,230,-195,69,183,-183,-51,47,-12,RUNNING
131384,18,20.00,0.00,0.00,18,230,-195,35,188,-142,-17,42,-53,RUNNING
131409,18,20.00,0.00,0.00,18,230,-195,40,154,-106,-22,76,-89,RUNNING
131434,18,20.00,0.00,0.00,18,230,-195,71,119,-107,-53,111,-88,RUNNING
131461,18,20.00,0.00,0.00,18,230,-195,107,107,-154,-89,123,-41,RUNNING
131486,18,20.00,0.00,0.00,18,230,-195,108,131,-203,-90,99,8,RUNNING
131511,18,20.00,0.00,0.00,18,230,-195,79,188,-224,-61,42,29,RUNNING
131536,18,20.00,0.00,0.00,18,230,-195,42,210,-197,-24,20,2,RUNNING
131577,18,20.00,0.00,0.00,18,230,-195,32,170,-107,-14,60,-88,RUNNING
131602,18,20.00,0.00,0.00,18,230,-195,67,126,-73,-49,104,-122,RUNNING
131627,18,20.00,0.00,0.00,18,230,-195,113,107,-77,-95,123,-118,RUNNING
131654,18,20.00,0.00,0.00,18,230,-195,134,125,-121,-116,105,-74,RUNNING
131679,18,20.00,0.00,0.00,18,230,-195,119,175,-170,-101,55,-25,RUNNING
131704,18,20.00,0.00,0.00,18,230,-195,78,204,-188,-60,26,-7,RUNNING
131729,18,20.00,0.00,0.00,18,230,-195,41,202,-163,-23,28,-32,RUNNING
131754,18,20.00,0.00,0.00,18,230,-195,46,170,-117,-28,60,-78,RUNNING
131779,18,20.00,0.00,0.00,18,230,-195,77,135,-89,-59,95,-106,RUNNING
131804,18,20.00,0.00,0.00,18,230,-195,107,134,-106,-89,96,-89,RUNNING
131831,18,20.00,0.00,0.00,18,230,-195,107,171,-156,-89,59,-39,RUNNING
131856,18,20.00,0.00,0.00,18,230,-195,78,212,-189,-60,18,-6,RUNNING
131881,18,20.00,0.00,0.00,18,230,-195,34,228,-178,-16,2,-17,RUNNING
131906,18,20.00,0.00,0.00,18,230,-195,14,205,-140,4,25,-55,RUNNING
131931,18,20.00,0.00,0.00,18,230,-195,35,160,-111,-17,70,-84,RUNNING
131956,18,20.00,0.00,0.00,18,230,-195,75,144,-116,-57,86,-79,RUNNING
131981,18,20.00,0.00,0.00,18,230,-195,105,161,-157,-87,69,-38,RUNNING
132006,18,20.00,0.00,0.00,18,230,-195,89,204,-196,-71,26,1,RUNNING
132033,18,20.00,0.00,0.00,18,230,-195,46,235,-197,-28,-5,2,RUNNING
132058,18,20.00,0.00,0.00,18,230,-195,13,231,-156,5,-1,-39,RUNNING
132079,5,0.00,0.00,0.00,0,0,0,13,231,-156,-13,-231,156,START_STEP
132103,5,0.00,0.00,0.00,0,0,0,31,175,-98,-31,-175,98,RUNNING
132128,5,0.00,0.00,0.00,0,0,0,78,162,-116,-78,-162,116,RUNNING
132153,5,0.00,0.00,0.00,0,0,0,109,134,-125,-109,-134,125,RUNNING
132178,5,0.00,0.00,0.00,0,0,0,96,118,-100,-96,-118,100,RUNNING
132203,5,0.00,0.00,0.00,0,0,0,56,122,-56,-56,-122,56,RUNNING
132230,5,0.00,0.00,0.00,0,0,0,20,145,-37,-20,-145,37,RUNNING
132255,5,0.00,0.00,0.00,0,0,0,22,166,-61,-22,-166,61,RUNNING
132280,5,0.00,0.00,0.00,0,0,0,54,142,-111,-54,-142,111,RUNNING
132305,5,0.00,0.00,0.00,0,0,0,84,102,-136,-84,-102,136,RUNNING
132330,5,0.00,0.00,0.00,0,0,0,85,84,-115,-85,-84,115,RUNNING
132355,5,0.00,0.00,0.00,0,0,0,61,90,-69,-61,-90,69,RUNNING
132380,5,0.00,0.00,0.00,0,0,0,23,120,-47,-23,-120,47,RUNNING
132405,5,0.00,0.00,0.00,0,0,0,12,141,-65,-12,-141,65,RUNNING
132432,5,0.00,0.00,0.00,0,0,0,35,127,-115,-35,-127,115,RUNNING
132457,5,0.00,0.00,0.00,0,0,0,76,87,-142,-76,-87,142,RUNNING
132482,5,0.00,0.00,0.00,0,0,0,90,62,-124,-90,-62,124,RUNNING
132507,5,0.00,0.00,0.00,0,0,0,69,62,-80,-69,-62,80,RUNNING
132532,5,0.00,0.00,0.00,0,0,0,26,90,-54,-26,-90,54,RUNNING
132557,5,0.00,0.00,0.00,0,0,0,-7,121,-66,7,-121,66,RUNNING
132582,5,0.00,0.00,0.00,0,0,0,6,121,-108,-6,-121,108,RUNNING
132607,5,0.00,0.00,0.00,0,0,0,48,90,-135,-48,-90,135,RUNNING
132632,5,0.00,0.00,0.00,0,0,0,75,54,-118,-75,-54,118,RUNNING
132655,5,0.00,0.00,0.00,0,0,0,65,43,-79,-65,-43,79,RUNNING
132680,5,0.00,0.00,0.00,0,0,0,29,60,-56,-29,-60,56,RUNNING
132705,5,0.00,0.00,0.00,0,0,0,-9,87,-69,9,-87,69,RUNNING
132730,5,0.00,0.00,0.00,0,0,0,-4,96,-111,4,-96,111,RUNNING
132755,5,0.00,0.00,0.00,0,0,0,26,77,-136,-26,-77,136,RUNNING
132780,5,0.00,0.00,0.00,0,0,0,59,35,-117,-59,-35,117,RUNNING
132805,5,0.00,0.00,0.00,0,0,0,59,16,-71,-59,-16,71,RUNNING
132830,5,0.00,0.00,0.00,0,0,0,28,25,-46,-28,-25,46,RUNNING
132857,5,0.00,0.00,0.00,0,0,0,-15,60,-64,15,-60,64,RUNNING
132882,5,0.00,0.00,0.00,0,0,0,-29,88,-110,29,-88,110,RUNNING
132907,5,0.00,0.00,0.00,0,0,0,-6,83,-135,6,-83,135,RUNNING
132932,5,0.00,0.00,0.00,0,0,0,34,52,-115,-34,-52,115,RUNNING
132957,5,0.00,0.00,0.00,0,0,0,58,18,-71,-58,-18,71,RUNNING
132982,5,0.00,0.00,0.00,0,0,0,38,16,-48,-38,-16,48,RUNNING
133007,5,0.00,0.00,0.00,0,0,0,-6,43,-61,6,-43,61,RUNNING
133032,5,0.00,0.00,0.00,0,0,0,-33,77,-101,33,-77,101,RUNNING
133057,5,0.00,0.00,0.00,0,0,0,-17,81,-127,17,-81,127,RUNNING
133084,5,0.00,0.00,0.00,0,0,0,23,55,-109,-23,-55,109,RUNNING
133109,5,0.00,0.00,0.00,0,0,0,54,19,-64,-54,-19,64,RUNNING
133134,5,0.00,0.00,0.00,0,0,0,43,4,-38,-43,-4,38,RUNNING
133159,5,0.00,0.00,0.00,0,0,0,5,27,-49,-5,-27,49,RUNNING
133184,5,0.00,0.00,0.00,0,0,0,-27,61,-87,27,-61,87,RUNNING
133209,5,0.00,0.00,0.00,0,0,0,-21,75,-119,21,-75,119,RUNNING
133234,5,0.00,0.00,0.00,0,0,0,10,59,-108,-10,-59,108,RUNNING
133259,5,0.00,0.00,0.00,0,0,0,42,16,-67,-42,-16,67,RUNNING
133286,5,0.00,0.00,0.00,0,0,0,41,-14,-34,-41,14,34,RUNNING
133311,5,0.00,0.00,0.00,0,0,0,11,-10,-40,-11,10,40,RUNNING
133336,5,0.00,0.00,0.00,0,0,0,-27,24,-72,27,-24,72,RUNNING
133361,5,0.00,0.00,0.00,0,0,0,-38,55,-102,38,-55,102,RUNNING
133386,5,0.00,0.00,0.00,0,0,0,-14,56,-98,14,-56,98,RUNNING
133411,5,0.00,0.00,0.00,0,0,0,24,23,-58,-24,-23,58,RUNNING
133436,5,0.00,0.00,0.00,0,0,0,44,-17,-13,-44,17,13,RUNNING
133461,5,0.00,0.00,0.00,0,0,0,24,-31,1,-24,31,-1,RUNNING
133486,5,0.00,0.00,0.00,0,0,0,-20,-10,-24,20,10,24,RUNNING
133513,5,0.00,0.00,0.00,0,0,0,-44,33,-69,44,-33,69,RUNNING
133538,5,0.00,0.00,0.00,0,0,0,-28,53,-87,28,-53,87,RUNNING
133563,5,0.00,0.00,0.00,0,0,0,12,44,-67,-12,-44,67,RUNNING
133588,5,0.00,0.00,0.00,0,0,0,43,8,-21,-43,-8,21,RUNNING
133613,5,0.00,0.00,0.00,0,0,0,34,-22,4,-34,22,-4,RUNNING
133638,5,0.00,0.00,0.00,0,0,0,0,-22,-14,0,22,14,RUNNING
133663,5,0.00,0.00,0.00,0,0,0,-33,4,-57,33,-4,57,RUNNING
133688,5,0.00,0.00,0.00,0,0,0,-31,40,-80,31,-40,80,RUNNING
133713,5,0.00,0.00,0.00,0,0,0,1,43,-62,-1,-43,62,RUNNING
133740,5,0.00,0.00,0.00,0,0,0,33,12,-11,-33,-12,11,RUNNING
133765,5,0.00,0.00,0.00,0,0,0,32,-27,18,-32,27,-18,RUNNING
133790,5,0.00,0.00,0.00,0,0,0,-1,-43,3,1,43,-3,RUNNING
133815,5,0.00,0.00,0.00,0,0,0,-37,-20,-39,37,20,39,RUNNING
133840,5,0.00,0.00,0.00,0,0,0,-52,23,-63,52,-23,63,RUNNING
133865,5,0.00,0.00,0.00,0,0,0,-32,42,-48,32,-42,48,RUNNING
133890,5,0.00,0.00,0.00,0,0,0,5,31,-5,-5,-31,5,RUNNING
133915,5,0.00,0.00,0.00,0,0,0,33,-14,22,-33,14,-22,RUNNING
133940,5,0.00,0.00,0.00,0,0,0,19,-46,5,-19,46,-5,RUNNING
133967,5,0.00,0.00,0.00,0,0,0,-20,-48,-43,20,48,43,RUNNING
133992,5,0.00,0.00,0.00,0,0,0,-48,-21,-68,48,21,68,RUNNING
134017,5,0.00,0.00,0.00,0,0,0,-44,10,-53,44,-10,53,RUNNING
134042,5,0.00,0.00,0.00,0,0,0,-13,11,-10,13,-11,10,RUNNING
134067,5,0.00,0.00,0.00,0,0,0,18,-18,19,-18,18,-19,RUNNING
134092,5,0.00,0.00,0.00,0,0,0,17,-60,5,-17,60,-5,RUNNING
134117,5,0.00,0.00,0.00,0,0,0,-18,-77,-38,18,77,38,RUNNING
134142,5,0.00,0.00,0.00,0,0,0,-45,-50,-62,45,50,62,RUNNING
134169,5,0.00,0.00,0.00,0,0,0,-45,-2,-44,45,2,44,RUNNING
134194,5,0.00,0.00,0.00,0,0,0,-14,22,-1,14,-22,1,RUNNING
134219,5,0.00,0.00,0.00,0,0,0,24,12,24,-24,-12,-24,RUNNING
134244,5,0.00,0.00,0.00,0,0,0,37,-30,6,-37,30,-6,RUNNING
134269,5,0.00,0.00,0.00,0,0,0,14,-68,-39,-14,68,39,RUNNING
134294,5,0.00,0.00,0.00,0,0,0,-23,-68,-64,23,68,64,RUNNING
134319,5,0.00,0.00,0.00,0,0,0,-43,-34,-46,43,34,46,RUNNING
134344,5,0.00,0.00,0.00,0,0,0,-25,4,0,25,-4,0,RUNNING
134369,5,0.00,0.00,0.00,0,0,0,16,12,28,-16,-12,-28,RUNNING
134396,5,0.00,0.00,0.00,0,0,0,48,-14,6,-48,14,-6,RUNNING
134421,5,0.00,0.00,0.00,0,0,0,34,-49,-41,-34,49,41,RUNNING
134446,5,0.00,0.00,0.00,0,0,0,-7,-62,-69,7,62,69,RUNNING
134471,5,0.00,0.00,0.00,0,0,0,-39,-50,-53,39,50,53,RUNNING
134496,5,0.00,0.00,0.00,0,0,0,-37,-18,-10,37,18,10,RUNNING
134521,5,0.00,0.00,0.00,0,0,0,-4,-1,18,4,1,-18,RUNNING
134546,5,0.00,0.00,0.00,0,0,0,25,-10,4,-25,10,-4,RUNNING
134571,5,0.00,0.00,0.00,0,0,0,26,-52,-40,-26,52,40,RUNNING
134596,5,0.00,0.00,0.00,0,0,0,-5,-86,-66,5,86,66,RUNNING
134643,5,0.00,0.00,0.00,0,0,0,-72,-46,-17,72,46,17,RUNNING
134668,5,0.00,0.00,0.00,0,0,0,-86,8,43,86,-8,-43,RUNNING
134693,5,0.00,0.00,0.00,0,0,0,-67,36,78,67,-36,-78,RUNNING
134718,5,0.00,0.00,0.00,0,0,0,-29,29,63,29,-29,-63,RUNNING
134743,5,0.00,0.00,0.00,0,0,0,0,-13,11,0,13,-11,RUNNING
134768,5,0.00,0.00,0.00,0,0,0,-18,-44,-20,18,44,20,RUNNING
134793,5,0.00,0.00,0.00,0,0,0,-56,-50,-6,56,50,6,RUNNING
134818,5,0.00,0.00,0.00,0,0,0,-76,-15,38,76,15,-38,RUNNING
134843,5,0.00,0.00,0.00,0,0,0,-61,17,63,61,-17,-63,RUNNING
134870,5,0.00,0.00,0.00,0,0,0,-19,28,44,19,-28,-44,RUNNING
134895,5,0.00,0.00,0.00,0,0,0,15,13,-7,-15,-13,7,RUNNING
134920,5,0.00,0.00,0.00,0,0,0,10,-25,-33,-10,25,33,RUNNING
134945,5,0.00,0.00,0.00,0,0,0,-20,-47,-12,20,47,12,RUNNING
134970,5,0.00,0.00,0.00,0,0,0,-43,-27,37,43,27,-37,RUNNING
134995,5,0.00,0.00,0.00,0,0,0,-42,8,64,42,-8,-64,RUNNING
135020,5,0.00,0.00,0.00,0,0,0,-12,30,46,12,-30,-46,RUNNING
135045,5,0.00,0.00,0.00,0,0,0,24,15,-6,-24,-15,6,RUNNING
135070,5,0.00,0.00,0.00,0,0,0,37,-31,-34,-37,31,34,RUNNING
135097,5,0.00,0.00,0.00,0,0,0,16,-71,-13,-16,71,13,RUNNING
135122,5,0.00,0.00,0.00,0,0,0,-18,-64,34,18,64,-34,RUNNING
135147,5,0.00,0.00,0.00,0,0,0,-35,-30,61,35,30,-61,RUNNING
135172,5,0.00,0.00,0.00,0,0,0,-10,1,43,10,-1,-43,RUNNING
135197,5,0.00,0.00,0.00,0,0,0,30,-1,-10,-30,1,10,RUNNING
135222,5,0.00,0.00,0.00,0,0,0,61,-35,-37,-61,35,37,RUNNING
135247,5,0.00,0.00,0.00,0,0,0,47,-75,-20,-47,75,20,RUNNING
135272,5,0.00,0.00,0.00,0,0,0,7,-80,26,-7,80,-26,RUNNING
135297,5,0.00,0.00,0.00,0,0,0,-27,-55,52,27,55,-52,RUNNING
135324,5,0.00,0.00,0.00,0,0,0,-18,-21,28,18,21,-28,RUNNING
135349,5,0.00,0.00,0.00,0,0,0,13,-18,-24,-13,18,24,RUNNING
135374,5,0.00,0.00,0.00,0,0,0,43,-43,-45,-43,43,45,RUNNING
135399,5,0.00,0.00,0.00,0,0,0,39,-85,-26,-39,85,26,RUNNING
135424,5,0.00,0.00,0.00,0,0,0,0,-92,21,0,92,-21,RUNNING
135449,5,0.00,0.00,0.00,0,0,0,-34,-66,45,34,66,-45,RUNNING
135474,5,0.00,0.00,0.00,0,0,0,-35,-23,26,35,23,-26,RUNNING
135499,5,0.00,0.00,0.00,0,0,0,-4,-11,-25,4,11,25,RUNNING
135526,5,0.00,0.00,0.00,0,0,0,34,-39,-48,-34,39,48,RUNNING
135551,5,0.00,0.00,0.00,0,0,0,49,-85,-31,-49,85,31,RUNNING
135576,5,0.00,0.00,0.00,0,0,0,25,-100,13,-25,100,-13,RUNNING
135601,5,0.00,0.00,0.00,0,0,0,-17,-80,42,17,80,-42,RUNNING
135626,5,0.00,0.00,0.00,0,0,0,-46,-31,24,46,31,-24,RUNNING
135651,5,0.00,0.00,0.00,0,0,0,-28,-1,-25,28,1,25,RUNNING
135676,5,0.00,0.00,0.00,0,0,0,6,-2,-48,-6,2,48,RUNNING
135701,5,0.00,0.00,0.00,0,0,0,35,-32,-34,-35,32,34,RUNNING
135726,5,0.00,0.00,0.00,0,0,0,27,-64,13,-27,64,-13,RUNNING
135753,5,0.00,0.00,0.00,0,0,0,-13,-61,47,13,61,-47,RUNNING
135778,5,0.00,0.00,0.00,0,0,0,-48,-34,33,48,34,-33,RUNNING
135803,5,0.00,0.00,0.00,0,0,0,-49,-3,-13,49,3,13,RUNNING
135828,5,0.00,0.00,0.00,0,0,0,-21,-12,-42,21,12,42,RUNNING
135853,5,0.00,0.00,0.00,0,0,0,14,-49,-33,-14,49,33,RUNNING
135878,5,0.00,0.00,0.00,0,0,0,28,-81,10,-28,81,-10,RUNNING
135903,5,0.00,0.00,0.00,0,0,0,5,-76,44,-5,76,-44,RUNNING
135928,5,0.00,0.00,0.00,0,0,0,-33,-40,39,33,40,-39,RUNNING
135953,5,0.00,0.00,0.00,0,0,0,-55,-9,-2,55,9,2,RUNNING
135980,5,0.00,0.00,0.00,0,0,0,-35,-7,-42,35,7,42,RUNNING
136005,5,0.00,0.00,0.00,0,0,0,6,-36,-40,-6,36,40,RUNNING
136030,5,0.00,0.00,0.00,0,0,0,33,-77,-3,-33,77,3,RUNNING
136055,5,0.00,0.00,0.00,0,0,0,15,-88,42,-15,88,-42,RUNNING
136080,5,0.00,0.00,0.00,0,0,0,-25,-61,55,25,61,-55,RUNNING
136105,5,0.00,0.00,0.00,0,0,0,-57,-19,23,57,19,-23,RUNNING
136130,5,0.00,0.00,0.00,0,0,0,-51,-5,-30,51,5,30,RUNNING
136155,5,0.00,0.00,0.00,0,0,0,-21,-16,-50,21,16,50,RUNNING
136180,5,0.00,0.00,0.00,0,0,0,7,-51,-33,-7,51,33,RUNNING
136207,5,0.00,0.00,0.00,0,0,0,7,-83,25,-7,83,-25,RUNNING
136232,5,0.00,0.00,0.00,0,0,0,-20,-67,57,20,67,-57,RUNNING
136257,5,0.00,0.00,0.00,0,0,0,-54,-26,43,54,26,-43,RUNNING
136282,5,0.00,0.00,0.00,0,0,0,-69,-3,-3,69,3,3,RUNNING
136307,5,0.00,0.00,0.00,0,0,0,-48,-12,-34,48,12,34,RUNNING
136332,5,0.00,0.00,0.00,0,0,0,-7,-53,-20,7,53,20,RUNNING
136357,5,0.00,0.00,0.00,0,0,0,20,-88,26,-20,88,-26,RUNNING
136382,5,0.00,0.00,0.00,0,0,0,10,-92,57,-10,92,-57,RUNNING
136407,5,0.00,0.00,0.00,0,0,0,-25,-57,43,25,57,-43,RUNNING
136434,5,0.00,0.00,0.00,0,0,0,-52,-13,-9,52,13,9,RUNNING
136459,5,0.00,0.00,0.00,0,0,0,-48,1,-43,48,-1,43,RUNNING
136484,5,0.00,0.00,0.00,0,0,0,-12,-20,-37,12,20,37,RUNNING
136509,5,0.00,0.00,0.00,0,0,0,19,-64,5,-19,64,-5,RUNNING
136534,5,0.00,0.00,0.00,0,0,0,20,-88,44,-20,88,-44,RUNNING
136559,5,0.00,0.00,0.00,0,0,0,-9,-69,47,9,69,-47,RUNNING
136584,5,0.00,0.00,0.00,0,0,0,-43,-22,6,43,22,-6,RUNNING
136609,5,0.00,0.00,0.00,0,0,0,-56,4,-40,56,-4,40,RUNNING
136636,5,0.00,0.00,0.00,0,0,0,-35,2,-53,35,-2,53,RUNNING
136661,5,0.00,0.00,0.00,0,0,0,3,-24,-28,-3,24,28,RUNNING
136686,5,0.00,0.00,0.00,0,0,0,27,-55,21,-27,55,-21,RUNNING
136711,5,0.00,0.00,0.00,0,0,0,6,-56,45,-6,56,-45,RUNNING
136736,5,0.00,0.00,0.00,0,0,0,-35,-18,24,35,18,-24,RUNNING
136761,5,0.00,0.00,0.00,0,0,0,-59,20,-24,59,-20,24,RUNNING
136786,5,0.00,0.00,0.00,0,0,0,-43,31,-48,43,-31,48,RUNNING
136811,5,0.00,0.00,0.00,0,0,0,-9,25,-34,9,-25,34,RUNNING
136836,5,0.00,0.00,0.00,0,0,0,21,-13,12,-21,13,-12,RUNNING
136863,5,0.00,0.00,0.00,0,0,0,7,-40,44,-7,40,-44,RUNNING
136888,5,0.00,0.00,0.00,0,0,0,-30,-34,26,30,34,-26,RUNNING
136913,5,0.00,0.00,0.00,0,0,0,-62,-9,-21,62,9,21,RUNNING
136938,5,0.00,0.00,0.00,0,0,0,-59,9,-45,59,-9,45,RUNNING
136963,5,0.00,0.00,0.00,0,0,0,-30,-3,-29,30,3,29,RUNNING
136988,5,0.00,0.00,0.00,0,0,0,-1,-39,19,1,39,-19,RUNNING
137013,5,0.00,0.00,0.00,0,0,0,-2,-74,49,2,74,-49,RUNNING
137038,5,0.00,0.00,0.00,0,0,0,-27,-72,33,27,72,-33,RUNNING
137063,5,0.00,0.00,0.00,0,0,0,-55,-40,-15,55,40,15,RUNNING
137090,5,0.00,0.00,0.00,0,0,0,-52,2,-43,52,-2,43,RUNNING
137115,5,0.00,0.00,0.00,0,0,0,-20,10,-29,20,-10,29,RUNNING
137140,5,0.00,0.00,0.00,0,0,0,7,-14,16,-7,14,-16,RUNNING
137165,5,0.00,0.00,0.00,0,0,0,7,-57,47,-7,57,-47,RUNNING
137190,5,0.00,0.00,0.00,0,0,0,-25,-72,34,25,72,-34,RUNNING
137215,5,0.00,0.00,0.00,0,0,0,-58,-48,-13,58,48,13,RUNNING
137240,5,0.00,0.00,0.00,0,0,0,-74,-2,-43,74,2,43,RUNNING
137265,5,0.00,0.00,0.00,0,0,0,-54,23,-34,54,-23,34,RUNNING
137290,5,0.00,0.00,0.00,0,0,0,-15,18,8,15,-18,-8,RUNNING
137317,5,0.00,0.00,0.00,0,0,0,12,-19,44,-12,19,-44,RUNNING
137342,5,0.00,0.00,0.00,0,0,0,6,-55,37,-6,55,-37,RUNNING
137367,5,0.00,0.00,0.00,0,0,0,-33,-59,-4,33,59,4,RUNNING
137392,5,0.00,0.00,0.00,0,0,0,-65,-37,-37,65,37,37,RUNNING
137417,5,0.00,0.00,0.00,0,0,0,-66,-7,-34,66,7,34,RUNNING
137442,5,0.00,0.00,0.00,0,0,0,-37,-7,7,37,7,-7,RUNNING
137467,5,0.00,0.00,0.00,0,0,0,-1,-33,45,1,33,-45,RUNNING
137492,5,0.00,0.00,0.00,0,0,0,8,-68,43,-8,68,-43,RUNNING
137517,5,0.00,0.00,0.00,0,0,0,-16,-72,2,16,72,-2,RUNNING
137544,5,0.00,0.00,0.00,0,0,0,-51,-28,-35,51,28,35,RUNNING
137569,5,0.00,0.00,0.00,0,0,0,-69,15,-33,69,-15,33,RUNNING
137594,5,0.00,0.00,0.00,0,0,0,-49,27,3,49,-27,-3,RUNNING
137619,5,0.00,0.00,0.00,0,0,0,-10,4,39,10,-4,-39,RUNNING
137644,5,0.00,0.00,0.00,0,0,0,18,-35,35,-18,35,-35,RUNNING
137669,5,0.00,0.00,0.00,0,0,0,5,-57,-6,-5,57,6,RUNNING
137822,5,0.00,0.00,0.00,0,0,0,-374,262,-45,374,-262,45,RUNNING
137847,5,0.00,0.00,0.00,0,0,0,-447,320,-34,447,-320,34,RUNNING
137872,5,0.00,0.00,0.00,0,0,0,-473,351,0,473,-351,0,RUNNING
137899,5,0.00,0.00,0.00,0,0,0,-455,338,27,455,-338,-27,RUNNING
137924,5,0.00,0.00,0.00,0,0,0,-413,306,10,413,-306,-10,RUNNING
137949,5,0.00,0.00,0.00,0,0,0,-362,268,-36,362,-268,36,RUNNING
137974,5,0.00,0.00,0.00,0,0,0,-346,256,-60,346,-256,60,RUNNING
137999,5,0.00,0.00,0.00,0,0,0,-371,277,-44,371,-277,44,RUNNING
138132,5,0.00,0.00,0.00,0,0,0,-523,379,311,523,-379,-311,RUNNING
138157,5,0.00,0.00,0.00,0,0,0,-530,376,370,530,-376,-370,RUNNING
138182,5,0.00,0.00,0.00,0,0,0,-503,345,386,503,-345,-386,RUNNING
138220,5,0.00,0.00,0.00,0,0,0,-425,288,330,425,-288,-330,RUNNING
138245,5,0.00,0.00,0.00,0,0,0,-367,251,272,367,-251,-272,RUNNING
138270,5,0.00,0.00,0.00,0,0,0,-344,249,233,344,-249,-233,RUNNING
138295,5,0.00,0.00,0.00,0,0,0,-360,270,242,360,-270,-242,RUNNING
138427,5,0.00,0.00,0.00,0,0,0,-535,204,573,535,-204,-573,RUNNING
138452,5,0.00,0.00,0.00,0,0,0,-546,165,612,546,-165,-612,RUNNING
138477,5,0.00,0.00,0.00,0,0,0,-521,143,594,521,-143,-594,RUNNING
138502,5,0.00,0.00,0.00,0,0,0,-480,160,514,480,-160,-514,RUNNING
138529,5,0.00,0.00,0.00,0,0,0,-441,207,452,441,-207,-452,RUNNING
138554,5,0.00,0.00,0.00,0,0,0,-434,221,433,434,-221,-433,RUNNING
138579,5,0.00,0.00,0.00,0,0,0,-461,206,452,461,-206,-452,RUNNING
138604,5,0.00,0.00,0.00,0,0,0,-478,159,488,478,-159,-488,RUNNING
138739,5,0.00,0.00,0.00,0,0,0,-197,122,239,197,-122,-239,RUNNING
138764,5,0.00,0.00,0.00,0,0,0,-112,134,159,112,-134,-159,RUNNING
138789,5,0.00,0.00,0.00,0,0,0,-64,162,110,64,-162,-110,RUNNING
138816,5,0.00,0.00,0.00,0,0,0,-63,174,103,63,-174,-103,RUNNING
138841,5,0.00,0.00,0.00,0,0,0,-91,142,132,91,-142,-132,RUNNING
138866,5,0.00,0.00,0.00,0,0,0,-124,94,171,124,-94,-171,RUNNING
138891,5,0.00,0.00,0.00,0,0,0,-122,73,184,122,-73,-184,RUNNING
138915,5,0.00,0.00,0.00,0,0,0,-96,77,165,96,-77,-165,RUNNING
138939,5,0.00,0.00,0.00,0,0,0,-61,105,121,61,-105,-121,RUNNING
138964,5,0.00,0.00,0.00,0,0,0,-48,132,92,48,-132,-92,RUNNING
138989,5,0.00,0.00,0.00,0,0,0,-70,125,101,70,-125,-101,RUNNING
139013,5,0.00,0.00,0.00,0,0,0,-104,93,136,104,-93,-136,RUNNING
139040,5,0.00,0.00,0.00,0,0,0,-120,64,156,120,-64,-156,RUNNING
139065,5,0.00,0.00,0.00,0,0,0,-98,61,143,98,-61,-143,RUNNING
139090,5,0.00,0.00,0.00,0,0,0,-55,88,105,55,-88,-105,RUNNING
139114,5,0.00,0.00,0.00,0,0,0,-26,112,74,26,-112,-74,RUNNING
139139,5,0.00,0.00,0.00,0,0,0,-41,112,73,41,-112,-73,RUNNING
139164,5,0.00,0.00,0.00,0,0,0,-76,82,106,76,-82,-106,RUNNING
139189,5,0.00,0.00,0.00,0,0,0,-100,47,134,100,-47,-134,RUNNING
139214,5,0.00,0.00,0.00,0,0,0,-81,33,131,81,-33,-131,RUNNING
139241,5,0.00,0.00,0.00,0,0,0,-39,58,94,39,-58,-94,RUNNING
139265,5,0.00,0.00,0.00,0,0,0,-9,92,53,9,-92,-53,RUNNING
139290,5,0.00,0.00,0.00,0,0,0,-22,103,39,22,-103,-39,RUNNING
139315,5,0.00,0.00,0.00,0,0,0,-56,87,56,56,-87,-56,RUNNING
139339,5,0.00,0.00,0.00,0,0,0,-79,50,89,79,-50,-89,RUNNING
139363,5,0.00,0.00,0.00,0,0,0,-65,24,107,65,-24,-107,RUNNING
139388,5,0.00,0.00,0.00,0,0,0,-31,30,86,31,-30,-86,RUNNING
139413,5,0.00,0.00,0.00,0,0,0,0,56,39,0,-56,-39,RUNNING
139437,5,0.00,0.00,0.00,0,0,0,-10,80,10,10,-80,-10,RUNNING
139464,5,0.00,0.00,0.00,0,0,0,-48,73,28,48,-73,-28,RUNNING
139488,5,0.00,0.00,0.00,0,0,0,-74,41,71,74,-41,-71,RUNNING
139513,5,0.00,0.00,0.00,0,0,0,-69,6,91,69,-6,-91,RUNNING
139537,5,0.00,0.00,0.00,0,0,0,-39,5,75,39,-5,-75,RUNNING
139561,5,0.00,0.00,0.00,0,0,0,-5,30,32,5,-30,-32,RUNNING
139585,5,0.00,0.00,0.00,0,0,0,-5,51,0,5,-51,0,RUNNING
139610,5,0.00,0.00,0.00,0,0,0,-33,53,6,33,-53,-6,RUNNING
139634,5,0.00,0.00,0.00,0,0,0,-61,23,43,61,-23,-43,RUNNING
139658,5,0.00,0.00,0.00,0,0,0,-61,-20,73,61,20,-73,RUNNING
139685,5,0.00,0.00,0.00,0,0,0,-29,-32,70,29,32,-70,RUNNING
139710,5,0.00,0.00,0.00,0,0,0,4,-5,33,-4,5,-33,RUNNING
139734,5,0.00,0.00,0.00,0,0,0,20,29,-17,-20,-29,17,RUNNING
139758,5,0.00,0.00,0.00,0,0,0,-2,47,-36,2,-47,36,RUNNING
139782,5,0.00,0.00,0.00,0,0,0,-41,30,-11,41,-30,11,RUNNING
139806,5,0.00,0.00,0.00,0,0,0,-66,-13,36,66,13,-36,RUNNING
139831,5,0.00,0.00,0.00,0,0,0,-60,-46,57,60,46,-57,RUNNING
139855,5,0.00,0.00,0.00,0,0,0,-38,-50,45,38,50,-45,RUNNING
139882,5,0.00,0.00,0.00,0,0,0,-7,-12,-5,7,12,5,RUNNING
139906,5,0.00,0.00,0.00,0,0,0,-14,25,-43,14,-25,43,RUNNING
139931,5,0.00,0.00,0.00,0,0,0,-46,39,-40,46,-39,40,RUNNING
139955,5,0.00,0.00,0.00,0,0,0,-71,26,1,71,-26,-1,RUNNING
139979,5,0.00,0.00,0.00,0,0,0,-70,-18,38,70,18,-38,RUNNING
140003,5,0.00,0.00,0.00,0,0,0,-44,-40,39,44,40,-39,RUNNING
140027,5,0.00,0.00,0.00,0,0,0,-11,-42,3,11,42,-3,RUNNING
140051,5,0.00,0.00,0.00,0,0,0,-4,-8,-43,4,8,43,RUNNING
140075,5,0.00,0.00,0.00,0,0,0,-25,34,-58,25,-34,58,RUNNING
140102,5,0.00,0.00,0.00,0,0,0,-62,46,-32,62,-46,32,RUNNING
140127,5,0.00,0.00,0.00,0,0,0,-74,17,19,74,-17,-19,RUNNING
140152,5,0.00,0.00,0.00,0,0,0,-50,-24,41,50,24,-41,RUNNING
140176,5,0.00,0.00,0.00,0,0,0,-13,-48,27,13,48,-27,RUNNING
140200,5,0.00,0.00,0.00,0,0,0,10,-38,-19,-10,38,19,RUNNING
140225,5,0.00,0.00,0.00,0,0,0,-5,3,-52,5,-3,52,RUNNING
140250,5,0.00,0.00,0.00,0,0,0,-42,28,-42,42,-28,42,RUNNING
140275,5,0.00,0.00,0.00,0,0,0,-77,36,3,77,-36,-3,RUNNING
140299,5,0.00,0.00,0.00,0,0,0,-76,13,36,76,-13,-36,RUNNING
140326,5,0.00,0.00,0.00,0,0,0,-44,-26,29,44,26,-29,RUNNING
140351,5,0.00,0.00,0.00,0,0,0,-6,-40,-16,6,40,16,RUNNING
140375,5,0.00,0.00,0.00,0,0,0,4,-15,-52,-4,15,52,RUNNING
140399,5,0.00,0.00,0.00,0,0,0,-18,26,-54,18,-26,54,RUNNING
140423,5,0.00,0.00,0.00,0,0,0,-51,40,-23,51,-40,23,RUNNING
140448,5,0.00,0.00,0.00,0,0,0,-67,30,24,67,-30,-24,RUNNING
140472,5,0.00,0.00,0.00,0,0,0,-44,-3,34,44,3,-34,RUNNING
140496,5,0.00,0.00,0.00,0,0,0,-7,-27,3,7,27,-3,RUNNING
140520,5,0.00,0.00,0.00,0,0,0,21,-29,-44,-21,29,44,RUNNING
140547,5,0.00,0.00,0.00,0,0,0,12,2,-65,-12,-2,65,RUNNING
140571,5,0.00,0.00,0.00,0,0,0,-23,37,-38,23,-37,38,RUNNING
140595,5,0.00,0.00,0.00,0,0,0,-53,51,14,53,-51,-14,RUNNING
140619,5,0.00,0.00,0.00,0,0,0,-50,34,42,50,-34,-42,RUNNING
140643,5,0.00,0.00,0.00,0,0,0,-25,7,33,25,-7,-33,RUNNING
140668,5,0.00,0.00,0.00,0,0,0,11,-23,-14,-11,23,14,RUNNING
140692,5,0.00,0.00,0.00,0,0,0,28,-16,-51,-28,16,51,RUNNING
140716,5,0.00,0.00,0.00,0,0,0,4,19,-50,-4,-19,50,RUNNING
140740,5,0.00,0.00,0.00,0,0,0,-36,42,-11,36,-42,11,RUNNING
140767,5,0.00,0.00,0.00,0,0,0,-64,38,39,64,-38,-39,RUNNING
140792,5,0.00,0.00,0.00,0,0,0,-45,2,49,45,-2,-49,RUNNING
140816,5,0.00,0.00,0.00,0,0,0,-12,-42,27,12,42,-27,RUNNING
140840,5,0.00,0.00,0.00,0,0,0,23,-59,-19,-23,59,19,RUNNING
140864,5,0.00,0.00,0.00,0,0,0,22,-48,-40,-22,48,40,RUNNING
140888,5,0.00,0.00,0.00,0,0,0,-6,-16,-19,6,16,19,RUNNING
140912,5,0.00,0.00,0.00,0,0,0,-35,16,33,35,-16,-33,RUNNING
140936,5,0.00,0.00,0.00,0,0,0,-40,14,54,40,-14,-54,RUNNING
140963,5,0.00,0.00,0.00,0,0,0,-9,-19,36,9,19,-36,RUNNING
140987,5,0.00,0.00,0.00,0,0,0,29,-55,-14,-29,55,14,RUNNING
141011,5,0.00,0.00,0.00,0,0,0,46,-63,-47,-46,63,47,RUNNING
141035,5,0.00,0.00,0.00,0,0,0,28,-34,-38,-28,34,38,RUNNING
141060,5,0.00,0.00,0.00,0,0,0,-16,1,7,16,-1,-7,RUNNING
141085,5,0.00,0.00,0.00,0,0,0,-40,16,40,40,-16,-40,RUNNING
141109,5,0.00,0.00,0.00,0,0,0,-35,7,38,35,-7,-38,RUNNING
141359,5,0.00,0.00,0.00,0,0,0,-263,-659,-655,263,659,655,RUNNING
141672,5,0.00,0.00,0.00,0,0,0,21,-1147,-1227,-21,1147,1227,RUNNING
141930,5,0.00,0.00,0.00,0,0,0,-944,-543,-598,944,543,598,RUNNING
141955,5,0.00,0.00,0.00,0,0,0,-1794,-462,-529,1794,462,529,RUNNING
141980,5,0.00,0.00,0.00,0,0,0,-2236,-409,-480,2236,409,480,RUNNING
142005,5,0.00,0.00,0.00,0,0,0,-1976,-403,-475,1976,403,475,RUNNING
142030,5,0.00,0.00,0.00,0,0,0,-1918,-432,-499,1918,432,499,RUNNING
142055,5,0.00,0.00,0.00,0,0,0,-2186,-455,-520,2186,455,520,RUNNING
142080,5,0.00,0.00,0.00,0,0,0,-2189,-446,-504,2189,446,504,RUNNING
142105,5,0.00,0.00,0.00,0,0,0,-2153,-409,-462,2153,409,462,RUNNING
142132,5,0.00,0.00,0.00,0,0,0,-2103,-362,-403,2103,362,403,RUNNING
142157,5,0.00,0.00,0.00,0,0,0,-2027,-339,-384,2027,339,384,RUNNING
142182,5,0.00,0.00,0.00,0,0,0,-1970,-348,-398,1970,348,398,RUNNING
142207,5,0.00,0.00,0.00,0,0,0,-1961,-377,-433,1961,377,433,RUNNING
142232,5,0.00,0.00,0.00,0,0,0,-1941,-386,-441,1941,386,441,RUNNING
142257,5,0.00,0.00,0.00,0,0,0,-1938,-367,-413,1938,367,413,RUNNING
142282,5,0.00,0.00,0.00,0,0,0,-1926,-318,-364,1926,318,364,RUNNING
142309,5,0.00,0.00,0.00,0,0,0,-1913,-268,-327,1913,268,327,RUNNING
142334,5,0.00,0.00,0.00,0,0,0,-1927,-262,-329,1927,262,329,RUNNING
142359,5,0.00,0.00,0.00,0,0,0,-1931,-292,-359,1931,292,359,RUNNING
142384,5,0.00,0.00,0.00,0,0,0,-1886,-323,-378,1886,323,378,RUNNING
142409,5,0.00,0.00,0.00,0,0,0,-1828,-324,-359,1828,324,359,RUNNING
142434,5,0.00,0.00,0.00,0,0,0,-1681,-289,-315,1681,289,315,RUNNING
142459,5,0.00,0.00,0.00,0,0,0,-1551,-234,-274,1551,234,274,RUNNING
142484,5,0.00,0.00,0.00,0,0,0,-1506,-204,-266,1506,204,266,RUNNING
142511,5,0.00,0.00,0.00,0,0,0,-1475,-218,-288,1475,218,288,RUNNING
142536,5,0.00,0.00,0.00,0,0,0,-1470,-263,-319,1470,263,319,RUNNING
142561,5,0.00,0.00,0.00,0,0,0,-1505,-287,-325,1505,287,325,RUNNING
142586,5,0.00,0.00,0.00,0,0,0,-1581,-278,-288,1581,278,288,RUNNING
142611,5,0.00,0.00,0.00,0,0,0,-1554,-234,-230,1554,234,230,RUNNING
142636,5,0.00,0.00,0.00,0,0,0,-1550,-180,-194,1550,180,194,RUNNING
142661,5,0.00,0.00,0.00,0,0,0,-3111,-165,-200,3111,165,200,RUNNING
142686,5,0.00,0.00,0.00,0,0,0,-3116,-185,-209,3116,185,209,RUNNING
142713,5,0.00,0.00,0.00,0,0,0,-3056,-229,-226,3056,229,226,RUNNING
142738,5,0.00,0.00,0.00,0,0,0,-2984,-244,-226,2984,244,226,RUNNING
142763,5,0.00,0.00,0.00,0,0,0,-976,-219,-207,976,219,207,RUNNING
142788,5,0.00,0.00,0.00,0,0,0,-821,-165,-149,821,165,149,RUNNING
142813,5,0.00,0.00,0.00,0,0,0,-777,-132,-109,777,132,109,RUNNING
142838,5,0.00,0.00,0.00,0,0,0,-772,-141,-109,772,141,109,RUNNING
142863,5,0.00,0.00,0.00,0,0,0,-804,-180,-125,804,180,125,RUNNING
142890,5,0.00,0.00,0.00,0,0,0,-806,-208,-144,806,208,144,RUNNING
142915,5,0.00,0.00,0.00,0,0,0,-772,-194,-148,772,194,148,RUNNING
142940,5,0.00,0.00,0.00,0,0,0,-677,-150,-129,677,150,129,RUNNING
142965,5,0.00,0.00,0.00,0,0,0,-532,-110,-79,532,110,79,RUNNING
142990,5,0.00,0.00,0.00,0,0,0,-604,-103,-43,604,103,43,RUNNING
143015,5,0.00,0.00,0.00,0,0,0,-678,-140,-53,678,140,53,RUNNING
143040,5,0.00,0.00,0.00,0,0,0,-687,-181,-91,687,181,91,RUNNING
143065,5,0.00,0.00,0.00,0,0,0,-647,-196,-118,647,196,118,RUNNING
143092,5,0.00,0.00,0.00,0,0,0,-353,-170,-102,353,170,102,RUNNING
143117,5,0.00,0.00,0.00,0,0,0,-306,-117,-54,306,117,54,RUNNING
143142,5,0.00,0.00,0.00,0,0,0,-521,-90,-16,521,90,16,RUNNING
143167,5,0.00,0.00,0.00,0,0,0,-642,-99,-23,642,99,23,RUNNING
143192,5,0.00,0.00,0.00,0,0,0,-654,-141,-62,654,141,62,RUNNING
143217,5,0.00,0.00,0.00,0,0,0,-606,-165,-89,606,165,89,RUNNING
143242,5,0.00,0.00,0.00,0,0,0,-497,-152,-79,497,152,79,RUNNING
143267,5,0.00,0.00,0.00,0,0,0,-448,-111,-35,448,111,35,RUNNING
143292,5,0.00,0.00,0.00,0,0,0,-574,-74,10,574,74,-10,RUNNING
143319,5,0.00,0.00,0.00,0,0,0,-656,-70,9,656,70,-9,RUNNING
143344,5,0.00,0.00,0.00,0,0,0,-680,-111,-34,680,111,34,RUNNING
143369,5,0.00,0.00,0.00,0,0,0,-664,-148,-70,664,148,70,RUNNING
143394,5,0.00,0.00,0.00,0,0,0,-635,-148,-71,635,148,71,RUNNING
143419,5,0.00,0.00,0.00,0,0,0,-514,-116,-33,514,116,33,RUNNING
143444,5,0.00,0.00,0.00,0,0,0,233,-74,18,-233,74,-18,RUNNING
143469,5,0.00,0.00,0.00,0,0,0,-226,-59,33,226,59,-33,RUNNING
143494,5,0.00,0.00,0.00,0,0,0,-502,-80,7,502,80,-7,RUNNING
143521,5,0.00,0.00,0.00,0,0,0,-525,-126,-45,525,126,45,RUNNING
143546,5,0.00,0.00,0.00,0,0,0,-422,-145,-70,422,145,70,RUNNING
143571,5,0.00,0.00,0.00,0,0,0,313,-126,-46,-313,126,46,RUNNING
143596,5,0.00,0.00,0.00,0,0,0,114,-80,7,-114,80,-7,RUNNING
143621,5,0.00,0.00,0.00,0,0,0,-375,-47,35,375,47,-35,RUNNING
143646,5,0.00,0.00,0.00,0,0,0,-438,-52,15,438,52,-15,RUNNING
143671,5,0.00,0.00,0.00,0,0,0,-285,-96,-35,285,96,35,RUNNING
143696,5,0.00,0.00,0.00,0,0,0,421,-126,-59,-421,126,59,RUNNING
143723,5,0.00,0.00,0.00,0,0,0,52,-120,-38,-52,120,38,RUNNING
143748,5,0.00,0.00,0.00,0,0,0,-367,-87,16,367,87,-16,RUNNING
143773,5,0.00,0.00,0.00,0,0,0,-419,-38,42,419,38,-42,RUNNING
143798,5,0.00,0.00,0.00,0,0,0,-304,-24,24,304,24,-24,RUNNING
143823,5,0.00,0.00,0.00,0,0,0,217,-39,-28,-217,39,28,RUNNING
143848,5,0.00,0.00,0.00,0,0,0,39,-78,-52,-39,78,52,RUNNING
143873,5,0.00,0.00,0.00,0,0,0,-326,-90,-34,326,90,34,RUNNING
143898,5,0.00,0.00,0.00,0,0,0,-375,-78,16,375,78,-16,RUNNING
143923,5,0.00,0.00,0.00,0,0,0,-293,-38,44,293,38,-44,RUNNING
143950,5,0.00,0.00,0.00,0,0,0,147,-8,30,-147,8,-30,RUNNING
143975,5,0.00,0.00,0.00,0,0,0,1,-18,-20,-1,18,20,RUNNING
144000,5,0.00,0.00,0.00,0,0,0,-273,-55,-46,273,55,46,RUNNING
144025,5,0.00,0.00,0.00,0,0,0,-355,-98,-31,355,98,31,RUNNING
144050,5,0.00,0.00,0.00,0,0,0,-331,-101,21,331,101,-21,RUNNING
144075,5,0.00,0.00,0.00,0,0,0,-133,-65,49,133,65,-49,RUNNING
144100,5,0.00,0.00,0.00,0,0,0,-8,-19,38,8,19,-38,RUNNING
144125,5,0.00,0.00,0.00,0,0,0,-175,-8,-7,175,8,7,RUNNING
144152,5,0.00,0.00,0.00,0,0,0,-349,-30,-40,349,30,40,RUNNING
144177,5,0.00,0.00,0.00,0,0,0,-388,-70,-27,388,70,27,RUNNING
144202,5,0.00,0.00,0.00,0,0,0,-356,-91,22,356,91,-22,RUNNING
144227,5,0.00,0.00,0.00,0,0,0,-243,-72,51,243,72,-51,RUNNING
144252,5,0.00,0.00,0.00,0,0,0,-130,-35,46,130,35,-46,RUNNING
144277,5,0.00,0.00,0.00,0,0,0,-229,-17,5,229,17,-5,RUNNING
144302,5,0.00,0.00,0.00,0,0,0,-358,-27,-35,358,27,35,RUNNING
144327,5,0.00,0.00,0.00,0,0,0,-393,-61,-34,393,61,34,RUNNING
144352,5,0.00,0.00,0.00,0,0,0,-376,-100,8,376,100,-8,RUNNING
144379,5,0.00,0.00,0.00,0,0,0,-342,-94,56,342,94,-56,RUNNING
144404,5,0.00,0.00,0.00,0,0,0,-207,-53,68,207,53,-68,RUNNING
144429,5,0.00,0.00,0.00,0,0,0,-166,-12,43,166,12,-43,RUNNING
144454,5,0.00,0.00,0.00,0,0,0,-302,0,-4,302,0,4,RUNNING
144479,5,0.00,0.00,0.00,0,0,0,-395,-20,-26,395,20,26,RUNNING
144504,5,0.00,0.00,0.00,0,0,0,-420,-60,2,420,60,-2,RUNNING
144529,5,0.00,0.00,0.00,0,0,0,-399,-81,50,399,81,-50,RUNNING
144554,5,0.00,0.00,0.00,0,0,0,-366,-63,73,366,63,-73,RUNNING
144581,5,0.00,0.00,0.00,0,0,0,-279,-18,51,279,18,-51,RUNNING
144606,5,0.00,0.00,0.00,0,0,0,-269,11,0,269,-11,0,RUNNING
144631,5,0.00,0.00,0.00,0,0,0,-352,9,-33,352,-9,33,RUNNING
144656,5,0.00,0.00,0.00,0,0,0,-394,-19,-14,394,19,14,RUNNING
144681,5,0.00,0.00,0.00,0,0,0,-378,-52,35,378,52,-35,RUNNING
144706,5,0.00,0.00,0.00,0,0,0,-334,-54,57,334,54,-57,RUNNING
144731,5,0.00,0.00,0.00,0,0,0,-197,-22,43,197,22,-43,RUNNING
144756,5,0.00,0.00,0.00,0,0,0,-181,23,-4,181,-23,4,RUNNING
144781,5,0.00,0.00,0.00,0,0,0,-312,29,-38,312,-29,38,RUNNING
144808,5,0.00,0.00,0.00,0,0,0,-393,9,-23,393,-9,23,RUNNING
144833,5,0.00,0.00,0.00,0,0,0,-400,-23,28,400,23,-28,RUNNING
144858,5,0.00,0.00,0.00,0,0,0,-363,-38,54,363,38,-54,RUNNING
144883,5,0.00,0.00,0.00,0,0,0,-286,-11,45,286,11,-45,RUNNING
144932,5,0.00,0.00,0.00,0,0,0,-248,78,-46,248,-78,46,RUNNING
145033,5,0.00,0.00,0.00,0,0,0,-562,76,-120,562,-76,120,RUNNING
145180,5,0.00,0.00,0.00,0,0,0,-678,-350,219,678,350,-219,RUNNING
145370,5,0.00,0.00,0.00,0,0,0,215,-685,755,-215,685,-755,RUNNING
145397,5,0.00,0.00,0.00,0,0,0,80,-691,765,-80,691,-765,RUNNING
145422,5,0.00,0.00,0.00,0,0,0,56,-670,767,-56,670,-767,RUNNING
145447,5,0.00,0.00,0.00,0,0,0,55,-625,726,-55,625,-726,RUNNING
145472,5,0.00,0.00,0.00,0,0,0,79,-585,668,-79,585,-668,RUNNING
145497,5,0.00,0.00,0.00,0,0,0,70,-564,629,-70,564,-629,RUNNING
145522,5,0.00,0.00,0.00,0,0,0,41,-566,628,-41,566,-628,RUNNING
145547,5,0.00,0.00,0.00,0,0,0,28,-573,652,-28,573,-652,RUNNING
145572,5,0.00,0.00,0.00,0,0,0,40,-561,662,-40,561,-662,RUNNING
145599,5,0.00,0.00,0.00,0,0,0,43,-517,636,-43,517,-636,RUNNING
145624,5,0.00,0.00,0.00,0,0,0,62,-461,583,-62,461,-583,RUNNING
145649,5,0.00,0.00,0.00,0,0,0,56,-434,543,-56,434,-543,RUNNING
145674,5,0.00,0.00,0.00,0,0,0,49,-445,536,-49,445,-536,RUNNING
145699,5,0.00,0.00,0.00,0,0,0,34,-472,557,-34,472,-557,RUNNING
145724,5,0.00,0.00,0.00,0,0,0,35,-479,571,-35,479,-571,RUNNING
145749,5,0.00,0.00,0.00,0,0,0,48,-448,557,-48,448,-557,RUNNING
145774,5,0.00,0.00,0.00,0,0,0,60,-399,516,-60,399,-516,RUNNING
145801,5,0.00,0.00,0.00,0,0,0,61,-365,463,-61,365,-463,RUNNING
145826,5,0.00,0.00,0.00,0,0,0,58,-368,440,-58,368,-440,RUNNING
145851,5,0.00,0.00,0.00,0,0,0,45,-392,454,-45,392,-454,RUNNING
145876,5,0.00,0.00,0.00,0,0,0,32,-404,484,-32,404,-484,RUNNING
145901,5,0.00,0.00,0.00,0,0,0,36,-386,489,-36,386,-489,RUNNING
145926,5,0.00,0.00,0.00,0,0,0,55,-342,462,-55,342,-462,RUNNING
145951,5,0.00,0.00,0.00,0,0,0,63,-292,442,-63,292,-442,RUNNING
145976,5,0.00,0.00,0.00,0,0,0,57,-271,426,-57,271,-426,RUNNING
146003,5,0.00,0.00,0.00,0,0,0,46,-298,416,-46,298,-416,RUNNING
146028,5,0.00,0.00,0.00,0,0,0,34,-336,406,-34,336,-406,RUNNING
146052,5,0.00,0.00,0.00,0,0,0,41,-349,394,-41,349,-394,RUNNING
146076,5,0.00,0.00,0.00,0,0,0,57,-325,377,-57,325,-377,RUNNING
146100,5,0.00,0.00,0.00,0,0,0,62,-276,362,-62,276,-362,RUNNING
146125,5,0.00,0.00,0.00,0,0,0,55,-239,353,-55,239,-353,RUNNING
146149,5,0.00,0.00,0.00,0,0,0,45,-234,351,-45,234,-351,RUNNING
146173,5,0.00,0.00,0.00,0,0,0,38,-269,349,-38,269,-349,RUNNING
146200,5,0.00,0.00,0.00,0,0,0,45,-306,333,-45,306,-333,RUNNING
146225,5,0.00,0.00,0.00,0,0,0,58,-299,306,-58,299,-306,RUNNING
146250,5,0.00,0.00,0.00,0,0,0,61,-256,283,-61,256,-283,RUNNING
146275,5,0.00,0.00,0.00,0,0,0,55,-205,280,-55,205,-280,RUNNING
146300,5,0.00,0.00,0.00,0,0,0,44,-183,281,-44,183,-281,RUNNING
146325,5,0.00,0.00,0.00,0,0,0,35,-204,280,-35,204,-280,RUNNING
146350,5,0.00,0.00,0.00,0,0,0,43,-249,280,-43,249,-280,RUNNING
146375,5,0.00,0.00,0.00,0,0,0,57,-264,280,-57,264,-280,RUNNING
146400,5,0.00,0.00,0.00,0,0,0,62,-243,251,-62,243,-251,RUNNING
146427,5,0.00,0.00,0.00,0,0,0,57,-184,211,-57,184,-211,RUNNING
146452,5,0.00,0.00,0.00,0,0,0,45,-143,195,-45,143,-195,RUNNING
146477,5,0.00,0.00,0.00,0,0,0,33,-133,197,-33,133,-197,RUNNING
146502,5,0.00,0.00,0.00,0,0,0,39,-166,197,-39,166,-197,RUNNING
146527,5,0.00,0.00,0.00,0,0,0,57,-209,211,-57,209,-211,RUNNING
146552,5,0.00,0.00,0.00,0,0,0,64,-221,210,-64,221,-210,RUNNING
146577,5,0.00,0.00,0.00,0,0,0,59,-196,209,-59,196,-209,RUNNING
146602,5,0.00,0.00,0.00,0,0,0,48,-146,203,-48,146,-203,RUNNING
146629,5,0.00,0.00,0.00,0,0,0,37,-114,167,-37,114,-167,RUNNING
146654,5,0.00,0.00,0.00,0,0,0,42,-124,132,-42,124,-132,RUNNING
146679,5,0.00,0.00,0.00,0,0,0,57,-166,125,-57,166,-125,RUNNING
146704,5,0.00,0.00,0.00,0,0,0,62,-191,136,-62,191,-136,RUNNING
146729,5,0.00,0.00,0.00,0,0,0,58,-170,139,-58,170,-139,RUNNING
146754,5,0.00,0.00,0.00,0,0,0,49,-125,146,-49,125,-146,RUNNING
146779,5,0.00,0.00,0.00,0,0,0,38,-95,146,-38,95,-146,RUNNING
146804,5,0.00,0.00,0.00,0,0,0,41,-100,146,-41,100,-146,RUNNING
146831,5,0.00,0.00,0.00,0,0,0,53,-142,124,-53,142,-124,RUNNING
146856,5,0.00,0.00,0.00,0,0,0,61,-178,95,-61,178,-95,RUNNING
146881,5,0.00,0.00,0.00,0,0,0,60,-167,88,-60,167,-88,RUNNING
146906,5,0.00,0.00,0.00,0,0,0,53,-128,98,-53,128,-98,RUNNING
146931,5,0.00,0.00,0.00,0,0,0,45,-95,101,-45,95,-101,RUNNING
146956,5,0.00,0.00,0.00,0,0,0,46,-94,107,-46,94,-107,RUNNING
146981,5,0.00,0.00,0.00,0,0,0,53,-126,107,-53,126,-107,RUNNING
147006,5,0.00,0.00,0.00,0,0,0,59,-159,107,-59,159,-107,RUNNING
147033,5,0.00,0.00,0.00,0,0,0,62,-155,104,-62,155,-104,RUNNING
147058,5,0.00,0.00,0.00,0,0,0,60,-114,81,-60,114,-81,RUNNING
147083,5,0.00,0.00,0.00,0,0,0,54,-64,55,-54,64,-55,RUNNING
147108,5,0.00,0.00,0.00,0,0,0,50,-49,53,-50,49,-53,RUNNING
147133,5,0.00,0.00,0.00,0,0,0,52,-69,59,-52,69,-59,RUNNING
147158,5,0.00,0.00,0.00,0,0,0,56,-112,67,-56,112,-67,RUNNING
147183,5,0.00,0.00,0.00,0,0,0,56,-128,72,-56,128,-72,RUNNING
147208,5,0.00,0.00,0.00,0,0,0,55,-103,72,-55,103,-72,RUNNING
147233,5,0.00,0.00,0.00,0,0,0,52,-50,72,-52,50,-72,RUNNING
147260,5,0.00,0.00,0.00,0,0,0,53,-24,66,-53,24,-66,RUNNING
147285,5,0.00,0.00,0.00,0,0,0,55,-42,45,-55,42,-45,RUNNING
147310,5,0.00,0.00,0.00,0,0,0,57,-91,31,-57,91,-31,RUNNING
147335,5,0.00,0.00,0.00,0,0,0,54,-121,35,-54,121,-35,RUNNING
147360,5,0.00,0.00,0.00,0,0,0,53,-110,36,-53,110,-36,RUNNING
147385,5,0.00,0.00,0.00,0,0,0,50,-62,48,-50,62,-48,RUNNING
147410,5,0.00,0.00,0.00,0,0,0,51,-24,56,-51,24,-56,RUNNING
147435,5,0.00,0.00,0.00,0,0,0,52,-20,56,-52,20,-56,RUNNING
147462,5,0.00,0.00,0.00,0,0,0,53,-56,56,-53,56,-56,RUNNING
147487,5,0.00,0.00,0.00,0,0,0,53,-98,42,-53,98,-42,RUNNING
147512,5,0.00,0.00,0.00,0,0,0,51,-100,13,-51,100,-13,RUNNING
147537,5,0.00,0.00,0.00,0,0,0,50,-60,1,-50,60,-1,RUNNING
147562,5,0.00,0.00,0.00,0,0,0,51,-17,1,-51,17,-1,RUNNING
147587,5,0.00,0.00,0.00,0,0,0,53,-3,13,-53,3,-13,RUNNING
147612,5,0.00,0.00,0.00,0,0,0,54,-23,44,-54,23,-44,RUNNING
147637,5,0.00,0.00,0.00,0,0,0,52,-67,53,-52,67,-53,RUNNING
147662,5,0.00,0.00,0.00,0,0,0,47,-90,39,-47,90,-39,RUNNING
147689,5,0.00,0.00,0.00,0,0,0,44,-61,1,-44,61,-1,RUNNING
147714,5,0.00,0.00,0.00,0,0,0,47,-11,-8,-47,11,8,RUNNING
147739,5,0.00,0.00,0.00,0,0,0,52,12,-9,-52,-12,9,RUNNING
147764,5,0.00,0.00,0.00,0,0,0,52,-1,15,-52,1,-15,RUNNING
147789,5,0.00,0.00,0.00,0,0,0,49,-46,48,-49,46,-48,RUNNING
147814,5,0.00,0.00,0.00,0,0,0,47,-75,53,-47,75,-53,RUNNING
147839,5,0.00,0.00,0.00,0,0,0,49,-61,32,-49,61,-32,RUNNING
147864,5,0.00,0.00,0.00,0,0,0,50,-16,-3,-50,16,3,RUNNING
147889,5,0.00,0.00,0.00,0,0,0,48,15,-12,-48,-15,12,RUNNING
147916,5,0.00,0.00,0.00,0,0,0,45,13,5,-45,-13,-5,RUNNING
147941,5,0.00,0.00,0.00,0,0,0,45,-22,46,-45,22,-46,RUNNING
147966,5,0.00,0.00,0.00,0,0,0,48,-60,61,-48,60,-61,RUNNING
147991,5,0.00,0.00,0.00,0,0,0,51,-64,40,-51,64,-40,RUNNING
148016,5,0.00,0.00,0.00,0,0,0,50,-27,9,-50,27,-9,RUNNING
148041,5,0.00,0.00,0.00,0,0,0,45,16,-14,-45,-16,14,RUNNING
148066,5,0.00,0.00,0.00,0,0,0,42,28,-10,-42,-28,10,RUNNING
148091,5,0.00,0.00,0.00,0,0,0,44,7,36,-44,-7,-36,RUNNING
148116,5,0.00,0.00,0.00,0,0,0,49,-29,75,-49,29,-75,RUNNING
148143,5,0.00,0.00,0.00,0,0,0,49,-45,76,-49,45,-76,RUNNING
148168,5,0.00,0.00,0.00,0,0,0,45,-18,50,-45,18,-50,RUNNING
148193,5,0.00,0.00,0.00,0,0,0,42,29,12,-42,-29,-12,RUNNING
148218,5,0.00,0.00,0.00,0,0,0,43,52,-2,-43,-52,2,RUNNING
148243,5,0.00,0.00,0.00,0,0,0,46,41,11,-46,-41,-11,RUNNING
148268,5,0.00,0.00,0.00,0,0,0,51,0,54,-51,0,-54,RUNNING
148293,5,0.00,0.00,0.00,0,0,0,51,-28,79,-51,28,-79,RUNNING
148436,5,0.00,0.00,0.00,0,0,0,-13,248,-205,13,-248,205,RUNNING
148463,5,0.00,0.00,0.00,0,0,0,-24,310,-297,24,-310,297,RUNNING
148488,5,0.00,0.00,0.00,0,0,0,-9,343,-333,9,-343,333,RUNNING
148513,5,0.00,0.00,0.00,0,0,0,23,337,-331,-23,-337,331,RUNNING
148538,5,0.00,0.00,0.00,0,0,0,39,305,-315,-39,-305,315,RUNNING
148563,5,0.00,0.00,0.00,0,0,0,22,269,-300,-22,-269,300,RUNNING
148588,5,0.00,0.00,0.00,0,0,0,-24,260,-264,24,-260,264,RUNNING
148613,5,0.00,0.00,0.00,0,0,0,-41,280,-248,41,-280,248,RUNNING
148745,5,0.00,0.00,0.00,0,0,0,23,391,-468,-23,-391,468,RUNNING
148772,5,0.00,0.00,0.00,0,0,0,-9,387,-523,9,-387,523,RUNNING
148797,5,0.00,0.00,0.00,0,0,0,120,358,-534,-120,-358,534,RUNNING
148822,5,0.00,0.00,0.00,0,0,0,137,322,-523,-137,-322,523,RUNNING
148847,5,0.00,0.00,0.00,0,0,0,174,308,-502,-174,-308,502,RUNNING
148872,5,0.00,0.00,0.00,0,0,0,225,328,-467,-225,-328,467,RUNNING
148897,5,0.00,0.00,0.00,0,0,0,218,351,-419,-218,-351,419,RUNNING
148922,5,0.00,0.00,0.00,0,0,0,163,356,-397,-163,-356,397,RUNNING
149053,5,0.00,0.00,0.00,0,0,0,82,69,-602,-82,-69,602,RUNNING
149080,5,0.00,0.00,0.00,0,0,0,94,-15,-650,-94,15,650,RUNNING
149105,5,0.00,0.00,0.00,0,0,0,105,-64,-653,-105,64,653,RUNNING
149130,5,0.00,0.00,0.00,0,0,0,120,-75,-632,-120,75,632,RUNNING
149155,5,0.00,0.00,0.00,0,0,0,115,-37,-609,-115,37,609,RUNNING
149180,5,0.00,0.00,0.00,0,0,0,88,13,-580,-88,-13,580,RUNNING
149205,5,0.00,0.00,0.00,0,0,0,56,38,-543,-56,-38,543,RUNNING
149230,5,0.00,0.00,0.00,0,0,0,55,25,-516,-55,-25,516,RUNNING
149365,5,0.00,0.00,0.00,0,0,0,85,-352,-600,-85,352,600,RUNNING
149390,5,0.00,0.00,0.00,0,0,0,-164,-411,-619,164,411,619,RUNNING
149417,5,0.00,0.00,0.00,0,0,0,207,-438,-608,-207,438,608,RUNNING
149442,5,0.00,0.00,0.00,0,0,0,202,-424,-596,-202,424,596,RUNNING
149467,5,0.00,0.00,0.00,0,0,0,227,-390,-563,-227,390,563,RUNNING
149492,5,0.00,0.00,0.00,0,0,0,298,-346,-512,-298,346,512,RUNNING
149517,5,0.00,0.00,0.00,0,0,0,338,-323,-469,-338,323,469,RUNNING
149542,5,0.00,0.00,0.00,0,0,0,316,-332,-462,-316,332,462,RUNNING
149567,5,0.00,0.00,0.00,0,0,0,264,-363,-468,-264,363,468,RUNNING
149592,5,0.00,0.00,0.00,0,0,0,205,-370,-476,-205,370,476,RUNNING
149619,5,0.00,0.00,0.00,0,0,0,200,-344,-480,-200,344,480,RUNNING
149644,5,0.00,0.00,0.00,0,0,0,228,-294,-450,-228,294,450,RUNNING
149669,5,0.00,0.00,0.00,0,0,0,252,-256,-395,-252,256,395,RUNNING
149694,5,0.00,0.00,0.00,0,0,0,255,-251,-353,-255,251,353,RUNNING
149719,5,0.00,0.00,0.00,0,0,0,226,-288,-348,-226,288,348,RUNNING
149744,5,0.00,0.00,0.00,0,0,0,175,-319,-370,-175,319,370,RUNNING
149769,5,0.00,0.00,0.00,0,0,0,157,-316,-394,-157,316,394,RUNNING
149796,5,0.00,0.00,0.00,0,0,0,168,-275,-381,-168,275,381,RUNNING
149821,5,0.00,0.00,0.00,0,0,0,193,-224,-336,-193,224,336,RUNNING
149846,5,0.00,0.00,0.00,0,0,0,220,-199,-281,-220,199,281,RUNNING
149871,5,0.00,0.00,0.00,0,0,0,205,-211,-261,-205,211,261,RUNNING
149896,5,0.00,0.00,0.00,0,0,0,160,-255,-278,-160,255,278,RUNNING
149921,5,0.00,0.00,0.00,0,0,0,128,-271,-315,-128,271,315,RUNNING
149946,5,0.00,0.00,0.00,0,0,0,133,-249,-325,-133,249,325,RUNNING
149971,5,0.00,0.00,0.00,0,0,0,147,-201,-299,-147,201,299,RUNNING
149998,5,0.00,0.00,0.00,0,0,0,178,-161,-236,-178,161,236,RUNNING
150023,5,0.00,0.00,0.00,0,0,0,172,-162,-194,-172,162,194,RUNNING
150048,5,0.00,0.00,0.00,0,0,0,140,-199,-193,-140,199,193,RUNNING
150073,5,0.00,0.00,0.00,0,0,0,112,-228,-232,-112,228,232,RUNNING
150098,5,0.00,0.00,0.00,0,0,0,112,-220,-264,-112,220,264,RUNNING
150123,5,0.00,0.00,0.00,0,0,0,127,-180,-252,-127,180,252,RUNNING
150148,5,0.00,0.00,0.00,0,0,0,153,-136,-207,-153,136,207,RUNNING
150173,5,0.00,0.00,0.00,0,0,0,156,-119,-156,-156,119,156,RUNNING
150200,5,0.00,0.00,0.00,0,0,0,129,-144,-140,-129,144,140,RUNNING
150225,5,0.00,0.00,0.00,0,0,0,91,-184,-164,-91,184,164,RUNNING
150250,5,0.00,0.00,0.00,0,0,0,72,-201,-206,-72,201,206,RUNNING
150275,5,0.00,0.00,0.00,0,0,0,84,-179,-223,-84,179,223,RUNNING
150300,5,0.00,0.00,0.00,0,0,0,118,-134,-193,-118,134,193,RUNNING
150325,5,0.00,0.00,0.00,0,0,0,143,-105,-141,-143,105,141,RUNNING
150350,5,0.00,0.00,0.00,0,0,0,132,-105,-112,-132,105,112,RUNNING
150375,5,0.00,0.00,0.00,0,0,0,103,-142,-126,-103,142,126,RUNNING
150402,5,0.00,0.00,0.00,0,0,0,69,-179,-167,-69,179,167,RUNNING
150427,5,0.00,0.00,0.00,0,0,0,71,-172,-206,-71,172,206,RUNNING
150452,5,0.00,0.00,0.00,0,0,0,95,-138,-190,-95,138,190,RUNNING
150477,5,0.00,0.00,0.00,0,0,0,121,-95,-145,-121,95,145,RUNNING
150502,5,0.00,0.00,0.00,0,0,0,121,-82,-104,-121,82,104,RUNNING
150527,5,0.00,0.00,0.00,0,0,0,96,-104,-103,-96,104,103,RUNNING
150552,5,0.00,0.00,0.00,0,0,0,61,-141,-135,-61,141,135,RUNNING
150577,5,0.00,0.00,0.00,0,0,0,45,-152,-169,-45,152,169,RUNNING
150604,5,0.00,0.00,0.00,0,0,0,66,-122,-164,-66,122,164,RUNNING
150629,5,0.00,0.00,0.00,0,0,0,99,-68,-126,-99,68,126,RUNNING
150654,5,0.00,0.00,0.00,0,0,0,122,-42,-78,-122,42,78,RUNNING
150679,5,0.00,0.00,0.00,0,0,0,104,-53,-64,-104,53,64,RUNNING
150704,5,0.00,0.00,0.00,0,0,0,67,-103,-92,-67,103,92,RUNNING
150729,5,0.00,0.00,0.00,0,0,0,28,-136,-132,-28,136,132,RUNNING
150754,5,0.00,0.00,0.00,0,0,0,30,-135,-148,-30,135,148,RUNNING
150779,5,0.00,0.00,0.00,0,0,0,58,-103,-122,-58,103,122,RUNNING
150806,5,0.00,0.00,0.00,0,0,0,86,-51,-64,-86,51,64,RUNNING
150831,5,0.00,0.00,0.00,0,0,0,83,-37,-23,-83,37,23,RUNNING
150856,5,0.00,0.00,0.00,0,0,0,51,-57,-36,-51,57,36,RUNNING
150881,5,0.00,0.00,0.00,0,0,0,20,-100,-81,-20,100,81,RUNNING
150906,5,0.00,0.00,0.00,0,0,0,17,-113,-116,-17,113,116,RUNNING
150931,5,0.00,0.00,0.00,0,0,0,45,-90,-100,-45,90,100,RUNNING
150956,5,0.00,0.00,0.00,0,0,0,76,-38,-49,-76,38,49,RUNNING
150981,5,0.00,0.00,0.00,0,0,0,87,-13,-10,-87,13,10,RUNNING
151006,5,0.00,0.00,0.00,0,0,0,65,-18,-18,-65,18,18,RUNNING
151033,5,0.00,0.00,0.00,0,0,0,19,-61,-65,-19,61,65,RUNNING
151058,5,0.00,0.00,0.00,0,0,0,-10,-100,-104,10,100,104,RUNNING
151083,5,0.00,0.00,0.00,0,0,0,8,-99,-92,-8,99,92,RUNNING
151108,5,0.00,0.00,0.00,0,0,0,51,-58,-44,-51,58,44,RUNNING
151133,5,0.00,0.00,0.00,0,0,0,75,-15,-3,-75,15,3,RUNNING
151158,5,0.00,0.00,0.00,0,0,0,60,0,-3,-60,0,3,RUNNING
151183,5,0.00,0.00,0.00,0,0,0,16,-10,-39,-16,10,39,RUNNING
151208,5,0.00,0.00,0.00,0,0,0,-23,-44,-77,23,44,77,RUNNING
151233,5,0.00,0.00,0.00,0,0,0,-23,-60,-75,23,60,75,RUNNING
151260,5,0.00,0.00,0.00,0,0,0,0,-43,-27,0,43,27,RUNNING
151285,5,0.00,0.00,0.00,0,0,0,38,-1,20,-38,1,-20,RUNNING
151310,5,0.00,0.00,0.00,0,0,0,50,28,34,-50,-28,-34,RUNNING
151335,5,0.00,0.00,0.00,0,0,0,22,25,10,-22,-25,-10,RUNNING
151360,5,0.00,0.00,0.00,0,0,0,-24,-12,-32,24,12,32,RUNNING
151385,5,0.00,0.00,0.00,0,0,0,-45,-44,-59,45,44,59,RUNNING
151410,5,0.00,0.00,0.00,0,0,0,-24,-47,-31,24,47,31,RUNNING
151435,5,0.00,0.00,0.00,0,0,0,18,-16,19,-18,16,-19,RUNNING
151460,5,0.00,0.00,0.00,0,0,0,49,21,46,-49,-21,-46,RUNNING
151487,5,0.00,0.00,0.00,0,0,0,30,36,32,-30,-36,-32,RUNNING
151512,5,0.00,0.00,0.00,0,0,0,-19,25,-13,19,-25,13,RUNNING
151537,5,0.00,0.00,0.00,0,0,0,-46,-13,-47,46,13,47,RUNNING
151562,5,0.00,0.00,0.00,0,0,0,-38,-41,-27,38,41,27,RUNNING
151587,5,0.00,0.00,0.00,0,0,0,-13,-33,20,13,33,-20,RUNNING
151612,5,0.00,0.00,0.00,0,0,0,15,0,46,-15,0,-46,RUNNING
151637,5,0.00,0.00,0.00,0,0,0,7,28,34,-7,-28,-34,RUNNING
151662,5,0.00,0.00,0.00,0,0,0,-31,28,-8,31,-28,8,RUNNING
151689,5,0.00,0.00,0.00,0,0,0,-64,-1,-48,64,1,48,RUNNING
151714,5,0.00,0.00,0.00,0,0,0,-59,-26,-33,59,26,33,RUNNING
151739,5,0.00,0.00,0.00,0,0,0,-25,-26,11,25,26,-11,RUNNING
151764,5,0.00,0.00,0.00,0,0,0,3,3,40,-3,-3,-40,RUNNING
151789,5,0.00,0.00,0.00,0,0,0,0,41,29,0,-41,-29,RUNNING
151869,5,0.00,0.00,0.00,0,0,0,-160,-36,-138,160,36,138,RUNNING
152006,5,0.00,0.00,0.00,0,0,0,-255,-366,-255,255,366,255,RUNNING
152272,5,0.00,0.00,0.00,0,0,0,217,247,487,-217,-247,-487,RUNNING
152297,5,0.00,0.00,0.00,0,0,0,-242,326,564,242,-326,-564,RUNNING
152324,5,0.00,0.00,0.00,0,0,0,-536,363,621,536,-363,-621,RUNNING
152349,5,0.00,0.00,0.00,0,0,0,-261,364,624,261,-364,-624,RUNNING
152374,5,0.00,0.00,0.00,0,0,0,-1017,335,590,1017,-335,-590,RUNNING
152399,5,0.00,0.00,0.00,0,0,0,-997,295,543,997,-295,-543,RUNNING
152424,5,0.00,0.00,0.00,0,0,0,-902,277,508,902,-277,-508,RUNNING
152449,5,0.00,0.00,0.00,0,0,0,-1113,293,509,1113,-293,-509,RUNNING
152577,5,0.00,0.00,0.00,0,0,0,413,461,777,-413,-461,-777,RUNNING
152602,5,0.00,0.00,0.00,0,0,0,367,478,812,-367,-478,-812,RUNNING
152629,5,0.00,0.00,0.00,0,0,0,349,446,804,-349,-446,-804,RUNNING
152654,5,0.00,0.00,0.00,0,0,0,325,402,760,-325,-402,-760,RUNNING
152679,5,0.00,0.00,0.00,0,0,0,319,372,701,-319,-372,-701,RUNNING
152704,5,0.00,0.00,0.00,0,0,0,332,383,660,-332,-383,-660,RUNNING
152729,5,0.00,0.00,0.00,0,0,0,352,424,661,-352,-424,-661,RUNNING
152754,5,0.00,0.00,0.00,0,0,0,350,441,693,-350,-441,-693,RUNNING
152887,5,0.00,0.00,0.00,0,0,0,60,160,483,-60,-160,-483,RUNNING
152912,5,0.00,0.00,0.00,0,0,0,-24,88,407,24,-88,-407,RUNNING
152939,5,0.00,0.00,0.00,0,0,0,-74,37,358,74,-37,-358,RUNNING
152964,5,0.00,0.00,0.00,0,0,0,-76,25,357,76,-25,-357,RUNNING
152989,5,0.00,0.00,0.00,0,0,0,-42,51,382,42,-51,-382,RUNNING
153014,5,0.00,0.00,0.00,0,0,0,0,90,399,0,-90,-399,RUNNING
153039,5,0.00,0.00,0.00,0,0,0,14,98,384,-14,-98,-384,RUNNING
153064,5,0.00,0.00,0.00,0,0,0,-11,88,353,11,-88,-353,RUNNING
153195,5,0.00,0.00,0.00,0,0,0,-259,-127,303,259,127,-303,RUNNING
153220,5,0.00,0.00,0.00,0,0,0,-297,-160,303,297,160,-303,RUNNING
153247,5,0.00,0.00,0.00,0,0,0,-293,-163,314,293,163,-314,RUNNING
153272,5,0.00,0.00,0.00,0,0,0,-262,-129,323,262,129,-323,RUNNING
153297,5,0.00,0.00,0.00,0,0,0,-221,-84,305,221,84,-305,RUNNING
153322,5,0.00,0.00,0.00,0,0,0,-200,-57,266,200,57,-266,RUNNING
153347,5,0.00,0.00,0.00,0,0,0,-222,-76,232,222,76,-232,RUNNING
153372,5,0.00,0.00,0.00,0,0,0,-251,-125,229,251,125,-229,RUNNING
153507,5,0.00,0.00,0.00,0,0,0,-46,71,519,46,-71,-519,RUNNING
153532,5,0.00,0.00,0.00,0,0,0,28,133,571,-28,-133,-571,RUNNING
153559,5,0.00,0.00,0.00,0,0,0,77,180,583,-77,-180,-583,RUNNING
153584,5,0.00,0.00,0.00,0,0,0,73,178,561,-73,-178,-561,RUNNING
153609,5,0.00,0.00,0.00,0,0,0,40,139,518,-40,-139,-518,RUNNING
153634,5,0.00,0.00,0.00,0,0,0,5,100,469,-5,-100,-469,RUNNING
153659,5,0.00,0.00,0.00,0,0,0,2,90,452,-2,-90,-452,RUNNING
153684,5,0.00,0.00,0.00,0,0,0,33,108,470,-33,-108,-470,RUNNING
153709,5,0.00,0.00,0.00,0,0,0,73,142,490,-73,-142,-490,RUNNING
153734,5,0.00,0.00,0.00,0,0,0,84,153,484,-84,-153,-484,RUNNING
153761,5,0.00,0.00,0.00,0,0,0,57,120,444,-57,-120,-444,RUNNING
153786,5,0.00,0.00,0.00,0,0,0,15,82,392,-15,-82,-392,RUNNING
153811,5,0.00,0.00,0.00,0,0,0,-7,64,370,7,-64,-370,RUNNING
153836,5,0.00,0.00,0.00,0,0,0,11,78,381,-11,-78,-381,RUNNING
153861,5,0.00,0.00,0.00,0,0,0,55,110,407,-55,-110,-407,RUNNING
153886,5,0.00,0.00,0.00,0,0,0,83,133,410,-83,-133,-410,RUNNING
153911,5,0.00,0.00,0.00,0,0,0,73,124,383,-73,-124,-383,RUNNING
153936,5,0.00,0.00,0.00,0,0,0,35,86,340,-35,-86,-340,RUNNING
153961,5,0.00,0.00,0.00,0,0,0,-3,60,311,3,-60,-311,RUNNING
153984,5,0.00,0.00,0.00,0,0,0,1,58,313,-1,-58,-313,RUNNING
154008,5,0.00,0.00,0.00,0,0,0,34,83,339,-34,-83,-339,RUNNING
154033,5,0.00,0.00,0.00,0,0,0,69,115,355,-69,-115,-355,RUNNING
154057,5,0.00,0.00,0.00,0,0,0,67,124,342,-67,-124,-342,RUNNING
154082,5,0.00,0.00,0.00,0,0,0,35,101,305,-35,-101,-305,RUNNING
154106,5,0.00,0.00,0.00,0,0,0,-1,68,268,1,-68,-268,RUNNING
154130,5,0.00,0.00,0.00,0,0,0,-3,56,252,3,-56,-252,RUNNING
154154,5,0.00,0.00,0.00,0,0,0,24,64,265,-24,-64,-265,RUNNING
154192,5,0.00,0.00,0.00,0,0,0,77,115,303,-77,-115,-303,RUNNING
154217,5,0.00,0.00,0.00,0,0,0,89,142,307,-89,-142,-307,RUNNING
154242,5,0.00,0.00,0.00,0,0,0,70,140,283,-70,-140,-283,RUNNING
154267,5,0.00,0.00,0.00,0,0,0,29,107,248,-29,-107,-248,RUNNING
154292,5,0.00,0.00,0.00,0,0,0,2,67,210,-2,-67,-210,RUNNING
154317,5,0.00,0.00,0.00,0,0,0,22,57,208,-22,-57,-208,RUNNING
154342,5,0.00,0.00,0.00,0,0,0,66,75,244,-66,-75,-244,RUNNING
154367,5,0.00,0.00,0.00,0,0,0,92,106,271,-92,-106,-271,RUNNING
154394,5,0.00,0.00,0.00,0,0,0,74,120,268,-74,-120,-268,RUNNING
154418,5,0.00,0.00,0.00,0,0,0,34,110,242,-34,-110,-242,RUNNING
154442,5,0.00,0.00,0.00,0,0,0,-1,78,201,1,-78,-201,RUNNING
154467,5,0.00,0.00,0.00,0,0,0,4,46,170,-4,-46,-170,RUNNING
154492,5,0.00,0.00,0.00,0,0,0,30,42,187,-30,-42,-187,RUNNING
154516,5,0.00,0.00,0.00,0,0,0,63,63,230,-63,-63,-230,RUNNING
154540,5,0.00,0.00,0.00,0,0,0,59,93,255,-59,-93,-255,RUNNING
154564,5,0.00,0.00,0.00,0,0,0,28,95,240,-28,-95,-240,RUNNING
154589,5,0.00,0.00,0.00,0,0,0,-10,84,204,10,-84,-204,RUNNING
154616,5,0.00,0.00,0.00,0,0,0,-6,53,164,6,-53,-164,RUNNING
154640,5,0.00,0.00,0.00,0,0,0,25,36,157,-25,-36,-157,RUNNING
154664,5,0.00,0.00,0.00,0,0,0,61,50,186,-61,-50,-186,RUNNING
154689,5,0.00,0.00,0.00,0,0,0,61,82,228,-61,-82,-228,RUNNING
154713,5,0.00,0.00,0.00,0,0,0,31,103,239,-31,-103,-239,RUNNING
154738,5,0.00,0.00,0.00,0,0,0,-7,107,218,7,-107,-218,RUNNING
154762,5,0.00,0.00,0.00,0,0,0,-8,79,171,8,-79,-171,RUNNING
154786,5,0.00,0.00,0.00,0,0,0,18,52,138,-18,-52,-138,RUNNING
154813,5,0.00,0.00,0.00,0,0,0,63,41,142,-63,-41,-142,RUNNING
154837,5,0.00,0.00,0.00,0,0,0,73,62,174,-73,-62,-174,RUNNING
154861,5,0.00,0.00,0.00,0,0,0,58,95,203,-58,-95,-203,RUNNING
154885,5,0.00,0.00,0.00,0,0,0,21,106,194,-21,-106,-194,RUNNING
154910,5,0.00,0.00,0.00,0,0,0,-8,95,163,8,-95,-163,RUNNING
154935,5,0.00,0.00,0.00,0,0,0,3,69,126,-3,-69,-126,RUNNING
154959,5,0.00,0.00,0.00,0,0,0,38,54,124,-38,-54,-124,RUNNING
154983,5,0.00,0.00,0.00,0,0,0,71,57,152,-71,-57,-152,RUNNING
155009,5,0.00,0.00,0.00,0,0,0,69,79,185,-69,-79,-185,RUNNING
155033,5,0.00,0.00,0.00,0,0,0,34,103,184,-34,-103,-184,RUNNING
155057,5,0.00,0.00,0.00,0,0,0,-7,100,160,7,-100,-160,RUNNING
155081,5,0.00,0.00,0.00,0,0,0,-10,72,128,10,-72,-128,RUNNING
155106,5,0.00,0.00,0.00,0,0,0,14,44,102,-14,-44,-102,RUNNING
155130,5,0.00,0.00,0.00,0,0,0,48,39,119,-48,-39,-119,RUNNING
155154,5,0.00,0.00,0.00,0,0,0,65,61,157,-65,-61,-157,RUNNING
155178,5,0.00,0.00,0.00,0,0,0,43,91,181,-43,-91,-181,RUNNING
155202,5,0.00,0.00,0.00,0,0,0,-7,96,167,7,-96,-167,RUNNING
155229,5,0.00,0.00,0.00,0,0,0,-42,80,135,42,-80,-135,RUNNING
155304,5,0.00,0.00,0.00,0,0,0,62,-11,88,-62,11,-88,RUNNING
155442,5,0.00,0.00,0.00,0,0,0,371,-27,132,-371,27,-132,RUNNING
155689,5,0.00,0.00,0.00,0,0,0,-77,591,303,77,-591,-303,RUNNING
155714,5,0.00,0.00,0.00,0,0,0,-159,667,306,159,-667,-306,RUNNING
155739,5,0.00,0.00,0.00,0,0,0,-227,711,286,227,-711,-286,RUNNING
155764,5,0.00,0.00,0.00,0,0,0,-228,693,250,228,-693,-250,RUNNING
155789,5,0.00,0.00,0.00,0,0,0,-202,642,216,202,-642,-216,RUNNING
155816,5,0.00,0.00,0.00,0,0,0,-157,593,214,157,-593,-214,RUNNING
155841,5,0.00,0.00,0.00,0,0,0,-130,576,250,130,-576,-250,RUNNING
155866,5,0.00,0.00,0.00,0,0,0,-144,588,275,144,-588,-275,RUNNING
155891,5,0.00,0.00,0.00,0,0,0,-186,604,271,186,-604,-271,RUNNING
155916,5,0.00,0.00,0.00,0,0,0,-215,596,243,215,-596,-243,RUNNING
155941,5,0.00,0.00,0.00,0,0,0,-199,554,197,199,-554,-197,RUNNING
155966,5,0.00,0.00,0.00,0,0,0,-159,505,174,159,-505,-174,RUNNING
155991,5,0.00,0.00,0.00,0,0,0,-120,484,193,120,-484,-193,RUNNING
156018,5,0.00,0.00,0.00,0,0,0,-121,494,238,121,-494,-238,RUNNING
156043,5,0.00,0.00,0.00,0,0,0,-156,515,257,156,-515,-257,RUNNING
156068,5,0.00,0.00,0.00,0,0,0,-183,518,238,183,-518,-238,RUNNING
156093,5,0.00,0.00,0.00,0,0,0,-175,487,200,175,-487,-200,RUNNING
156118,5,0.00,0.00,0.00,0,0,0,-150,440,157,150,-440,-157,RUNNING
156143,5,0.00,0.00,0.00,0,0,0,-108,408,156,108,-408,-156,RUNNING
156168,5,0.00,0.00,0.00,0,0,0,-92,413,188,92,-413,-188,RUNNING
156193,5,0.00,0.00,0.00,0,0,0,-115,436,218,115,-436,-218,RUNNING
156220,5,0.00,0.00,0.00,0,0,0,-151,446,212,151,-446,-212,RUNNING
156245,5,0.00,0.00,0.00,0,0,0,-165,421,179,165,-421,-179,RUNNING
156270,5,0.00,0.00,0.00,0,0,0,-141,366,141,141,-366,-141,RUNNING
156295,5,0.00,0.00,0.00,0,0,0,-100,333,118,100,-333,-118,RUNNING
156320,5,0.00,0.00,0.00,0,0,0,-65,332,138,65,-332,-138,RUNNING
156345,5,0.00,0.00,0.00,0,0,0,-74,343,179,74,-343,-179,RUNNING
156370,5,0.00,0.00,0.00,0,0,0,-108,352,201,108,-352,-201,RUNNING
156395,5,0.00,0.00,0.00,0,0,0,-131,344,184,131,-344,-184,RUNNING
156422,5,0.00,0.00,0.00,0,0,0,-125,311,140,125,-311,-140,RUNNING
156447,5,0.00,0.00,0.00,0,0,0,-90,276,98,90,-276,-98,RUNNING
156472,5,0.00,0.00,0.00,0,0,0,-44,266,96,44,-266,-96,RUNNING
156497,5,0.00,0.00,0.00,0,0,0,-30,279,124,30,-279,-124,RUNNING
156522,5,0.00,0.00,0.00,0,0,0,-55,298,152,55,-298,-152,RUNNING
156547,5,0.00,0.00,0.00,0,0,0,-91,292,148,91,-292,-148,RUNNING
156572,5,0.00,0.00,0.00,0,0,0,-105,258,129,105,-258,-129,RUNNING
156597,5,0.00,0.00,0.00,0,0,0,-83,224,87,83,-224,-87,RUNNING
156624,5,0.00,0.00,0.00,0,0,0,-37,210,66,37,-210,-66,RUNNING
156649,5,0.00,0.00,0.00,0,0,0,1,229,72,-1,-229,-72,RUNNING
156674,5,0.00,0.00,0.00,0,0,0,-8,241,113,8,-241,-113,RUNNING
156699,5,0.00,0.00,0.00,0,0,0,-41,243,138,41,-243,-138,RUNNING
156724,5,0.00,0.00,0.00,0,0,0,-75,225,133,75,-225,-133,RUNNING
156749,5,0.00,0.00,0.00,0,0,0,-68,188,111,68,-188,-111,RUNNING
156774,5,0.00,0.00,0.00,0,0,0,-30,162,91,30,-162,-91,RUNNING
156799,5,0.00,0.00,0.00,0,0,0,1,174,78,-1,-174,-78,RUNNING
156826,5,0.00,0.00,0.00,0,0,0,-3,208,73,3,-208,-73,RUNNING
156851,5,0.00,0.00,0.00,0,0,0,-38,236,85,38,-236,-85,RUNNING
156876,5,0.00,0.00,0.00,0,0,0,-68,238,113,68,-238,-113,RUNNING
156901,5,0.00,0.00,0.00,0,0,0,-70,209,116,70,-209,-116,RUNNING
156926,5,0.00,0.00,0.00,0,0,0,-37,174,98,37,-174,-98,RUNNING
156951,5,0.00,0.00,0.00,0,0,0,5,164,81,-5,-164,-81,RUNNING
156976,5,0.00,0.00,0.00,0,0,0,24,186,62,-24,-186,-62,RUNNING
157001,5,0.00,0.00,0.00,0,0,0,1,218,55,-1,-218,-55,RUNNING
157026,5,0.00,0.00,0.00,0,0,0,-43,223,62,43,-223,-62,RUNNING
157053,5,0.00,0.00,0.00,0,0,0,-66,194,97,66,-194,-97,RUNNING
157078,5,0.00,0.00,0.00,0,0,0,-51,155,112,51,-155,-112,RUNNING
157103,5,0.00,0.00,0.00,0,0,0,-17,133,99,17,-133,-99,RUNNING
157128,5,0.00,0.00,0.00,0,0,0,18,138,71,-18,-138,-71,RUNNING
157153,5,0.00,0.00,0.00,0,0,0,18,161,45,-18,-161,-45,RUNNING
157178,5,0.00,0.00,0.00,0,0,0,-15,183,28,15,-183,-28,RUNNING
157203,5,0.00,0.00,0.00,0,0,0,-48,170,53,48,-170,-53,RUNNING
157228,5,0.00,0.00,0.00,0,0,0,-45,130,98,45,-130,-98,RUNNING
157255,5,0.00,0.00,0.00,0,0,0,-9,97,118,9,-97,-118,RUNNING
157280,5,0.00,0.00,0.00,0,0,0,28,100,104,-28,-100,-104,RUNNING
157305,5,0.00,0.00,0.00,0,0,0,42,121,68,-42,-121,-68,RUNNING
157330,5,0.00,0.00,0.00,0,0,0,12,150,24,-12,-150,-24,RUNNING
157355,5,0.00,0.00,0.00,0,0,0,-34,143,20,34,-143,-20,RUNNING
157380,5,0.00,0.00,0.00,0,0,0,-57,110,54,57,-110,-54,RUNNING
157405,5,0.00,0.00,0.00,0,0,0,-40,77,94,40,-77,-94,RUNNING
157430,5,0.00,0.00,0.00,0,0,0,-6,70,107,6,-70,-107,RUNNING
157457,5,0.00,0.00,0.00,0,0,0,27,85,82,-27,-85,-82,RUNNING
157482,5,0.00,0.00,0.00,0,0,0,17,100,57,-17,-100,-57,RUNNING
157507,5,0.00,0.00,0.00,0,0,0,-25,99,40,25,-99,-40,RUNNING
157532,5,0.00,0.00,0.00,0,0,0,-55,79,36,55,-79,-36,RUNNING
157557,5,0.00,0.00,0.00,0,0,0,-49,53,56,49,-53,-56,RUNNING
157582,5,0.00,0.00,0.00,0,0,0,-16,41,92,16,-41,-92,RUNNING
157607,5,0.00,0.00,0.00,0,0,0,6,62,101,-6,-62,-101,RUNNING
157632,5,0.00,0.00,0.00,0,0,0,0,85,80,0,-85,-80,RUNNING
157657,5,0.00,0.00,0.00,0,0,0,-39,95,48,39,-95,-48,RUNNING
157684,5,0.00,0.00,0.00,0,0,0,-71,80,32,71,-80,-32,RUNNING
157709,5,0.00,0.00,0.00,0,0,0,-70,50,28,70,-50,-28,RUNNING
157734,5,0.00,0.00,0.00,0,0,0,-38,23,63,38,-23,-63,RUNNING
157759,5,0.00,0.00,0.00,0,0,0,-5,35,101,5,-35,-101,RUNNING
157784,5,0.00,0.00,0.00,0,0,0,0,63,111,0,-63,-111,RUNNING
157809,5,0.00,0.00,0.00,0,0,0,-28,87,90,28,-87,-90,RUNNING
157834,5,0.00,0.00,0.00,0,0,0,-67,78,58,67,-78,-58,RUNNING
157859,5,0.00,0.00,0.00,0,0,0,-79,47,38,79,-47,-38,RUNNING
157884,5,0.00,0.00,0.00,0,0,0,-56,11,29,56,-11,-29,RUNNING
157911,5,0.00,0.00,0.00,0,0,0,-15,10,70,15,-10,-70,RUNNING
157936,5,0.00,0.00,0.00,0,0,0,21,34,114,-21,-34,-114,RUNNING
157961,5,0.00,0.00,0.00,0,0,0,14,59,128,-14,-59,-128,RUNNING
157986,5,0.00,0.00,0.00,0,0,0,-27,59,112,27,-59,-112,RUNNING
158011,5,0.00,0.00,0.00,0,0,0,-60,42,74,60,-42,-74,RUNNING
158036,5,0.00,0.00,0.00,0,0,0,-56,17,33,56,-17,-33,RUNNING
158061,5,0.00,0.00,0.00,0,0,0,-27,2,31,27,-2,-31,RUNNING
158086,5,0.00,0.00,0.00,0,0,0,1,26,67,-1,-26,-67,RUNNING
158113,5,0.00,0.00,0.00,0,0,0,4,62,100,-4,-62,-100,RUNNING
158138,5,0.00,0.00,0.00,0,0,0,-31,80,100,31,-80,-100,RUNNING
158163,5,0.00,0.00,0.00,0,0,0,-70,69,77,70,-69,-77,RUNNING
158188,5,0.00,0.00,0.00,0,0,0,-84,34,54,84,-34,-54,RUNNING
158213,5,0.00,0.00,0.00,0,0,0,-66,-5,34,66,5,-34,RUNNING
158238,5,0.00,0.00,0.00,0,0,0,-32,-8,41,32,8,-41,RUNNING
158263,5,0.00,0.00,0.00,0,0,0,0,5,84,0,-5,-84,RUNNING
158358,5,0.00,0.00,0.00,0,0,0,-151,71,88,151,-71,-88,RUNNING
158383,5,0.00,0.00,0.00,0,0,0,-220,81,61,220,-81,-61,RUNNING
158410,5,0.00,0.00,0.00,0,0,0,-251,63,27,251,-63,-27,RUNNING
158435,5,0.00,0.00,0.00,0,0,0,-236,33,5,236,-33,-5,RUNNING
158460,5,0.00,0.00,0.00,0,0,0,-195,19,3,195,-19,-3,RUNNING
158485,5,0.00,0.00,0.00,0,0,0,-163,35,23,163,-35,-23,RUNNING
158510,5,0.00,0.00,0.00,0,0,0,-163,67,67,163,-67,-67,RUNNING
158535,5,0.00,0.00,0.00,0,0,0,-195,83,77,195,-83,-77,RUNNING
158560,5,0.00,0.00,0.00,0,0,0,-227,75,60,227,-75,-60,RUNNING
158585,5,0.00,0.00,0.00,0,0,0,-216,42,41,216,-42,-41,RUNNING
158610,5,0.00,0.00,0.00,0,0,0,-180,11,18,180,-11,-18,RUNNING
158637,5,0.00,0.00,0.00,0,0,0,-140,10,14,140,-10,-14,RUNNING
158662,5,0.00,0.00,0.00,0,0,0,-126,40,24,126,-40,-24,RUNNING
158687,5,0.00,0.00,0.00,0,0,0,-151,77,67,151,-77,-67,RUNNING
158712,5,0.00,0.00,0.00,0,0,0,-187,85,85,187,-85,-85,RUNNING
158737,5,0.00,0.00,0.00,0,0,0,-199,60,70,199,-60,-70,RUNNING
158762,5,0.00,0.00,0.00,0,0,0,-174,28,43,174,-28,-43,RUNNING
158787,5,0.00,0.00,0.00,0,0,0,-130,17,28,130,-17,-28,RUNNING
158812,5,0.00,0.00,0.00,0,0,0,-99,26,20,99,-26,-20,RUNNING
158839,5,0.00,0.00,0.00,0,0,0,-104,50,29,104,-50,-29,RUNNING
158864,5,0.00,0.00,0.00,0,0,0,-137,59,63,137,-59,-63,RUNNING
158889,5,0.00,0.00,0.00,0,0,0,-170,56,75,170,-56,-75,RUNNING
158914,5,0.00,0.00,0.00,0,0,0,-167,30,56,167,-30,-56,RUNNING
158939,5,0.00,0.00,0.00,0,0,0,-135,12,28,135,-12,-28,RUNNING
158964,5,0.00,0.00,0.00,0,0,0,-100,22,23,100,-22,-23,RUNNING
158989,5,0.00,0.00,0.00,0,0,0,-86,49,19,86,-49,-19,RUNNING
159014,5,0.00,0.00,0.00,0,0,0,-107,75,24,107,-75,-24,RUNNING
159041,5,0.00,0.00,0.00,0,0,0,-141,69,53,141,-69,-53,RUNNING
159066,5,0.00,0.00,0.00,0,0,0,-155,35,65,155,-35,-65,RUNNING
159091,5,0.00,0.00,0.00,0,0,0,-134,-5,53,134,5,-53,RUNNING
159116,5,0.00,0.00,0.00,0,0,0,-100,-10,44,100,10,-44,RUNNING
159141,5,0.00,0.00,0.00,0,0,0,-69,2,17,69,-2,-17,RUNNING
159166,5,0.00,0.00,0.00,0,0,0,-73,19,9,73,-19,-9,RUNNING
159191,5,0.00,0.00,0.00,0,0,0,-106,20,8,106,-20,-8,RUNNING
159216,5,0.00,0.00,0.00,0,0,0,-134,2,16,134,-2,-16,RUNNING
159241,5,0.00,0.00,0.00,0,0,0,-126,-23,36,126,23,-36,RUNNING
159268,5,0.00,0.00,0.00,0,0,0,-97,-35,36,97,35,-36,RUNNING
159293,5,0.00,0.00,0.00,0,0,0,-66,-7,32,66,7,-32,RUNNING
159318,5,0.00,0.00,0.00,0,0,0,-58,29,11,58,-29,-11,RUNNING
159343,5,0.00,0.00,0.00,0,0,0,-84,47,-17,84,-47,17,RUNNING
159368,5,0.00,0.00,0.00,0,0,0,-117,34,-20,117,-34,20,RUNNING
159393,5,0.00,0.00,0.00,0,0,0,-129,-3,-10,129,3,10,RUNNING
159417,5,0.00,0.00,0.00,0,0,0,-113,-41,32,113,41,-32,RUNNING
159441,5,0.00,0.00,0.00,0,0,0,-87,-44,55,87,44,-55,RUNNING
159466,5,0.00,0.00,0.00,0,0,0,-58,-24,45,58,24,-45,RUNNING
159493,5,0.00,0.00,0.00,0,0,0,-71,-1,26,71,1,-26,RUNNING
159518,5,0.00,0.00,0.00,0,0,0,-109,0,-3,109,0,3,RUNNING
159542,5,0.00,0.00,0.00,0,0,0,-132,-23,-13,132,23,13,RUNNING
159566,5,0.00,0.00,0.00,0,0,0,-114,-60,-16,114,60,16,RUNNING
159591,5,0.00,0.00,0.00,0,0,0,-79,-79,19,79,79,-19,RUNNING
159616,5,0.00,0.00,0.00,0,0,0,-44,-70,57,44,70,-57,RUNNING
159641,5,0.00,0.00,0.00,0,0,0,-49,-37,68,49,37,-68,RUNNING
159666,5,0.00,0.00,0.00,0,0,0,-78,-11,46,78,11,-46,RUNNING
159693,5,0.00,0.00,0.00,0,0,0,-111,-9,22,111,9,-22,RUNNING
159718,5,0.00,0.00,0.00,0,0,0,-106,-32,4,106,32,-4,RUNNING
159743,5,0.00,0.00,0.00,0,0,0,-73,-68,1,73,68,-1,RUNNING
159768,5,0.00,0.00,0.00,0,0,0,-35,-81,18,35,81,-18,RUNNING
159793,5,0.00,0.00,0.00,0,0,0,-22,-50,59,22,50,-59,RUNNING
159818,5,0.00,0.00,0.00,0,0,0,-43,-5,71,43,5,-71,RUNNING
159843,5,0.00,0.00,0.00,0,0,0,-75,17,51,75,-17,-51,RUNNING
159868,5,0.00,0.00,0.00,0,0,0,-87,15,36,87,-15,-36,RUNNING
159893,5,0.00,0.00,0.00,0,0,0,-63,-11,13,63,11,-13,RUNNING
159920,5,0.00,0.00,0.00,0,0,0,-14,-45,11,14,45,-11,RUNNING
159945,5,0.00,0.00,0.00,0,0,0,25,-49,14,-25,49,-14,RUNNING
159970,5,0.00,0.00,0.00,0,0,0,23,-25,46,-23,25,-46,RUNNING
159995,5,0.00,0.00,0.00,0,0,0,-10,3,55,10,-3,-55,RUNNING
160020,5,0.00,0.00,0.00,0,0,0,-43,15,49,43,-15,-49,RUNNING
160045,5,0.00,0.00,0.00,0,0,0,-42,-3,33,42,3,-33,RUNNING
160070,5,0.00,0.00,0.00,0,0,0,-11,-38,14,11,38,-14,RUNNING
160095,5,0.00,0.00,0.00,0,0,0,24,-60,9,-24,60,-9,RUNNING
160119,5,0.00,0.00,0.00,0,0,0,36,-46,7,-36,46,-7,RUNNING
160145,5,0.00,0.00,0.00,0,0,0,4,-2,29,-4,2,-29,RUNNING
160170,5,0.00,0.00,0.00,0,0,0,-42,29,52,42,-29,-52,RUNNING
160195,5,0.00,0.00,0.00,0,0,0,-62,28,47,62,-28,-47,RUNNING
160220,5,0.00,0.00,0.00,0,0,0,-49,9,30,49,-9,-30,RUNNING
160245,5,0.00,0.00,0.00,0,0,0,-13,-23,15,13,23,-15,RUNNING
160270,5,0.00,0.00,0.00,0,0,0,18,-39,7,-18,39,-7,RUNNING
160294,5,0.00,0.00,0.00,0,0,0,18,-20,4,-18,20,-4,RUNNING
160318,5,0.00,0.00,0.00,0,0,0,-14,16,16,14,-16,-16,RUNNING
160343,5,0.00,0.00,0.00,0,0,0,-42,39,43,42,-39,-43,RUNNING
160370,5,0.00,0.00,0.00,0,0,0,-48,37,48,48,-37,-48,RUNNING
160395,5,0.00,0.00,0.00,0,0,0,-19,17,32,19,-17,-32,RUNNING
160420,5,0.00,0.00,0.00,0,0,0,22,-15,18,-22,15,-18,RUNNING
160445,5,0.00,0.00,0.00,0,0,0,44,-17,-5,-44,17,5,RUNNING
160469,5,0.00,0.00,0.00,0,0,0,30,7,-13,-30,-7,13,RUNNING
160493,5,0.00,0.00,0.00,0,0,0,-10,38,-10,10,-38,10,RUNNING
160518,5,0.00,0.00,0.00,0,0,0,-42,54,33,42,-54,-33,RUNNING
160543,5,0.00,0.00,0.00,0,0,0,-43,42,61,43,-42,-61,RUNNING
160568,5,0.00,0.00,0.00,0,0,0,-12,7,58,12,-7,-58,RUNNING
160595,5,0.00,0.00,0.00,0,0,0,31,-29,49,-31,29,-49,RUNNING
160620,5,0.00,0.00,0.00,0,0,0,52,-28,16,-52,28,-16,RUNNING
160645,5,0.00,0.00,0.00,0,0,0,30,-2,-17,-30,2,17,RUNNING
160670,5,0.00,0.00,0.00,0,0,0,-18,34,-24,18,-34,24,RUNNING
160695,5,0.00,0.00,0.00,0,0,0,-41,45,-20,41,-45,20,RUNNING
160720,5,0.00,0.00,0.00,0,0,0,-39,35,25,39,-35,-25,RUNNING
160745,5,0.00,0.00,0.00,0,0,0,-5,10,53,5,-10,-53,RUNNING
160770,5,0.00,0.00,0.00,0,0,0,35,-3,48,-35,3,-48,RUNNING
160797,5,0.00,0.00,0.00,0,0,0,56,16,25,-56,-16,-25,RUNNING
160844,5,0.00,0.00,0.00,0,0,0,-15,80,-8,15,-80,8,RUNNING
160869,5,0.00,0.00,0.00,0,0,0,-69,95,-11,69,-95,11,RUNNING
160894,5,0.00,0.00,0.00,0,0,0,-97,89,-13,97,-89,13,RUNNING
160919,5,0.00,0.00,0.00,0,0,0,-80,53,14,80,-53,-14,RUNNING
160944,5,0.00,0.00,0.00,0,0,0,-42,18,46,42,-18,-46,RUNNING
160969,5,0.00,0.00,0.00,0,0,0,-11,-2,51,11,2,-51,RUNNING
160994,5,0.00,0.00,0.00,0,0,0,-18,11,30,18,-11,-30,RUNNING
161019,5,0.00,0.00,0.00,0,0,0,-51,45,0,51,-45,0,RUNNING
161046,5,0.00,0.00,0.00,0,0,0,-88,74,-5,88,-74,5,RUNNING
161071,5,0.00,0.00,0.00,0,0,0,-90,83,-7,90,-83,7,RUNNING
161096,5,0.00,0.00,0.00,0,0,0,-59,70,23,59,-70,-23,RUNNING
161121,5,0.00,0.00,0.00,0,0,0,-18,49,57,18,-49,-57,RUNNING
161146,5,0.00,0.00,0.00,0,0,0,2,29,62,-2,-29,-62,RUNNING
161171,5,0.00,0.00,0.00,0,0,0,-17,39,38,17,-39,-38,RUNNING
161196,5,0.00,0.00,0.00,0,0,0,-54,67,4,54,-67,-4,RUNNING
161221,5,0.00,0.00,0.00,0,0,0,-79,89,-7,79,-89,7,RUNNING
161246,5,0.00,0.00,0.00,0,0,0,-65,90,8,65,-90,-8,RUNNING
161273,5,0.00,0.00,0.00,0,0,0,-23,72,49,23,-72,-49,RUNNING
161298,5,0.00,0.00,0.00,0,0,0,9,45,62,-9,-45,-62,RUNNING
161323,5,0.00,0.00,0.00,0,0,0,12,27,45,-12,-27,-45,RUNNING
161348,5,0.00,0.00,0.00,0,0,0,-17,41,13,17,-41,-13,RUNNING
161373,5,0.00,0.00,0.00,0,0,0,-50,73,-19,50,-73,19,RUNNING
161398,5,0.00,0.00,0.00,0,0,0,-52,92,-20,52,-92,20,RUNNING
161423,5,0.00,0.00,0.00,0,0,0,-25,91,14,25,-91,-14,RUNNING
161448,5,0.00,0.00,0.00,0,0,0,11,65,51,-11,-65,-51,RUNNING
161473,5,0.00,0.00,0.00,0,0,0,25,35,50,-25,-35,-50,RUNNING
161500,5,0.00,0.00,0.00,0,0,0,-5,26,29,5,-26,-29,RUNNING
161525,5,0.00,0.00,0.00,0,0,0,-45,45,1,45,-45,-1,RUNNING
161550,5,0.00,0.00,0.00,0,0,0,-66,76,-13,66,-76,13,RUNNING
161575,5,0.00,0.00,0.00,0,0,0,-46,85,-14,46,-85,14,RUNNING
161600,5,0.00,0.00,0.00,0,0,0,-5,81,21,5,-81,-21,RUNNING
161625,5,0.00,0.00,0.00,0,0,0,31,58,54,-31,-58,-54,RUNNING
161650,5,0.00,0.00,0.00,0,0,0,22,41,55,-22,-41,-55,RUNNING
161675,5,0.00,0.00,0.00,0,0,0,-15,47,29,15,-47,-29,RUNNING
161700,5,0.00,0.00,0.00,0,0,0,-52,66,-3,52,-66,3,RUNNING
161727,5,0.00,0.00,0.00,0,0,0,-55,79,-12,55,-79,12,RUNNING
161752,5,0.00,0.00,0.00,0,0,0,-25,62,-11,25,-62,11,RUNNING
161777,5,0.00,0.00,0.00,0,0,0,14,27,28,-14,-27,-28,RUNNING
161802,5,0.00,0.00,0.00,0,0,0,38,-2,55,-38,2,-55,RUNNING
161827,5,0.00,0.00,0.00,0,0,0,28,-4,53,-28,4,-53,RUNNING
161852,5,0.00,0.00,0.00,0,0,0,-15,28,24,15,-28,-24,RUNNING
161877,5,0.00,0.00,0.00,0,0,0,-50,64,0,50,-64,0,RUNNING
161902,5,0.00,0.00,0.00,0,0,0,-49,72,-9,49,-72,9,RUNNING
161929,5,0.00,0.00,0.00,0,0,0,-13,66,-10,13,-66,10,RUNNING
161954,5,0.00,0.00,0.00,0,0,0,27,53,30,-27,-53,-30,RUNNING
161979,5,0.00,0.00,0.00,0,0,0,41,31,57,-41,-31,-57,RUNNING
162004,5,0.00,0.00,0.00,0,0,0,14,26,54,-14,-26,-54,RUNNING
162029,5,0.00,0.00,0.00,0,0,0,-27,54,24,27,-54,-24,RUNNING
162054,5,0.00,0.00,0.00,0,0,0,-46,79,-10,46,-79,10,RUNNING
162079,5,0.00,0.00,0.00,0,0,0,-27,86,-16,27,-86,16,RUNNING
162104,5,0.00,0.00,0.00,0,0,0,11,71,-18,-11,-71,18,RUNNING
162129,5,0.00,0.00,0.00,0,0,0,45,45,16,-45,-45,-16,RUNNING
162156,5,0.00,0.00,0.00,0,0,0,40,20,51,-40,-20,-51,RUNNING
162181,5,0.00,0.00,0.00,0,0,0,5,33,55,-5,-33,-55,RUNNING
162206,5,0.00,0.00,0.00,0,0,0,-31,56,35,31,-56,-35,RUNNING
162231,5,0.00,0.00,0.00,0,0,0,-30,67,17,30,-67,-17,RUNNING
162256,5,0.00,0.00,0.00,0,0,0,1,63,6,-1,-63,-6,RUNNING
162281,5,0.00,0.00,0.00,0,0,0,40,42,3,-40,-42,-3,RUNNING
162306,5,0.00,0.00,0.00,0,0,0,54,19,19,-54,-19,-19,RUNNING
162331,5,0.00,0.00,0.00,0,0,0,27,23,50,-27,-23,-50,RUNNING
162356,5,0.00,0.00,0.00,0,0,0,-21,49,53,21,-49,-53,RUNNING
162383,5,0.00,0.00,0.00,0,0,0,-42,76,30,42,-76,-30,RUNNING
162408,5,0.00,0.00,0.00,0,0,0,-23,76,15,23,-76,-15,RUNNING
162433,5,0.00,0.00,0.00,0,0,0,15,54,-6,-15,-54,6,RUNNING
162458,5,0.00,0.00,0.00,0,0,0,42,23,-7,-42,-23,7,RUNNING
162483,5,0.00,0.00,0.00,0,0,0,34,15,12,-34,-15,-12,RUNNING
162508,5,0.00,0.00,0.00,0,0,0,-4,25,46,4,-25,-46,RUNNING
162533,5,0.00,0.00,0.00,0,0,0,-42,42,47,42,-42,-47,RUNNING
162558,5,0.00,0.00,0.00,0,0,0,-39,48,25,39,-48,-25,RUNNING
162583,5,0.00,0.00,0.00,0,0,0,-5,31,10,5,-31,-10,RUNNING
162610,5,0.00,0.00,0.00,0,0,0,36,-7,-7,-36,7,7,RUNNING
162635,5,0.00,0.00,0.00,0,0,0,57,-20,-9,-57,20,9,RUNNING
162660,5,0.00,0.00,0.00,0,0,0,40,-12,16,-40,12,-16,RUNNING
162685,5,0.00,0.00,0.00,0,0,0,-7,18,57,7,-18,-57,RUNNING
162710,5,0.00,0.00,0.00,0,0,0,-37,41,66,37,-41,-66,RUNNING
162735,5,0.00,0.00,0.00,0,0,0,-20,43,45,20,-43,-45,RUNNING
162760,5,0.00,0.00,0.00,0,0,0,17,24,19,-17,-24,-19,RUNNING
162785,5,0.00,0.00,0.00,0,0,0,48,-7,10,-48,7,-10,RUNNING
162810,5,0.00,0.00,0.00,0,0,0,45,-20,6,-45,20,-6,RUNNING
162837,5,0.00,0.00,0.00,0,0,0,13,-3,29,-13,3,-29,RUNNING
162862,5,0.00,0.00,0.00,0,0,0,-26,28,62,26,-28,-62,RUNNING
162887,5,0.00,0.00,0.00,0,0,0,-27,42,67,27,-42,-67,RUNNING
162912,5,0.00,0.00,0.00,0,0,0,-1,37,45,1,-37,-45,RUNNING
162937,5,0.00,0.00,0.00,0,0,0,37,1,20,-37,-1,-20,RUNNING
162962,5,0.00,0.00,0.00,0,0,0,52,-31,11,-52,31,-11,RUNNING
162987,5,0.00,0.00,0.00,0,0,0,26,-37,8,-26,37,-8,RUNNING
163012,5,0.00,0.00,0.00,0,0,0,-20,-16,39,20,16,-39,RUNNING
163039,5,0.00,0.00,0.00,0,0,0,-42,18,74,42,-18,-74,RUNNING
163064,5,0.00,0.00,0.00,0,0,0,-20,25,81,20,-25,-81,RUNNING
163089,5,0.00,0.00,0.00,0,0,0,23,21,65,-23,-21,-65,RUNNING
163114,5,0.00,0.00,0.00,0,0,0,59,3,51,-59,-3,-51,RUNNING
163139,5,0.00,0.00,0.00,0,0,0,50,-12,22,-50,12,-22,RUNNING
163164,5,0.00,0.00,0.00,0,0,0,16,-10,10,-16,10,-10,RUNNING
163189,5,0.00,0.00,0.00,0,0,0,-14,9,13,14,-9,-13,RUNNING
163214,5,0.00,0.00,0.00,0,0,0,-4,23,53,4,-23,-53,RUNNING
163239,5,0.00,0.00,0.00,0,0,0,32,13,79,-32,-13,-79,RUNNING
163266,5,0.00,0.00,0.00,0,0,0,67,-20,70,-67,20,-70,RUNNING
163291,5,0.00,0.00,0.00,0,0,0,69,-54,55,-69,54,-55,RUNNING
163316,5,0.00,0.00,0.00,0,0,0,38,-48,33,-38,48,-33,RUNNING
163341,5,0.00,0.00,0.00,0,0,0,-6,-9,1,6,9,-1,RUNNING
163366,5,0.00,0.00,0.00,0,0,0,-24,22,4,24,-22,-4,RUNNING
163391,5,0.00,0.00,0.00,0,0,0,-2,25,50,2,-25,-50,RUNNING
163416,5,0.00,0.00,0.00,0,0,0,41,12,86,-41,-12,-86,RUNNING
163441,5,0.00,0.00,0.00,0,0,0,72,-11,88,-72,11,-88,RUNNING
163466,5,0.00,0.00,0.00,0,0,0,64,-29,67,-64,29,-67,RUNNING
163493,5,0.00,0.00,0.00,0,0,0,27,-12,18,-27,12,-18,RUNNING
163518,5,0.00,0.00,0.00,0,0,0,-15,21,-12,15,-21,12,RUNNING
163543,5,0.00,0.00,0.00,0,0,0,-18,33,6,18,-33,-6,RUNNING
163568,5,0.00,0.00,0.00,0,0,0,9,28,50,-9,-28,-50,RUNNING
163593,5,0.00,0.00,0.00,0,0,0,46,-6,70,-46,6,-70,RUNNING
163618,5,0.00,0.00,0.00,0,0,0,63,-35,56,-63,35,-56,RUNNING
163643,5,0.00,0.00,0.00,0,0,0,40,-35,30,-40,35,-30,RUNNING
163668,5,0.00,0.00,0.00,0,0,0,-7,-10,-17,7,10,17,RUNNING
163693,5,0.00,0.00,0.00,0,0,0,-35,25,-19,35,-25,19,RUNNING
163720,5,0.00,0.00,0.00,0,0,0,-11,33,24,11,-33,-24,RUNNING
163745,5,0.00,0.00,0.00,0,0,0,32,31,71,-32,-31,-71,RUNNING
163770,5,0.00,0.00,0.00,0,0,0,60,16,85,-60,-16,-85,RUNNING
163795,5,0.00,0.00,0.00,0,0,0,46,-4,73,-46,4,-73,RUNNING
163820,5,0.00,0.00,0.00,0,0,0,7,-7,31,-7,7,-31,RUNNING
163874,5,0.00,0.00,0.00,0,0,0,-26,42,-18,26,-42,18,RUNNING
163899,5,0.00,0.00,0.00,0,0,0,4,73,-20,-4,-73,20,RUNNING
163924,5,0.00,0.00,0.00,0,0,0,54,82,11,-54,-82,-11,RUNNING
163949,5,0.00,0.00,0.00,0,0,0,86,57,55,-86,-57,-55,RUNNING
163976,5,0.00,0.00,0.00,0,0,0,72,19,69,-72,-19,-69,RUNNING
164001,5,0.00,0.00,0.00,0,0,0,30,1,48,-30,-1,-48,RUNNING
164026,5,0.00,0.00,0.00,0,0,0,-13,6,22,13,-6,-22,RUNNING
164051,5,0.00,0.00,0.00,0,0,0,-23,26,7,23,-26,-7,RUNNING
164076,5,0.00,0.00,0.00,0,0,0,-2,36,0,2,-36,0,RUNNING
164101,5,0.00,0.00,0.00,0,0,0,40,27,18,-40,-27,-18,RUNNING
164126,5,0.00,0.00,0.00,0,0,0,66,-4,55,-66,4,-55,RUNNING
164151,5,0.00,0.00,0.00,0,0,0,55,-27,63,-55,27,-63,RUNNING
164176,5,0.00,0.00,0.00,0,0,0,14,-21,39,-14,21,-39,RUNNING
164203,5,0.00,0.00,0.00,0,0,0,-26,3,11,26,-3,-11,RUNNING
164228,5,0.00,0.00,0.00,0,0,0,-25,20,-1,25,-20,1,RUNNING
164253,5,0.00,0.00,0.00,0,0,0,3,12,-5,-3,-12,5,RUNNING
164278,5,0.00,0.00,0.00,0,0,0,41,-24,23,-41,24,-23,RUNNING
164303,5,0.00,0.00,0.00,0,0,0,58,-59,59,-58,59,-59,RUNNING
164328,5,0.00,0.00,0.00,0,0,0,37,-67,67,-37,67,-67,RUNNING
164353,5,0.00,0.00,0.00,0,0,0,-7,-38,44,7,38,-44,RUNNING
164378,5,0.00,0.00,0.00,0,0,0,-32,3,11,32,-3,-11,RUNNING
164405,5,0.00,0.00,0.00,0,0,0,-14,19,-5,14,-19,5,RUNNING
164430,5,0.00,0.00,0.00,0,0,0,23,22,-1,-23,-22,1,RUNNING
164455,5,0.00,0.00,0.00,0,0,0,53,-7,40,-53,7,-40,RUNNING
164480,5,0.00,0.00,0.00,0,0,0,44,-34,68,-44,34,-68,RUNNING
164505,5,0.00,0.00,0.00,0,0,0,2,-45,64,-2,45,-64,RUNNING
164530,5,0.00,0.00,0.00,0,0,0,-33,-32,33,33,32,-33,RUNNING
164555,5,0.00,0.00,0.00,0,0,0,-34,-5,5,34,5,-5,RUNNING
164580,5,0.00,0.00,0.00,0,0,0,-3,8,-3,3,-8,3,RUNNING
164600,5,0.00,0.00,0.00,0,0,0,-3,8,-3,3,-8,3,TEST_COMPLETE_RETURNED_HOME
--- NEW TEST SESSION STARTED ---
18857,0,0,0,0,0,0,0,0,0,0,0,0,0,SECTION: HOMING ROUTINE STARTED
18866,1,0.00,0.00,0.00,0,0,0,1907,-551,-579,-1907,551,579,RUNNING
18890,1,0.00,0.00,0.00,0,0,0,1907,-551,-579,-1907,551,579,RUNNING
18915,1,0.00,0.00,0.00,0,0,0,1916,-535,-579,-1916,535,579,RUNNING
18940,1,0.00,0.00,0.00,0,0,0,1955,-501,-562,-1955,501,562,RUNNING
18965,1,0.00,0.00,0.00,0,0,0,2002,-451,-503,-2002,451,503,RUNNING
18990,1,0.00,0.00,0.00,0,0,0,2057,-398,-428,-2057,398,428,RUNNING
19015,1,0.00,0.00,0.00,0,0,0,2129,-335,-346,-2129,335,346,RUNNING
19042,1,0.00,0.00,0.00,0,0,0,2194,-265,-251,-2194,265,251,RUNNING
19067,1,0.00,0.00,0.00,0,0,0,2252,-201,-155,-2252,201,155,RUNNING
19092,1,0.00,0.00,0.00,0,0,0,2330,-109,-70,-2330,109,70,RUNNING
19117,1,0.00,0.00,0.00,0,0,0,2402,-31,16,-2402,31,-16,RUNNING
19142,1,0.00,0.00,0.00,0,0,0,2480,53,98,-2480,-53,-98,RUNNING
19167,1,0.00,0.00,0.00,0,0,0,2569,160,172,-2569,-160,-172,RUNNING
19192,1,0.00,0.00,0.00,0,0,0,2660,247,248,-2660,-247,-248,RUNNING
19219,1,0.00,0.00,0.00,0,0,0,2769,340,335,-2769,-340,-335,RUNNING
19244,1,0.00,0.00,0.00,0,0,0,2853,424,414,-2853,-424,-414,RUNNING
19269,1,0.00,0.00,0.00,0,0,0,2950,501,89,-2950,-501,-89,RUNNING
19294,1,0.00,0.00,0.00,0,0,0,3045,73,161,-3045,-73,-161,RUNNING
19319,1,0.00,0.00,0.00,0,0,0,3124,131,214,-3124,-131,-214,RUNNING
19344,1,0.00,0.00,0.00,0,0,0,3209,169,255,-3209,-169,-255,RUNNING
19369,1,0.00,0.00,0.00,0,0,0,3292,198,280,-3292,-198,-280,RUNNING
19394,1,0.00,0.00,0.00,0,0,0,3375,221,296,-3375,-221,-296,RUNNING
19421,1,0.00,0.00,0.00,0,0,0,3449,241,308,-3449,-241,-308,RUNNING
19446,1,0.00,0.00,0.00,0,0,0,3531,252,315,-3531,-252,-315,RUNNING
19471,1,0.00,0.00,0.00,0,0,0,3618,260,320,-3618,-260,-320,RUNNING
19496,1,0.00,0.00,0.00,0,0,0,3697,265,323,-3697,-265,-323,RUNNING
19521,1,0.00,0.00,0.00,0,0,0,3771,263,323,-3771,-263,-323,RUNNING
19546,1,0.00,0.00,0.00,0,0,0,3847,263,323,-3847,-263,-323,RUNNING
19571,1,0.00,0.00,0.00,0,0,0,3934,263,322,-3934,-263,-322,RUNNING
19591,1,0.00,0.00,0.00,0,0,0,0,263,322,0,-263,-322,LIMIT_SWITCHES_REACHED
19617,2,0.00,0.00,0.00,0,0,0,115,263,322,-115,-263,-322,RUNNING
19662,2,0.00,0.00,0.00,0,0,0,0,0,0,0,0,0,HOMING_MOVING_TO_STANDOFF
19686,3,0.00,0.00,0.00,0,0,0,27,0,1,-27,0,-1,RUNNING
19711,3,0.00,0.00,0.00,0,0,0,49,0,1,-49,0,-1,RUNNING
19736,3,0.00,0.00,0.00,0,0,0,56,-24,-13,-56,24,13,RUNNING
19761,3,0.00,0.00,0.00,0,0,0,29,-68,-62,-29,68,62,RUNNING
19786,3,0.00,0.00,0.00,0,0,0,-21,-116,-131,21,116,131,RUNNING
19811,3,0.00,0.00,0.00,0,0,0,-77,-172,-205,77,172,205,RUNNING
19838,3,0.00,0.00,0.00,0,0,0,-147,-246,-287,147,246,287,RUNNING
19863,3,0.00,0.00,0.00,0,0,0,-220,-314,-367,220,314,367,RUNNING
19888,3,0.00,0.00,0.00,0,0,0,-302,-392,-444,302,392,444,RUNNING
19913,3,0.00,0.00,0.00,0,0,0,-382,-476,-523,382,476,523,RUNNING
19938,3,0.00,0.00,0.00,0,0,0,-459,-565,-598,459,565,598,RUNNING
19963,3,0.00,0.00,0.00,0,0,0,-563,-676,-673,563,676,673,RUNNING
19988,3,0.00,0.00,0.00,0,0,0,-632,-771,-752,632,771,752,RUNNING
20013,3,0.00,0.00,0.00,0,0,0,-718,-871,-813,718,871,813,RUNNING
20040,3,0.00,0.00,0.00,0,0,0,-814,-960,-914,814,960,914,RUNNING
20065,3,0.00,0.00,0.00,0,0,0,-879,-1044,-1016,879,1044,1016,RUNNING
20090,3,0.00,0.00,0.00,0,0,0,-982,-1116,-1109,982,1116,1109,RUNNING
20115,3,0.00,0.00,0.00,0,0,0,-1069,-1195,-1210,1069,1195,1210,RUNNING
20140,3,0.00,0.00,0.00,0,0,0,-1164,-1274,-1300,1164,1274,1300,RUNNING
20165,3,0.00,0.00,0.00,0,0,0,-1269,-1358,-1384,1269,1358,1384,RUNNING
20190,3,0.00,0.00,0.00,0,0,0,-1356,-1439,-1466,1356,1439,1466,RUNNING
20215,3,0.00,0.00,0.00,0,0,0,-1469,-1544,-1544,1469,1544,1544,RUNNING
20242,3,0.00,0.00,0.00,0,0,0,-1570,-1656,-1631,1570,1656,1631,RUNNING
20267,3,0.00,0.00,0.00,0,0,0,-1654,-1758,-1708,1654,1758,1708,RUNNING
20292,3,0.00,0.00,0.00,0,0,0,-1743,-1863,-1804,1743,1863,1804,RUNNING
20317,3,0.00,0.00,0.00,0,0,0,-1829,-1958,-1891,1829,1958,1891,RUNNING
20342,3,0.00,0.00,0.00,0,0,0,-1893,-2045,-1988,1893,2045,1988,RUNNING
20367,3,0.00,0.00,0.00,0,0,0,-1969,-2120,-2088,1969,2120,2088,RUNNING
20392,3,0.00,0.00,0.00,0,0,0,-2058,-2213,-2190,2058,2213,2190,RUNNING
20419,3,0.00,0.00,0.00,0,0,0,-2139,-2293,-2295,2139,2293,2295,RUNNING
20444,3,0.00,0.00,0.00,0,0,0,-2215,-2383,-2383,2215,2383,2383,RUNNING
20469,3,0.00,0.00,0.00,0,0,0,-2314,-2473,-2466,2314,2473,2466,RUNNING
20494,3,0.00,0.00,0.00,0,0,0,-2397,-2582,-2548,2397,2582,2548,RUNNING
20519,3,0.00,0.00,0.00,0,0,0,-2494,-2671,-2628,2494,2671,2628,RUNNING
20544,3,0.00,0.00,0.00,0,0,0,-2571,-2778,-2714,2571,2778,2714,RUNNING
20569,3,0.00,0.00,0.00,0,0,0,-2666,-2885,-2798,2666,2885,2798,RUNNING
20594,3,0.00,0.00,0.00,0,0,0,-2748,-2968,-2885,2748,2968,2885,RUNNING
20617,3,0.00,0.00,0.00,0,0,0,-2818,-3041,-2978,2818,3041,2978,RUNNING
20642,3,0.00,0.00,0.00,0,0,0,-2921,-3127,-3079,2921,3127,3079,RUNNING
20667,3,0.00,0.00,0.00,0,0,0,-3006,-3201,-3179,3006,3201,3179,RUNNING
20692,3,0.00,0.00,0.00,0,0,0,-3113,-3270,-3276,3113,3270,3276,RUNNING
20717,3,0.00,0.00,0.00,0,0,0,-3209,-3349,-3368,3209,3349,3368,RUNNING
20742,3,0.00,0.00,0.00,0,0,0,-3325,-3434,-3456,3325,3434,3456,RUNNING
20767,3,0.00,0.00,0.00,0,0,0,-3425,-3517,-3564,3425,3517,3564,RUNNING
20794,3,0.00,0.00,0.00,0,0,0,-3527,-3613,-3651,3527,3613,3651,RUNNING
20819,3,0.00,0.00,0.00,0,0,0,-3631,-3702,-3725,3631,3702,3725,RUNNING
20844,3,0.00,0.00,0.00,0,0,0,-3726,-3792,-3781,3726,3792,3781,RUNNING
20869,3,0.00,0.00,0.00,0,0,0,-3798,-3889,-3875,3798,3889,3875,RUNNING
20894,3,0.00,0.00,0.00,0,0,0,-3885,-3971,-3974,3885,3971,3974,RUNNING
20919,3,0.00,0.00,0.00,0,0,0,-3965,-4065,-4068,3965,4065,4068,RUNNING
20944,3,0.00,0.00,0.00,0,0,0,-4035,-4141,-4171,4035,4141,4171,RUNNING
20971,3,0.00,0.00,0.00,0,0,0,-4122,-4226,-4280,4122,4226,4280,RUNNING
20996,3,0.00,0.00,0.00,0,0,0,-4205,-4312,-4374,4205,4312,4374,RUNNING
21021,3,0.00,0.00,0.00,0,0,0,-4285,-4389,-4464,4285,4389,4464,RUNNING
21046,3,0.00,0.00,0.00,0,0,0,-4365,-4475,-4550,4365,4475,4550,RUNNING
21071,3,0.00,0.00,0.00,0,0,0,-4455,-4572,-4635,4455,4572,4635,RUNNING
21112,3,0.00,0.00,0.00,0,0,0,-4588,-4731,-4776,4588,4731,4776,RUNNING
21137,3,0.00,0.00,0.00,0,0,0,-4684,-4838,-4868,4684,4838,4868,RUNNING
21164,3,0.00,0.00,0.00,0,0,0,-4765,-4944,-4972,4765,4944,4972,RUNNING
21189,3,0.00,0.00,0.00,0,0,0,-4855,-5039,-5074,4855,5039,5074,RUNNING
21214,3,0.00,0.00,0.00,0,0,0,-4932,-5108,-5181,4932,5108,5181,RUNNING
21239,3,0.00,0.00,0.00,0,0,0,-5021,-5201,-5292,5021,5201,5292,RUNNING
21264,3,0.00,0.00,0.00,0,0,0,-5111,-5274,-5385,5111,5274,5385,RUNNING
21289,3,0.00,0.00,0.00,0,0,0,-5192,-5350,-5475,5192,5350,5475,RUNNING
21314,3,0.00,0.00,0.00,0,0,0,-5296,-5422,-5560,5296,5422,5560,RUNNING
21339,3,0.00,0.00,0.00,0,0,0,-5397,-5510,-5635,5397,5510,5635,RUNNING
21366,3,0.00,0.00,0.00,0,0,0,-5497,-5612,-5720,5497,5612,5720,RUNNING
21391,3,0.00,0.00,0.00,0,0,0,-5598,-5697,-5802,5598,5697,5802,RUNNING
21416,3,0.00,0.00,0.00,0,0,0,-5689,-5799,-5885,5689,5799,5885,RUNNING
21441,3,0.00,0.00,0.00,0,0,0,-5788,-5911,-5980,5788,5911,5980,RUNNING
21466,3,0.00,0.00,0.00,0,0,0,-5867,-6014,-6079,5867,6014,6079,RUNNING
21491,3,0.00,0.00,0.00,0,0,0,-5938,-6089,-6177,5938,6089,6177,RUNNING
21516,3,0.00,0.00,0.00,0,0,0,-6023,-6193,-6274,6023,6193,6274,RUNNING
21543,3,0.00,0.00,0.00,0,0,0,-6103,-6279,-6377,6103,6279,6377,RUNNING
21568,3,0.00,0.00,0.00,0,0,0,-6179,-6363,-6469,6179,6363,6469,RUNNING
21593,3,0.00,0.00,0.00,0,0,0,-6267,-6443,-6553,6267,6443,6553,RUNNING
21618,3,0.00,0.00,0.00,0,0,0,-6357,-6539,-6635,6357,6539,6635,RUNNING
21643,3,0.00,0.00,0.00,0,0,0,-6436,-6612,-6720,6436,6612,6720,RUNNING
21668,3,0.00,0.00,0.00,0,0,0,-6527,-6690,-6802,6527,6690,6802,RUNNING
21693,3,0.00,0.00,0.00,0,0,0,-6623,-6809,-6888,6623,6809,6888,RUNNING
21720,3,0.00,0.00,0.00,0,0,0,-6703,-6918,-6988,6703,6918,6988,RUNNING
21745,3,0.00,0.00,0.00,0,0,0,-6807,-7001,-7085,6807,7001,7085,RUNNING
21770,3,0.00,0.00,0.00,0,0,0,-6881,-7097,-7181,6881,7097,7181,RUNNING
21795,3,0.00,0.00,0.00,0,0,0,-6966,-7190,-7284,6966,7190,7284,RUNNING
21820,3,0.00,0.00,0.00,0,0,0,-7064,-7257,-7381,7064,7257,7381,RUNNING
21845,3,0.00,0.00,0.00,0,0,0,-7160,-7333,-7470,7160,7333,7470,RUNNING
21870,3,0.00,0.00,0.00,0,0,0,-7271,-7409,-7550,7271,7409,7550,RUNNING
21895,3,0.00,0.00,0.00,0,0,0,-7366,-7479,-7629,7366,7479,7629,RUNNING
21922,3,0.00,0.00,0.00,0,0,0,-7477,-7543,-7711,7477,7543,7711,RUNNING
21947,3,0.00,0.00,0.00,0,0,0,-7581,-7616,-7788,7581,7616,7788,RUNNING
21972,3,0.00,0.00,0.00,0,0,0,-7684,-7701,-7871,7684,7701,7871,RUNNING
21997,3,0.00,0.00,0.00,0,0,0,-7772,-7789,-7955,7772,7789,7955,RUNNING
22022,3,0.00,0.00,0.00,0,0,0,-7861,-7873,-8047,7861,7873,8047,RUNNING
22047,3,0.00,0.00,0.00,0,0,0,-7952,-7967,-8143,7952,7967,8143,RUNNING
22072,3,0.00,0.00,0.00,0,0,0,-8023,-8059,-8245,8023,8059,8245,RUNNING
22099,3,0.00,0.00,0.00,0,0,0,-8097,-8166,-8350,8097,8166,8350,RUNNING
22124,3,0.00,0.00,0.00,0,0,0,-8181,-8243,-8452,8181,8243,8452,RUNNING
22149,3,0.00,0.00,0.00,0,0,0,-8261,-8343,-8547,8261,8343,8547,RUNNING
22174,3,0.00,0.00,0.00,0,0,0,-8335,-8417,-8638,8335,8417,8638,RUNNING
22199,3,0.00,0.00,0.00,0,0,0,-8418,-8502,-8738,8418,8502,8738,RUNNING
22224,3,0.00,0.00,0.00,0,0,0,-8510,-8590,-8823,8510,8590,8823,RUNNING
22249,3,0.00,0.00,0.00,0,0,0,-8584,-8687,-8912,8584,8687,8912,RUNNING
22287,3,0.00,0.00,0.00,0,0,0,-8725,-8822,-9057,8725,8822,9057,RUNNING
22312,3,0.00,0.00,0.00,0,0,0,-8796,-8912,-9161,8796,8912,9161,RUNNING
22337,3,0.00,0.00,0.00,0,0,0,-8875,-8998,-9263,8875,8998,9263,RUNNING
22362,3,0.00,0.00,0.00,0,0,0,-8971,-9095,-9362,8971,9095,9362,RUNNING
22387,3,0.00,0.00,0.00,0,0,0,-9041,-9173,-9463,9041,9173,9463,RUNNING
22412,3,0.00,0.00,0.00,0,0,0,-9123,-9263,-9555,9123,9263,9555,RUNNING
22437,3,0.00,0.00,0.00,0,0,0,-9226,-9337,-9638,9226,9337,9638,RUNNING
22462,3,0.00,0.00,0.00,0,0,0,-9312,-9418,-9720,9312,9418,9720,RUNNING
22489,3,0.00,0.00,0.00,0,0,0,-9429,-9500,-9803,9429,9500,9803,RUNNING
22514,3,0.00,0.00,0.00,0,0,0,-9518,-9593,-9885,9518,9593,9885,RUNNING
22539,3,0.00,0.00,0.00,0,0,0,-9626,-9684,-9967,9626,9684,9967,RUNNING
22564,3,0.00,0.00,0.00,0,0,0,-9725,-9763,-10060,9725,9763,10060,RUNNING
22589,3,0.00,0.00,0.00,0,0,0,-9813,-9860,-10151,9813,9860,10151,RUNNING
22614,3,0.00,0.00,0.00,0,0,0,-9906,-9950,-10250,9906,9950,10250,RUNNING
22639,3,0.00,0.00,0.00,0,0,0,-9992,-10052,-10348,9992,10052,10348,RUNNING
22666,3,0.00,0.00,0.00,0,0,0,-10072,-10144,-10450,10072,10144,10450,RUNNING
22691,3,0.00,0.00,0.00,0,0,0,-10148,-10248,-10542,10148,10248,10542,RUNNING
22716,3,0.00,0.00,0.00,0,0,0,-10228,-10336,-10627,10228,10336,10627,RUNNING
22741,3,0.00,0.00,0.00,0,0,0,-10311,-10417,-10707,10311,10417,10707,RUNNING
22766,3,0.00,0.00,0.00,0,0,0,-10386,-10522,-10787,10386,10522,10787,RUNNING
22791,3,0.00,0.00,0.00,0,0,0,-10482,-10601,-10871,10482,10601,10871,RUNNING
22816,3,0.00,0.00,0.00,0,0,0,-10563,-10708,-10954,10563,10708,10954,RUNNING
22843,3,0.00,0.00,0.00,0,0,0,-10661,-10791,-11046,10661,10791,11046,RUNNING
22868,3,0.00,0.00,0.00,0,0,0,-10743,-10905,-11145,10743,10905,11145,RUNNING
22893,3,0.00,0.00,0.00,0,0,0,-10835,-10982,-11246,10835,10982,11246,RUNNING
22918,3,0.00,0.00,0.00,0,0,0,-10917,-11068,-11345,10917,11068,11345,RUNNING
22943,3,0.00,0.00,0.00,0,0,0,-10992,-11161,-11438,10992,11161,11438,RUNNING
22968,3,0.00,0.00,0.00,0,0,0,-11101,-11242,-11532,11101,11242,11532,RUNNING
22995,3,0.00,0.00,0.00,0,0,0,-11195,-11327,-11622,11195,11327,11622,RUNNING
23020,3,0.00,0.00,0.00,0,0,0,-11290,-11410,-11701,11290,11410,11701,RUNNING
23045,3,0.00,0.00,0.00,0,0,0,-11398,-11494,-11783,11398,11494,11783,RUNNING
23070,3,0.00,0.00,0.00,0,0,0,-11501,-11571,-11862,11501,11571,11862,RUNNING
23095,3,0.00,0.00,0.00,0,0,0,-11611,-11645,-11943,11611,11645,11943,RUNNING
23120,3,0.00,0.00,0.00,0,0,0,-11699,-11731,-12027,11699,11731,12027,RUNNING
23145,3,0.00,0.00,0.00,0,0,0,-11802,-11813,-12133,11802,11813,12133,RUNNING
23172,3,0.00,0.00,0.00,0,0,0,-11906,-11901,-12232,11906,11901,12232,RUNNING
23197,3,0.00,0.00,0.00,0,0,0,-11985,-11989,-12336,11985,11989,12336,RUNNING
23222,3,0.00,0.00,0.00,0,0,0,-12066,-12078,-12440,12066,12078,12440,RUNNING
23247,3,0.00,0.00,0.00,0,0,0,-12144,-12166,-12538,12144,12166,12538,RUNNING
23272,3,0.00,0.00,0.00,0,0,0,-12217,-12251,-12632,12217,12251,12632,RUNNING
23297,3,0.00,0.00,0.00,0,0,0,-12287,-12345,-12719,12287,12345,12719,RUNNING
23322,3,0.00,0.00,0.00,0,0,0,-12367,-12425,-12809,12367,12425,12809,RUNNING
23349,3,0.00,0.00,0.00,0,0,0,-12458,-12515,-12900,12458,12515,12900,RUNNING
23374,3,0.00,0.00,0.00,0,0,0,-12529,-12603,-12995,12529,12603,12995,RUNNING
23399,3,0.00,0.00,0.00,0,0,0,-12622,-12691,-13086,12622,12691,13086,RUNNING
23424,3,0.00,0.00,0.00,0,0,0,-12706,-12772,-13184,12706,12772,13184,RUNNING
23449,3,0.00,0.00,0.00,0,0,0,-12788,-12873,-13285,12788,12873,13285,RUNNING
23474,3,0.00,0.00,0.00,0,0,0,-12886,-12957,-13392,12886,12957,13392,RUNNING
23499,3,0.00,0.00,0.00,0,0,0,-12941,-13123,-13489,12941,13123,13489,RUNNING
23526,3,0.00,0.00,0.00,0,0,0,-13037,-13226,-13595,13037,13226,13595,RUNNING
23551,3,0.00,0.00,0.00,0,0,0,-13130,-13245,-13682,13130,13245,13682,RUNNING
23576,3,0.00,0.00,0.00,0,0,0,-13227,-13323,-13764,13227,13323,13764,RUNNING
23601,3,0.00,0.00,0.00,0,0,0,-13296,-13404,-13840,13296,13404,13840,RUNNING
23626,3,0.00,0.00,0.00,0,0,0,-13390,-13494,-13919,13390,13494,13919,RUNNING
23651,3,0.00,0.00,0.00,0,0,0,-13507,-13573,-13998,13507,13573,13998,RUNNING
23678,3,0.00,0.00,0.00,0,0,0,-13614,-13682,-14084,13614,13682,14084,RUNNING
23703,3,0.00,0.00,0.00,0,0,0,-13709,-13761,-14176,13709,13761,14176,RUNNING
23728,3,0.00,0.00,0.00,0,0,0,-13808,-13868,-14273,13808,13868,14273,RUNNING
23753,3,0.00,0.00,0.00,0,0,0,-13898,-13952,-14372,13898,13952,14372,RUNNING
23778,3,0.00,0.00,0.00,0,0,0,-14001,-14043,-14464,14001,14043,14464,RUNNING
23803,3,0.00,0.00,0.00,0,0,0,-14079,-14147,-14560,14079,14147,14560,RUNNING
23828,3,0.00,0.00,0.00,0,0,0,-14142,-14229,-14647,14142,14229,14647,RUNNING
23855,3,0.00,0.00,0.00,0,0,0,-14235,-14336,-14737,14235,14336,14737,RUNNING
23880,3,0.00,0.00,0.00,0,0,0,-14313,-14411,-14818,14313,14411,14818,RUNNING
23905,3,0.00,0.00,0.00,0,0,0,-14384,-14514,-14899,14384,14514,14899,RUNNING
23930,3,0.00,0.00,0.00,0,0,0,-14474,-14596,-14979,14474,14596,14979,RUNNING
23955,3,0.00,0.00,0.00,0,0,0,-14561,-14681,-15065,14561,14681,15065,RUNNING
23980,3,0.00,0.00,0.00,0,0,0,-14637,-14787,-15153,14637,14787,15153,RUNNING
24005,3,0.00,0.00,0.00,0,0,0,-14733,-14864,-15247,14733,14864,15247,RUNNING
24032,3,0.00,0.00,0.00,0,0,0,-14828,-14971,-15354,14828,14971,15354,RUNNING
24057,3,0.00,0.00,0.00,0,0,0,-14899,-15045,-15459,14899,15045,15459,RUNNING
24082,3,0.00,0.00,0.00,0,0,0,-14994,-15141,-15531,14994,15141,15531,RUNNING
24125,3,0.00,0.00,0.00,0,0,0,-15134,-15273,-15567,15134,15273,15567,RUNNING
24150,3,0.00,0.00,0.00,0,0,0,-15222,-15345,-15597,15222,15345,15597,RUNNING
24175,3,0.00,0.00,0.00,0,0,0,-15287,-15396,-15645,15287,15396,15645,RUNNING
24200,3,0.00,0.00,0.00,0,0,0,-15346,-15438,-15699,15346,15438,15699,RUNNING
24223,3,0.00,0.00,0.00,0,0,0,-15405,-15488,-15761,15405,15488,15761,RUNNING
24248,3,0.00,0.00,0.00,0,0,0,-15487,-15537,-15827,15487,15537,15827,RUNNING
24273,3,0.00,0.00,0.00,0,0,0,-15563,-15611,-15895,15563,15611,15895,RUNNING
24298,3,0.00,0.00,0.00,0,0,0,-15654,-15685,-15966,15654,15685,15966,RUNNING
24323,3,0.00,0.00,0.00,0,0,0,-15736,-15753,-16037,15736,15753,16037,RUNNING
24348,3,0.00,0.00,0.00,0,0,0,-15806,-15817,-16095,15806,15817,16095,RUNNING
24375,3,0.00,0.00,0.00,0,0,0,-15853,-15891,-16155,15853,15891,16155,RUNNING
24400,3,0.00,0.00,0.00,0,0,0,-15900,-15965,-16211,15900,15965,16211,RUNNING
24425,3,0.00,0.00,0.00,0,0,0,-15964,-16032,-16271,15964,16032,16271,RUNNING
24450,3,0.00,0.00,0.00,0,0,0,-16041,-16087,-16327,16041,16087,16327,RUNNING
24475,3,0.00,0.00,0.00,0,0,0,-16107,-16140,-16384,16107,16140,16384,RUNNING
24500,3,0.00,0.00,0.00,0,0,0,-16150,-16197,-16430,16150,16197,16430,RUNNING
24525,3,0.00,0.00,0.00,0,0,0,-16187,-16256,-16463,16187,16256,16463,RUNNING
24552,3,0.00,0.00,0.00,0,0,0,-16225,-16324,-16494,16225,16324,16494,RUNNING
24577,3,0.00,0.00,0.00,0,0,0,-16273,-16364,-16535,16273,16364,16535,RUNNING
24602,3,0.00,0.00,0.00,0,0,0,-16343,-16400,-16597,16343,16400,16597,RUNNING
24627,3,0.00,0.00,0.00,0,0,0,-16410,-16427,-16669,16410,16427,16669,RUNNING
24652,3,0.00,0.00,0.00,0,0,0,-16441,-16472,-16704,16441,16472,16704,RUNNING
24677,3,0.00,0.00,0.00,0,0,0,-16451,-16541,-16701,16451,16541,16701,RUNNING
24702,3,0.00,0.00,0.00,0,0,0,-16470,-16599,-16701,16470,16599,16701,RUNNING
24729,3,0.00,0.00,0.00,0,0,0,-16516,-16633,-16701,16516,16633,16701,RUNNING
24754,3,0.00,0.00,0.00,0,0,0,-16564,-16636,-16741,16564,16636,16741,RUNNING
24779,3,0.00,0.00,0.00,0,0,0,-16625,-16636,-16800,16625,16636,16800,RUNNING
24804,3,0.00,0.00,0.00,0,0,0,-16670,-16666,-16858,16670,16666,16858,RUNNING
24829,3,0.00,0.00,0.00,0,0,0,-16697,-16719,-16885,16697,16719,16885,RUNNING
24854,3,0.00,0.00,0.00,0,0,0,-16696,-16770,-16884,16696,16770,16884,RUNNING
24881,3,0.00,0.00,0.00,0,0,0,-16712,-16817,-16882,16712,16817,16882,RUNNING
24906,3,0.00,0.00,0.00,0,0,0,-16749,-16826,-16882,16749,16826,16882,RUNNING
24931,3,0.00,0.00,0.00,0,0,0,-16800,-16824,-16907,16800,16824,16907,RUNNING
24956,3,0.00,0.00,0.00,0,0,0,-16855,-16828,-16964,16855,16828,16964,RUNNING
24981,3,0.00,0.00,0.00,0,0,0,-16893,-16859,-17028,16893,16859,17028,RUNNING
25006,3,0.00,0.00,0.00,0,0,0,-16890,-16920,-17058,16890,16920,17058,RUNNING
25031,3,0.00,0.00,0.00,0,0,0,-16856,-16970,-17058,16856,16970,17058,RUNNING
25058,3,0.00,0.00,0.00,0,0,0,-16861,-16992,-17058,16861,16992,17058,RUNNING
25083,3,0.00,0.00,0.00,0,0,0,-16901,-16999,-17058,16901,16999,17058,RUNNING
25108,3,0.00,0.00,0.00,0,0,0,-16953,-16996,-17058,16953,16996,17058,RUNNING
25133,3,0.00,0.00,0.00,0,0,0,-16991,-16999,-17089,16991,16999,17089,RUNNING
25158,3,0.00,0.00,0.00,0,0,0,-17000,-17024,-17155,17000,17024,17155,RUNNING
25183,3,0.00,0.00,0.00,0,0,0,-16991,-17087,-17207,16991,17087,17207,RUNNING
25208,3,0.00,0.00,0.00,0,0,0,-16993,-17156,-17221,16993,17156,17221,RUNNING
25235,3,0.00,0.00,0.00,0,0,0,-17025,-17189,-17221,17025,17189,17221,RUNNING
25260,3,0.00,0.00,0.00,0,0,0,-17074,-17187,-17219,17074,17187,17219,RUNNING
25285,3,0.00,0.00,0.00,0,0,0,-17124,-17190,-17218,17124,17190,17218,RUNNING
25310,3,0.00,0.00,0.00,0,0,0,-17136,-17192,-17219,17136,17192,17219,RUNNING
25335,3,0.00,0.00,0.00,0,0,0,-17110,-17191,-17280,17110,17191,17280,RUNNING
25360,3,0.00,0.00,0.00,0,0,0,-17091,-17197,-17355,17091,17197,17355,RUNNING
25385,3,0.00,0.00,0.00,0,0,0,-17115,-17260,-17402,17115,17260,17402,RUNNING
25412,3,0.00,0.00,0.00,0,0,0,-17162,-17327,-17403,17162,17327,17403,RUNNING
25437,3,0.00,0.00,0.00,0,0,0,-17200,-17367,-17400,17200,17367,17400,RUNNING
25462,3,0.00,0.00,0.00,0,0,0,-17224,-17370,-17371,17224,17370,17371,RUNNING
25487,3,0.00,0.00,0.00,0,0,0,-17212,-17371,-17374,17212,17371,17374,RUNNING
25512,3,0.00,0.00,0.00,0,0,0,-17181,-17373,-17379,17181,17373,17379,RUNNING
25537,3,0.00,0.00,0.00,0,0,0,-17182,-17372,-17409,17182,17372,17409,RUNNING
25564,3,0.00,0.00,0.00,0,0,0,-17217,-17373,-17461,17217,17373,17461,RUNNING
25589,3,0.00,0.00,0.00,0,0,0,-17262,-17373,-17488,17262,17373,17488,RUNNING
25614,3,0.00,0.00,0.00,0,0,0,-17289,-17412,-17486,17289,17412,17486,RUNNING
25639,3,0.00,0.00,0.00,0,0,0,-17286,-17464,-17475,17286,17464,17475,RUNNING
25664,3,0.00,0.00,0.00,0,0,0,-17265,-17487,-17443,17265,17487,17443,RUNNING
25689,3,0.00,0.00,0.00,0,0,0,-17263,-17490,-17444,17263,17490,17444,RUNNING
25714,3,0.00,0.00,0.00,0,0,0,-17288,-17489,-17450,17288,17489,17450,RUNNING
25741,3,0.00,0.00,0.00,0,0,0,-17344,-17478,-17492,17344,17478,17492,RUNNING
25766,3,0.00,0.00,0.00,0,0,0,-17392,-17477,-17538,17392,17477,17538,RUNNING
25791,3,0.00,0.00,0.00,0,0,0,-17406,-17480,-17558,17406,17480,17558,RUNNING
25816,3,0.00,0.00,0.00,0,0,0,-17376,-17482,-17557,17376,17482,17557,RUNNING
25841,3,0.00,0.00,0.00,0,0,0,-17342,-17507,-17543,17342,17507,17543,RUNNING
25866,3,0.00,0.00,0.00,0,0,0,-17336,-17541,-17511,17336,17541,17511,RUNNING
25891,3,0.00,0.00,0.00,0,0,0,-17365,-17553,-17511,17365,17553,17511,RUNNING
25918,3,0.00,0.00,0.00,0,0,0,-17421,-17556,-17517,17421,17556,17517,RUNNING
25943,3,0.00,0.00,0.00,0,0,0,-17449,-17552,-17548,17449,17552,17548,RUNNING
25968,3,0.00,0.00,0.00,0,0,0,-17452,-17543,-17594,17452,17543,17594,RUNNING
25993,3,0.00,0.00,0.00,0,0,0,-17416,-17541,-17610,17416,17541,17610,RUNNING
26018,3,0.00,0.00,0.00,0,0,0,-17386,-17540,-17609,17386,17540,17609,RUNNING
26043,3,0.00,0.00,0.00,0,0,0,-17393,-17541,-17593,17393,17541,17593,RUNNING
26068,3,0.00,0.00,0.00,0,0,0,-17435,-17562,-17565,17435,17562,17565,RUNNING
26095,3,0.00,0.00,0.00,0,0,0,-17486,-17593,-17562,17486,17593,17562,RUNNING
26120,3,0.00,0.00,0.00,0,0,0,-17508,-17605,-17566,17508,17605,17566,RUNNING
26145,3,0.00,0.00,0.00,0,0,0,-17491,-17607,-17603,17491,17607,17603,RUNNING
26170,3,0.00,0.00,0.00,0,0,0,-17452,-17603,-17648,17452,17603,17648,RUNNING
26195,3,0.00,0.00,0.00,0,0,0,-17435,-17589,-17662,17435,17589,17662,RUNNING
26220,3,0.00,0.00,0.00,0,0,0,-17451,-17586,-17662,17451,17586,17662,RUNNING
26247,3,0.00,0.00,0.00,0,0,0,-17507,-17587,-17641,17507,17587,17641,RUNNING
26272,3,0.00,0.00,0.00,0,0,0,-17553,-17590,-17610,17553,17590,17610,RUNNING
26297,3,0.00,0.00,0.00,0,0,0,-17567,-17615,-17608,17567,17615,17608,RUNNING
26322,3,0.00,0.00,0.00,0,0,0,-17538,-17643,-17613,17538,17643,17613,RUNNING
26347,3,0.00,0.00,0.00,0,0,0,-17496,-17649,-17638,17496,17649,17638,RUNNING
26372,3,0.00,0.00,0.00,0,0,0,-17484,-17652,-17668,17484,17652,17668,RUNNING
26397,3,0.00,0.00,0.00,0,0,0,-17509,-17638,-17672,17509,17638,17672,RUNNING
26424,3,0.00,0.00,0.00,0,0,0,-17575,-17614,-17671,17575,17614,17671,RUNNING
26449,3,0.00,0.00,0.00,0,0,0,-17608,-17606,-17634,17608,17606,17634,RUNNING
26474,3,0.00,0.00,0.00,0,0,0,-17610,-17606,-17606,17610,17606,17606,RUNNING
26494,3,0.00,0.00,0.00,0,0,0,-17610,-17606,-17606,17610,17606,17606,HOMING_COMPLETE
47400,6,0.00,20.00,0.00,-228,141,141,-17429,-17746,-17663,17201,17887,17804,START_STEP
47424,6,0.00,20.00,0.00,-228,141,141,-17429,-17746,-17663,17201,17887,17804,RUNNING
47450,6,0.00,20.00,0.00,-228,141,141,-17429,-17746,-17663,17201,17887,17804,RUNNING
47475,6,0.00,20.00,0.00,-228,141,141,-17408,-17744,-17663,17180,17885,17804,RUNNING
47500,6,0.00,20.00,0.00,-228,141,141,-17361,-17732,-17649,17133,17873,17790,RUNNING
47525,6,0.00,20.00,0.00,-228,141,141,-17308,-17687,-17591,17080,17828,17732,RUNNING
47550,6,0.00,20.00,0.00,-228,141,141,-17250,-17632,-17515,17022,17773,17656,RUNNING
47575,6,0.00,20.00,0.00,-228,141,141,-17179,-17568,-17436,16951,17709,17577,RUNNING
47600,6,0.00,20.00,0.00,-228,141,141,-17100,-17499,-17351,16872,17640,17492,RUNNING
47627,6,0.00,20.00,0.00,-228,141,141,-17030,-17424,-17250,16802,17565,17391,RUNNING
47652,6,0.00,20.00,0.00,-228,141,141,-16961,-17352,-17169,16733,17493,17310,RUNNING
47677,6,0.00,20.00,0.00,-228,141,141,-16874,-17272,-17085,16646,17413,17226,RUNNING
47702,6,0.00,20.00,0.00,-228,141,141,-16793,-17188,-17003,16565,17329,17144,RUNNING
47727,6,0.00,20.00,0.00,-228,141,141,-16718,-17096,-16928,16490,17237,17069,RUNNING
47752,6,0.00,20.00,0.00,-228,141,141,-16641,-16996,-16848,16413,17137,16989,RUNNING
47779,6,0.00,20.00,0.00,-228,141,141,-16564,-16900,-16760,16336,17041,16901,RUNNING
47804,6,0.00,20.00,0.00,-228,141,141,-16483,-16814,-16669,16255,16955,16810,RUNNING
47829,6,0.00,20.00,0.00,-228,141,141,-16407,-16730,-16579,16179,16871,16720,RUNNING
47854,6,0.00,20.00,0.00,-228,141,141,-16344,-16651,-16485,16116,16792,16626,RUNNING
47879,6,0.00,20.00,0.00,-228,141,141,-16279,-16570,-16374,16051,16711,16515,RUNNING
47904,6,0.00,20.00,0.00,-228,141,141,-16197,-16501,-16281,15969,16642,16422,RUNNING
47931,6,0.00,20.00,0.00,-228,141,141,-16118,-16423,-16181,15890,16564,16322,RUNNING
47956,6,0.00,20.00,0.00,-228,141,141,-16047,-16340,-16096,15819,16481,16237,RUNNING
47981,6,0.00,20.00,0.00,-228,141,141,-15969,-16266,-16013,15741,16407,16154,RUNNING
48026,6,0.00,20.00,0.00,-228,141,141,-15797,-16100,-15876,15569,16241,16017,RUNNING
48051,6,0.00,20.00,0.00,-228,141,141,-15718,-16012,-15800,15490,16153,15941,RUNNING
48076,6,0.00,20.00,0.00,-228,141,141,-15617,-15922,-15721,15389,16063,15862,RUNNING
48103,6,0.00,20.00,0.00,-228,141,141,-15508,-15823,-15612,15280,15964,15753,RUNNING
48128,6,0.00,20.00,0.00,-228,141,141,-15419,-15739,-15513,15191,15880,15654,RUNNING
48153,6,0.00,20.00,0.00,-228,141,141,-15302,-15653,-15414,15074,15794,15555,RUNNING
48178,6,0.00,20.00,0.00,-228,141,141,-15220,-15580,-15309,14992,15721,15450,RUNNING
48203,6,0.00,20.00,0.00,-228,141,141,-15142,-15501,-15210,14914,15642,15351,RUNNING
48228,6,0.00,20.00,0.00,-228,141,141,-15047,-15425,-15112,14819,15566,15253,RUNNING
48255,6,0.00,20.00,0.00,-228,141,141,-14963,-15341,-15025,14735,15482,15166,RUNNING
48280,6,0.00,20.00,0.00,-228,141,141,-14889,-15260,-14940,14661,15401,15081,RUNNING
48305,6,0.00,20.00,0.00,-228,141,141,-14815,-15177,-14860,14587,15318,15001,RUNNING
48330,6,0.00,20.00,0.00,-228,141,141,-14731,-15082,-14788,14503,15223,14929,RUNNING
48355,6,0.00,20.00,0.00,-228,141,141,-14645,-14986,-14701,14417,15127,14842,RUNNING
48380,6,0.00,20.00,0.00,-228,141,141,-14568,-14892,-14620,14340,15033,14761,RUNNING
48407,6,0.00,20.00,0.00,-228,141,141,-14481,-14782,-14520,14253,14923,14661,RUNNING
48432,6,0.00,20.00,0.00,-228,141,141,-14407,-14699,-14432,14179,14840,14573,RUNNING
48457,6,0.00,20.00,0.00,-228,141,141,-14324,-14623,-14336,14096,14764,14477,RUNNING
48482,6,0.00,20.00,0.00,-228,141,141,-14252,-14534,-14236,14024,14675,14377,RUNNING
48507,6,0.00,20.00,0.00,-228,141,141,-14192,-14447,-14157,13964,14588,14298,RUNNING
48532,6,0.00,20.00,0.00,-228,141,141,-14116,-14388,-14066,13888,14529,14207,RUNNING
48560,6,0.00,20.00,0.00,-228,141,141,-14024,-14291,-13983,13796,14432,14124,RUNNING
48586,6,0.00,20.00,0.00,-228,141,141,-13943,-14212,-13906,13715,14353,14047,RUNNING
48612,6,0.00,20.00,0.00,-228,141,141,-13858,-14121,-13833,13630,14262,13974,RUNNING
48638,6,0.00,20.00,0.00,-228,141,141,-13760,-14025,-13759,13532,14166,13900,RUNNING
48664,6,0.00,20.00,0.00,-228,141,141,-13658,-13928,-13674,13430,14069,13815,RUNNING
48690,6,0.00,20.00,0.00,-228,141,141,-13567,-13818,-13591,13339,13959,13732,RUNNING
48718,6,0.00,20.00,0.00,-228,141,141,-13448,-13730,-13490,13220,13871,13631,RUNNING
48743,6,0.00,20.00,0.00,-228,141,141,-13360,-13636,-13388,13132,13777,13529,RUNNING
48768,6,0.00,20.00,0.00,-228,141,141,-13277,-13556,-13298,13049,13697,13439,RUNNING
48793,6,0.00,20.00,0.00,-228,141,141,-13172,-13490,-13193,12944,13631,13334,RUNNING
48818,6,0.00,20.00,0.00,-228,141,141,-13106,-13415,-13101,12878,13556,13242,RUNNING
48843,6,0.00,20.00,0.00,-228,141,141,-13035,-13339,-13013,12807,13480,13154,RUNNING
48870,6,0.00,20.00,0.00,-228,141,141,-12938,-13262,-12923,12710,13403,13064,RUNNING
48895,6,0.00,20.00,0.00,-228,141,141,-12863,-13186,-12841,12635,13327,12982,RUNNING
48920,6,0.00,20.00,0.00,-228,141,141,-12784,-13098,-12759,12556,13239,12900,RUNNING
48945,6,0.00,20.00,0.00,-228,141,141,-12707,-13009,-12682,12479,13150,12823,RUNNING
48970,6,0.00,20.00,0.00,-228,141,141,-12625,-12908,-12592,12397,13049,12733,RUNNING
48995,6,0.00,20.00,0.00,-228,141,141,-12542,-12821,-12498,12314,12962,12639,RUNNING
49022,6,0.00,20.00,0.00,-228,141,141,-12460,-12726,-12395,12232,12867,12536,RUNNING
49047,6,0.00,20.00,0.00,-228,141,141,-12393,-12636,-12292,12165,12777,12433,RUNNING
49072,6,0.00,20.00,0.00,-228,141,141,-12319,-12564,-12195,12091,12705,12336,RUNNING
49097,6,0.00,20.00,0.00,-228,141,141,-12238,-12488,-12088,12010,12629,12229,RUNNING
49122,6,0.00,20.00,0.00,-228,141,141,-12173,-12412,-12007,11945,12553,12148,RUNNING
49147,6,0.00,20.00,0.00,-228,141,141,-12117,-12340,-11927,11889,12481,12068,RUNNING
49172,6,0.00,20.00,0.00,-228,141,141,-12038,-12263,-11849,11810,12404,11990,RUNNING
49199,6,0.00,20.00,0.00,-228,141,141,-11942,-12179,-11774,11714,12320,11915,RUNNING
49224,6,0.00,20.00,0.00,-228,141,141,-11874,-12089,-11697,11646,12230,11838,RUNNING
49249,6,0.00,20.00,0.00,-228,141,141,-11787,-11999,-11618,11559,12140,11759,RUNNING
49274,6,0.00,20.00,0.00,-228,141,141,-11680,-11915,-11526,11452,12056,11667,RUNNING
49299,6,0.00,20.00,0.00,-228,141,141,-11591,-11815,-11437,11363,11956,11578,RUNNING
49324,6,0.00,20.00,0.00,-228,141,141,-11502,-11724,-11342,11274,11865,11483,RUNNING
49351,6,0.00,20.00,0.00,-228,141,141,-11390,-11640,-11223,11162,11781,11364,RUNNING
49376,6,0.00,20.00,0.00,-228,141,141,-11289,-11556,-11128,11061,11697,11269,RUNNING
49401,6,0.00,20.00,0.00,-228,141,141,-11197,-11478,-11032,10969,11619,11173,RUNNING
49426,6,0.00,20.00,0.00,-228,141,141,-11093,-11405,-10947,10865,11546,11088,RUNNING
49451,6,0.00,20.00,0.00,-228,141,141,-11014,-11334,-10861,10786,11475,11002,RUNNING
49476,6,0.00,20.00,0.00,-228,141,141,-10942,-11253,-10785,10714,11394,10926,RUNNING
49503,6,0.00,20.00,0.00,-228,141,141,-10852,-11167,-10706,10624,11308,10847,RUNNING
49528,6,0.00,20.00,0.00,-228,141,141,-10766,-11087,-10621,10538,11228,10762,RUNNING
49553,6,0.00,20.00,0.00,-228,141,141,-10694,-10994,-10542,10466,11135,10683,RUNNING
49578,6,0.00,20.00,0.00,-228,141,141,-10608,-10894,-10456,10380,11035,10597,RUNNING
49603,6,0.00,20.00,0.00,-228,141,141,-10529,-10798,-10361,10301,10939,10502,RUNNING
49628,6,0.00,20.00,0.00,-228,141,141,-10450,-10712,-10272,10222,10853,10413,RUNNING
49655,6,0.00,20.00,0.00,-228,141,141,-10357,-10612,-10168,10129,10753,10309,RUNNING
49680,6,0.00,20.00,0.00,-228,141,141,-10290,-10525,-10080,10062,10666,10221,RUNNING
49705,6,0.00,20.00,0.00,-228,141,141,-10212,-10457,-9992,9984,10598,10133,RUNNING
49730,6,0.00,20.00,0.00,-228,141,141,-10131,-10375,-9913,9903,10516,10054,RUNNING
49755,6,0.00,20.00,0.00,-228,141,141,-10064,-10292,-9844,9836,10433,9985,RUNNING
49780,6,0.00,20.00,0.00,-228,141,141,-9999,-10222,-9764,9771,10363,9905,RUNNING
49807,6,0.00,20.00,0.00,-228,141,141,-9909,-10133,-9690,9681,10274,9831,RUNNING
49832,6,0.00,20.00,0.00,-228,141,141,-9818,-10042,-9613,9590,10183,9754,RUNNING
49857,6,0.00,20.00,0.00,-228,141,141,-9738,-9962,-9524,9510,10103,9665,RUNNING
49882,6,0.00,20.00,0.00,-228,141,141,-9651,-9866,-9440,9423,10007,9581,RUNNING
49907,6,0.00,20.00,0.00,-228,141,141,-9541,-9768,-9344,9313,9909,9485,RUNNING
49932,6,0.00,20.00,0.00,-228,141,141,-9456,-9678,-9245,9228,9819,9386,RUNNING
49959,6,0.00,20.00,0.00,-228,141,141,-9358,-9583,-9133,9130,9724,9274,RUNNING
49984,6,0.00,20.00,0.00,-228,141,141,-9257,-9506,-9038,9029,9647,9179,RUNNING
50009,6,0.00,20.00,0.00,-228,141,141,-9173,-9435,-8949,8945,9576,9090,RUNNING
50034,6,0.00,20.00,0.00,-228,141,141,-9090,-9363,-8859,8862,9504,9000,RUNNING
50059,6,0.00,20.00,0.00,-228,141,141,-9007,-9285,-8781,8779,9426,8922,RUNNING
50084,6,0.00,20.00,0.00,-228,141,141,-8933,-9216,-8690,8705,9357,8831,RUNNING
50109,6,0.00,20.00,0.00,-228,141,141,-8853,-9145,-8610,8625,9286,8751,RUNNING
50136,6,0.00,20.00,0.00,-228,141,141,-8776,-9042,-8519,8548,9183,8660,RUNNING
50161,6,0.00,20.00,0.00,-228,141,141,-8693,-8963,-8428,8465,9104,8569,RUNNING
50186,6,0.00,20.00,0.00,-228,141,141,-8611,-8875,-8339,8383,9016,8480,RUNNING
50211,6,0.00,20.00,0.00,-228,141,141,-8538,-8769,-8235,8310,8910,8376,RUNNING
50236,6,0.00,20.00,0.00,-228,141,141,-8461,-8681,-8141,8233,8822,8282,RUNNING
50261,6,0.00,20.00,0.00,-228,141,141,-8378,-8594,-8051,8150,8735,8192,RUNNING
50286,6,0.00,20.00,0.00,-228,141,141,-8300,-8516,-7960,8072,8657,8101,RUNNING
50313,6,0.00,20.00,0.00,-228,141,141,-8226,-8426,-7875,7998,8567,8016,RUNNING
50338,6,0.00,20.00,0.00,-228,141,141,-8156,-8354,-7794,7928,8495,7935,RUNNING
50363,6,0.00,20.00,0.00,-228,141,141,-8081,-8285,-7723,7853,8426,7864,RUNNING
50388,6,0.00,20.00,0.00,-228,141,141,-8010,-8203,-7649,7782,8344,7790,RUNNING
50413,6,0.00,20.00,0.00,-228,141,141,-7946,-8127,-7569,7718,8268,7710,RUNNING
50438,6,0.00,20.00,0.00,-228,141,141,-7871,-8052,-7491,7643,8193,7632,RUNNING
50465,6,0.00,20.00,0.00,-228,141,141,-7771,-7957,-7386,7543,8098,7527,RUNNING
50490,6,0.00,20.00,0.00,-228,141,141,-7687,-7864,-7292,7459,8005,7433,RUNNING
50515,6,0.00,20.00,0.00,-228,141,141,-7601,-7774,-7191,7373,7915,7332,RUNNING
50540,6,0.00,20.00,0.00,-228,141,141,-7499,-7690,-7094,7271,7831,7235,RUNNING
50565,6,0.00,20.00,0.00,-228,141,141,-7391,-7601,-6997,7163,7742,7138,RUNNING
50590,6,0.00,20.00,0.00,-228,141,141,-7304,-7513,-6903,7076,7654,7044,RUNNING
50615,6,0.00,20.00,0.00,-228,141,141,-7206,-7441,-6825,6978,7582,6966,RUNNING
50642,6,0.00,20.00,0.00,-228,141,141,-7084,-7360,-6734,6856,7501,6875,RUNNING
50667,6,0.00,20.00,0.00,-228,141,141,-7006,-7284,-6658,6778,7425,6799,RUNNING
50692,6,0.00,20.00,0.00,-228,141,141,-6919,-7215,-6584,6691,7356,6725,RUNNING
50717,6,0.00,20.00,0.00,-228,141,141,-6840,-7139,-6501,6612,7280,6642,RUNNING
50742,6,0.00,20.00,0.00,-228,141,141,-6764,-7057,-6417,6536,7198,6558,RUNNING
50767,6,0.00,20.00,0.00,-228,141,141,-6678,-6971,-6325,6450,7112,6466,RUNNING
50794,6,0.00,20.00,0.00,-228,141,141,-6600,-6873,-6229,6372,7014,6370,RUNNING
50819,6,0.00,20.00,0.00,-228,141,141,-6506,-6779,-6128,6278,6920,6269,RUNNING
50844,6,0.00,20.00,0.00,-228,141,141,-6423,-6676,-6032,6195,6817,6173,RUNNING
50869,6,0.00,20.00,0.00,-228,141,141,-6348,-6578,-5947,6120,6719,6088,RUNNING
50894,6,0.00,20.00,0.00,-228,141,141,-6272,-6501,-5861,6044,6642,6002,RUNNING
50919,6,0.00,20.00,0.00,-228,141,141,-6187,-6422,-5783,5959,6563,5924,RUNNING
50944,6,0.00,20.00,0.00,-228,141,141,-6111,-6339,-5708,5883,6480,5849,RUNNING
50971,6,0.00,20.00,0.00,-228,141,141,-6042,-6261,-5630,5814,6402,5771,RUNNING
50996,6,0.00,20.00,0.00,-228,141,141,-5971,-6191,-5554,5743,6332,5695,RUNNING
51165,6,0.00,20.00,0.00,-228,141,141,-5401,-5595,-4917,5173,5736,5058,RUNNING
51190,6,0.00,20.00,0.00,-228,141,141,-5303,-5511,-4831,5075,5652,4972,RUNNING
51215,6,0.00,20.00,0.00,-228,141,141,-5239,-5461,-4775,5011,5602,4916,RUNNING
51240,6,0.00,20.00,0.00,-228,141,141,-5193,-5418,-4736,4965,5559,4877,RUNNING
51267,6,0.00,20.00,0.00,-228,141,141,-5142,-5365,-4681,4914,5506,4822,RUNNING
51292,6,0.00,20.00,0.00,-228,141,141,-5073,-5308,-4614,4845,5449,4755,RUNNING
51317,6,0.00,20.00,0.00,-228,141,141,-4994,-5249,-4542,4766,5390,4683,RUNNING
51342,6,0.00,20.00,0.00,-228,141,141,-4926,-5181,-4473,4698,5322,4614,RUNNING
51367,6,0.00,20.00,0.00,-228,141,141,-4859,-5106,-4386,4631,5247,4527,RUNNING
51392,6,0.00,20.00,0.00,-228,141,141,-4783,-5038,-4297,4555,5179,4438,RUNNING
51417,6,0.00,20.00,0.00,-228,141,141,-4709,-4950,-4212,4481,5091,4353,RUNNING
51444,6,0.00,20.00,0.00,-228,141,141,-4626,-4858,-4101,4398,4999,4242,RUNNING
51469,6,0.00,20.00,0.00,-228,141,141,-4546,-4763,-4008,4318,4904,4149,RUNNING
51494,6,0.00,20.00,0.00,-228,141,141,-4465,-4673,-3914,4237,4814,4055,RUNNING
51519,6,0.00,20.00,0.00,-228,141,141,-4378,-4584,-3830,4150,4725,3971,RUNNING
51544,6,0.00,20.00,0.00,-228,141,141,-4305,-4490,-3755,4077,4631,3896,RUNNING
51569,6,0.00,20.00,0.00,-228,141,141,-4240,-4417,-3673,4012,4558,3814,RUNNING
51594,6,0.00,20.00,0.00,-228,141,141,-4160,-4341,-3602,3932,4482,3743,RUNNING
51621,6,0.00,20.00,0.00,-228,141,141,-4069,-4258,-3519,3841,4399,3660,RUNNING
51646,6,0.00,20.00,0.00,-228,141,141,-4009,-4186,-3440,3781,4327,3581,RUNNING
51671,6,0.00,20.00,0.00,-228,141,141,-3944,-4107,-3355,3716,4248,3496,RUNNING
51696,6,0.00,20.00,0.00,-228,141,141,-3863,-4035,-3263,3635,4176,3404,RUNNING
51721,6,0.00,20.00,0.00,-228,141,141,-3793,-3953,-3169,3565,4094,3310,RUNNING
51746,6,0.00,20.00,0.00,-228,141,141,-3715,-3865,-3061,3487,4006,3202,RUNNING
51773,6,0.00,20.00,0.00,-228,141,141,-3625,-3773,-2958,3397,3914,3099,RUNNING
51798,6,0.00,20.00,0.00,-228,141,141,-3523,-3680,-2860,3295,3821,3001,RUNNING
51823,6,0.00,20.00,0.00,-228,141,141,-3431,-3590,-2772,3203,3731,2913,RUNNING
51848,6,0.00,20.00,0.00,-228,141,141,-3341,-3510,-2689,3113,3651,2830,RUNNING
51873,6,0.00,20.00,0.00,-228,141,141,-3238,-3425,-2606,3010,3566,2747,RUNNING
51898,6,0.00,20.00,0.00,-228,141,141,-3135,-3340,-2533,2907,3481,2674,RUNNING
51923,6,0.00,20.00,0.00,-228,141,141,-3030,-3273,-2445,2802,3414,2586,RUNNING
51950,6,0.00,20.00,0.00,-228,141,141,-2936,-3197,-2361,2708,3338,2502,RUNNING
51975,6,0.00,20.00,0.00,-228,141,141,-2836,-3124,-2273,2608,3265,2414,RUNNING
52000,6,0.00,20.00,0.00,-228,141,141,-2763,-3050,-2178,2535,3191,2319,RUNNING
52025,6,0.00,20.00,0.00,-228,141,141,-2691,-2974,-2082,2463,3115,2223,RUNNING
52050,6,0.00,20.00,0.00,-228,141,141,-2606,-2894,-1991,2378,3035,2132,RUNNING
52075,6,0.00,20.00,0.00,-228,141,141,-2530,-2802,-1917,2302,2943,2058,RUNNING
52102,6,0.00,20.00,0.00,-228,141,141,-2456,-2690,-1854,2228,2831,1995,RUNNING
52127,6,0.00,20.00,0.00,-228,141,141,-2372,-2607,-1782,2144,2748,1923,RUNNING
52152,6,0.00,20.00,0.00,-228,141,141,-2290,-2514,-1721,2062,2655,1862,RUNNING
52177,6,0.00,20.00,0.00,-228,141,141,-2211,-2426,-1661,1983,2567,1802,RUNNING
52202,6,0.00,20.00,0.00,-228,141,141,-2147,-2346,-1589,1919,2487,1730,RUNNING
52227,6,0.00,20.00,0.00,-228,141,141,-2096,-2272,-1526,1868,2413,1667,RUNNING
52252,6,0.00,20.00,0.00,-228,141,141,-2032,-2206,-1465,1804,2347,1606,RUNNING
52279,6,0.00,20.00,0.00,-228,141,141,-1959,-2116,-1393,1731,2257,1534,RUNNING
52304,6,0.00,20.00,0.00,-228,141,141,-1906,-2045,-1328,1678,2186,1469,RUNNING
52329,6,0.00,20.00,0.00,-228,141,141,-1849,-1977,-1278,1621,2118,1419,RUNNING
52354,6,0.00,20.00,0.00,-228,141,141,-1787,-1896,-1237,1559,2037,1378,RUNNING
52379,6,0.00,20.00,0.00,-228,141,141,-1727,-1812,-1187,1499,1953,1328,RUNNING
52404,6,0.00,20.00,0.00,-228,141,141,-1659,-1724,-1122,1431,1865,1263,RUNNING
52431,6,0.00,20.00,0.00,-228,141,141,-1592,-1644,-1049,1364,1785,1190,RUNNING
52456,6,0.00,20.00,0.00,-228,141,141,-1544,-1583,-998,1316,1724,1139,RUNNING
52481,6,0.00,20.00,0.00,-228,141,141,-1509,-1527,-989,1281,1668,1130,RUNNING
52506,6,0.00,20.00,0.00,-228,141,141,-1475,-1465,-995,1247,1606,1136,RUNNING
52531,6,0.00,20.00,0.00,-228,141,141,-1430,-1409,-973,1202,1550,1114,RUNNING
52556,6,0.00,20.00,0.00,-228,141,141,-1358,-1352,-917,1130,1493,1058,RUNNING
52581,6,0.00,20.00,0.00,-228,141,141,-1292,-1299,-857,1064,1440,998,RUNNING
52608,6,0.00,20.00,0.00,-228,141,141,-1268,-1244,-807,1040,1385,948,RUNNING
52633,6,0.00,20.00,0.00,-228,141,141,-1272,-1190,-793,1044,1331,934,RUNNING
52658,6,0.00,20.00,0.00,-228,141,141,-1273,-1146,-796,1045,1287,937,RUNNING
52683,6,0.00,20.00,0.00,-228,141,141,-1247,-1093,-781,1019,1234,922,RUNNING
52708,6,0.00,20.00,0.00,-228,141,141,-1185,-1054,-739,957,1195,880,RUNNING
52733,6,0.00,20.00,0.00,-228,141,141,-1111,-1009,-676,883,1150,817,RUNNING
52758,6,0.00,20.00,0.00,-228,141,141,-1069,-970,-631,841,1111,772,RUNNING
52785,6,0.00,20.00,0.00,-228,141,141,-1080,-905,-623,852,1046,764,RUNNING
52810,6,0.00,20.00,0.00,-228,141,141,-1101,-854,-636,873,995,777,RUNNING
52835,6,0.00,20.00,0.00,-228,141,141,-1096,-826,-631,868,967,772,RUNNING
52860,6,0.00,20.00,0.00,-228,141,141,-1051,-820,-598,823,961,739,RUNNING
52885,6,0.00,20.00,0.00,-228,141,141,-992,-810,-551,764,951,692,RUNNING
52910,6,0.00,20.00,0.00,-228,141,141,-965,-773,-498,737,914,639,RUNNING
52935,6,0.00,20.00,0.00,-228,141,141,-963,-711,-471,735,852,612,RUNNING
52962,6,0.00,20.00,0.00,-228,141,141,-966,-640,-483,738,781,624,RUNNING
52987,6,0.00,20.00,0.00,-228,141,141,-944,-608,-498,716,749,639,RUNNING
53012,6,0.00,20.00,0.00,-228,141,141,-896,-626,-498,668,767,639,RUNNING
53037,6,0.00,20.00,0.00,-228,141,141,-850,-653,-462,622,794,603,RUNNING
53062,6,0.00,20.00,0.00,-228,141,141,-826,-649,-410,598,790,551,RUNNING
53087,6,0.00,20.00,0.00,-228,141,141,-848,-609,-367,620,750,508,RUNNING
53112,6,0.00,20.00,0.00,-228,141,141,-867,-549,-363,639,690,504,RUNNING
53139,6,0.00,20.00,0.00,-228,141,141,-843,-505,-377,615,646,518,RUNNING
53164,6,0.00,20.00,0.00,-228,141,141,-808,-501,-381,580,642,522,RUNNING
53189,6,0.00,20.00,0.00,-228,141,141,-766,-523,-381,538,664,522,RUNNING
53214,6,0.00,20.00,0.00,-228,141,141,-733,-531,-344,505,672,485,RUNNING
53239,6,0.00,20.00,0.00,-228,141,141,-744,-498,-278,516,639,419,RUNNING
53264,6,0.00,20.00,0.00,-228,141,141,-775,-454,-237,547,595,378,RUNNING
53289,6,0.00,20.00,0.00,-228,141,141,-771,-411,-234,543,552,375,RUNNING
53316,6,0.00,20.00,0.00,-228,141,141,-723,-407,-237,495,548,378,RUNNING
53341,6,0.00,20.00,0.00,-228,141,141,-692,-421,-244,464,562,385,RUNNING
53366,6,0.00,20.00,0.00,-228,141,141,-657,-430,-244,429,571,385,RUNNING
53391,6,0.00,20.00,0.00,-228,141,141,-663,-393,-234,435,534,375,RUNNING
53416,6,0.00,20.00,0.00,-228,141,141,-690,-353,-170,462,494,311,RUNNING
53441,6,0.00,20.00,0.00,-228,141,141,-691,-323,-104,463,464,245,RUNNING
53466,6,0.00,20.00,0.00,-228,141,141,-646,-320,-64,418,461,205,RUNNING
53493,6,0.00,20.00,0.00,-228,141,141,-620,-343,-71,392,484,212,RUNNING
53518,6,0.00,20.00,0.00,-228,141,141,-586,-347,-79,358,488,220,RUNNING
53543,6,0.00,20.00,0.00,-228,141,141,-589,-311,-92,361,452,233,RUNNING
53568,6,0.00,20.00,0.00,-228,141,141,-609,-268,-92,381,409,233,RUNNING
53593,6,0.00,20.00,0.00,-228,141,141,-616,-241,-76,388,382,217,RUNNING
53618,6,0.00,20.00,0.00,-228,141,141,-575,-247,-8,347,388,149,RUNNING
53643,6,0.00,20.00,0.00,-228,141,141,-543,-266,36,315,407,105,RUNNING
53670,6,0.00,20.00,0.00,-228,141,141,-505,-272,42,277,413,99,RUNNING
53695,6,0.00,20.00,0.00,-228,141,141,-521,-250,33,293,391,108,RUNNING
53720,6,0.00,20.00,0.00,-228,141,141,-560,-203,25,332,344,116,RUNNING
53745,6,0.00,20.00,0.00,-228,141,141,-578,-166,21,350,307,120,RUNNING
53770,6,0.00,20.00,0.00,-228,141,141,-549,-166,21,321,307,120,RUNNING
53795,6,0.00,20.00,0.00,-228,141,141,-510,-195,55,282,336,86,RUNNING
53820,6,0.00,20.00,0.00,-228,141,141,-473,-207,101,245,348,40,RUNNING
53845,6,0.00,20.00,0.00,-228,141,141,-485,-192,117,257,333,24,RUNNING
53872,6,0.00,20.00,0.00,-228,141,141,-538,-152,109,310,293,32,RUNNING
53897,6,0.00,20.00,0.00,-228,141,141,-565,-110,103,337,251,38,RUNNING
53922,6,0.00,20.00,0.00,-228,141,141,-530,-104,97,302,245,44,RUNNING
53947,6,0.00,20.00,0.00,-228,141,141,-498,-132,97,270,273,44,RUNNING
53972,6,0.00,20.00,0.00,-228,141,141,-468,-151,97,240,292,44,RUNNING
53997,6,0.00,20.00,0.00,-228,141,141,-486,-139,101,258,280,40,RUNNING
54022,6,0.00,20.00,0.00,-228,141,141,-538,-100,127,310,241,14,RUNNING
54060,6,0.00,20.00,0.00,-228,141,141,-548,-43,176,320,184,-35,RUNNING
54085,6,0.00,20.00,0.00,-228,141,141,-513,-33,185,285,174,-44,RUNNING
54110,6,0.00,20.00,0.00,-228,141,141,-464,-58,179,236,199,-38,RUNNING
54135,6,0.00,20.00,0.00,-228,141,141,-426,-80,177,198,221,-36,RUNNING
54278,6,0.00,20.00,0.00,-228,141,141,-746,175,172,518,-34,-31,RUNNING
54303,6,0.00,20.00,0.00,-228,141,141,-807,245,201,579,-104,-60,RUNNING
54328,6,0.00,20.00,0.00,-228,141,141,-832,288,230,604,-147,-89,RUNNING
54356,6,0.00,20.00,0.00,-228,141,141,-804,275,232,576,-134,-91,RUNNING
54381,6,0.00,20.00,0.00,-228,141,141,-751,222,228,523,-81,-87,RUNNING
54406,6,0.00,20.00,0.00,-228,141,141,-710,192,214,482,-51,-73,RUNNING
54431,6,0.00,20.00,0.00,-228,141,141,-698,198,188,470,-57,-47,RUNNING
54456,6,0.00,20.00,0.00,-228,141,141,-718,239,184,490,-98,-43,RUNNING
54589,6,0.00,20.00,0.00,-228,141,141,-611,253,420,383,-112,-279,RUNNING
54614,6,0.00,20.00,0.00,-228,141,141,-564,230,480,336,-89,-339,RUNNING
54639,6,0.00,20.00,0.00,-228,141,141,-531,196,510,303,-55,-369,RUNNING
54666,6,0.00,20.00,0.00,-228,141,141,-554,185,507,326,-44,-366,RUNNING
54691,6,0.00,20.00,0.00,-228,141,141,-585,202,502,357,-61,-361,RUNNING
54716,6,0.00,20.00,0.00,-228,141,141,-599,252,491,371,-111,-350,RUNNING
54741,6,0.00,20.00,0.00,-228,141,141,-582,269,455,354,-128,-314,RUNNING
54766,6,0.00,20.00,0.00,-228,141,141,-542,239,425,314,-98,-284,RUNNING
54898,6,0.00,20.00,0.00,-228,141,141,-354,-99,546,126,240,-405,RUNNING
54923,6,0.00,20.00,0.00,-228,141,141,-334,-158,600,106,299,-459,RUNNING
54950,6,0.00,20.00,0.00,-228,141,141,-328,-181,617,100,322,-476,RUNNING
54975,6,0.00,20.00,0.00,-228,141,141,-353,-172,609,125,313,-468,RUNNING
55000,6,0.00,20.00,0.00,-228,141,141,-367,-141,602,139,282,-461,RUNNING
55025,6,0.00,20.00,0.00,-228,141,141,-360,-107,574,132,248,-433,RUNNING
55050,6,0.00,20.00,0.00,-228,141,141,-330,-89,533,102,230,-392,RUNNING
55075,6,0.00,20.00,0.00,-228,141,141,-288,-103,510,60,244,-369,RUNNING
55209,6,0.00,20.00,0.00,-228,141,141,-499,-212,684,271,353,-543,RUNNING
55236,6,0.00,20.00,0.00,-228,141,141,-583,-219,745,355,360,-604,RUNNING
55261,6,0.00,20.00,0.00,-228,141,141,-616,-196,756,388,337,-615,RUNNING
55286,6,0.00,20.00,0.00,-228,141,141,-611,-158,750,383,299,-609,RUNNING
55311,6,0.00,20.00,0.00,-228,141,141,-566,-125,743,338,266,-602,RUNNING
55336,6,0.00,20.00,0.00,-228,141,141,-512,-124,692,284,265,-551,RUNNING
55361,6,0.00,20.00,0.00,-228,141,141,-488,-149,645,260,290,-504,RUNNING
55386,6,0.00,20.00,0.00,-228,141,141,-512,-165,613,284,306,-472,RUNNING
55413,6,0.00,20.00,0.00,-228,141,141,-551,-150,612,323,291,-471,RUNNING
55438,6,0.00,20.00,0.00,-228,141,141,-562,-119,612,334,260,-471,RUNNING
55463,6,0.00,20.00,0.00,-228,141,141,-536,-82,612,308,223,-471,RUNNING
55488,6,0.00,20.00,0.00,-228,141,141,-485,-64,612,257,205,-471,RUNNING
55513,6,0.00,20.00,0.00,-228,141,141,-447,-84,597,219,225,-456,RUNNING
55538,6,0.00,20.00,0.00,-228,141,141,-453,-107,543,225,248,-402,RUNNING
55563,6,0.00,20.00,0.00,-228,141,141,-491,-111,492,263,252,-351,RUNNING
55590,6,0.00,20.00,0.00,-228,141,141,-521,-97,469,293,238,-328,RUNNING
55615,6,0.00,20.00,0.00,-228,141,141,-491,-59,470,263,200,-329,RUNNING
55640,6,0.00,20.00,0.00,-228,141,141,-449,-18,471,221,159,-330,RUNNING
55665,6,0.00,20.00,0.00,-228,141,141,-423,-13,471,195,154,-330,RUNNING
55690,6,0.00,20.00,0.00,-228,141,141,-436,-46,471,208,187,-330,RUNNING
55715,6,0.00,20.00,0.00,-228,141,141,-470,-64,471,242,205,-330,RUNNING
55740,6,0.00,20.00,0.00,-228,141,141,-494,-65,458,266,206,-317,RUNNING
55767,6,0.00,20.00,0.00,-228,141,141,-463,-37,417,235,178,-276,RUNNING
55792,6,0.00,20.00,0.00,-228,141,141,-419,18,378,191,123,-237,RUNNING
55817,6,0.00,20.00,0.00,-228,141,141,-391,33,363,163,108,-222,RUNNING
55842,6,0.00,20.00,0.00,-228,141,141,-407,19,364,179,122,-223,RUNNING
55867,6,0.00,20.00,0.00,-228,141,141,-442,-10,364,214,151,-223,RUNNING
55892,6,0.00,20.00,0.00,-228,141,141,-476,-17,369,248,158,-228,RUNNING
55917,6,0.00,20.00,0.00,-228,141,141,-452,2,369,224,139,-228,RUNNING
55942,6,0.00,20.00,0.00,-228,141,141,-418,46,369,190,95,-228,RUNNING
55969,6,0.00,20.00,0.00,-228,141,141,-388,74,369,160,67,-228,RUNNING
55994,6,0.00,20.00,0.00,-228,141,141,-400,69,361,172,72,-220,RUNNING
56019,6,0.00,20.00,0.00,-228,141,141,-433,38,332,205,103,-191,RUNNING
56044,6,0.00,20.00,0.00,-228,141,141,-462,14,313,234,127,-172,RUNNING
56069,6,0.00,20.00,0.00,-228,141,141,-442,21,311,214,120,-170,RUNNING
56094,6,0.00,20.00,0.00,-228,141,141,-407,53,312,179,88,-171,RUNNING
56119,6,0.00,20.00,0.00,-228,141,141,-372,91,312,144,50,-171,RUNNING
56146,6,0.00,20.00,0.00,-228,141,141,-383,105,312,155,36,-171,RUNNING
56171,6,0.00,20.00,0.00,-228,141,141,-418,78,312,190,63,-171,RUNNING
56196,6,0.00,20.00,0.00,-228,141,141,-440,45,312,212,96,-171,RUNNING
56221,6,0.00,20.00,0.00,-228,141,141,-420,30,312,192,111,-171,RUNNING
56246,6,0.00,20.00,0.00,-228,141,141,-383,48,312,155,93,-171,RUNNING
56271,6,0.00,20.00,0.00,-228,141,141,-349,86,312,121,55,-171,RUNNING
56296,6,0.00,20.00,0.00,-228,141,141,-357,122,296,129,19,-155,RUNNING
56323,6,0.00,20.00,0.00,-228,141,141,-393,114,273,165,27,-132,RUNNING
56348,6,0.00,20.00,0.00,-228,141,141,-414,77,263,186,64,-122,RUNNING
56373,6,0.00,20.00,0.00,-228,141,141,-396,54,264,168,87,-123,RUNNING
56398,6,0.00,20.00,0.00,-228,141,141,-365,60,264,137,81,-123,RUNNING
56423,6,0.00,20.00,0.00,-228,141,141,-335,91,270,107,50,-129,RUNNING
56448,6,0.00,20.00,0.00,-228,141,141,-343,137,273,115,4,-132,RUNNING
56473,6,0.00,20.00,0.00,-228,141,141,-372,149,272,144,-8,-131,RUNNING
56498,6,0.00,20.00,0.00,-228,141,141,-395,125,272,167,16,-131,RUNNING
56525,6,0.00,20.00,0.00,-228,141,141,-372,84,272,144,57,-131,RUNNING
56550,6,0.00,20.00,0.00,-228,141,141,-337,73,272,109,68,-131,RUNNING
56575,6,0.00,20.00,0.00,-228,141,141,-312,85,257,84,56,-116,RUNNING
56600,6,0.00,20.00,0.00,-228,141,141,-328,130,238,100,11,-97,RUNNING
56625,6,0.00,20.00,0.00,-228,141,141,-362,167,233,134,-26,-92,RUNNING
56650,6,0.00,20.00,0.00,-228,141,141,-386,164,233,158,-23,-92,RUNNING
56675,6,0.00,20.00,0.00,-228,141,141,-368,131,233,140,10,-92,RUNNING
56702,6,0.00,20.00,0.00,-228,141,141,-333,105,238,105,36,-97,RUNNING
56727,6,0.00,20.00,0.00,-228,141,141,-293,108,240,65,33,-99,RUNNING
56752,6,0.00,20.00,0.00,-228,141,141,-294,134,240,66,7,-99,RUNNING
56777,6,0.00,20.00,0.00,-228,141,141,-329,175,240,101,-34,-99,RUNNING
56802,6,0.00,20.00,0.00,-228,141,141,-356,188,240,128,-47,-99,RUNNING
56827,6,0.00,20.00,0.00,-228,141,141,-357,162,240,129,-21,-99,RUNNING
56852,6,0.00,20.00,0.00,-228,141,141,-332,128,240,104,13,-99,RUNNING
56877,6,0.00,20.00,0.00,-228,141,141,-285,112,225,57,29,-84,RUNNING
56904,6,0.00,20.00,0.00,-228,141,141,-261,122,209,33,19,-68,RUNNING
56929,6,0.00,20.00,0.00,-228,141,141,-288,158,206,60,-17,-65,RUNNING
56954,6,0.00,20.00,0.00,-228,141,141,-335,197,207,107,-56,-66,RUNNING
56979,6,0.00,20.00,0.00,-228,141,141,-365,201,207,137,-60,-66,RUNNING
57004,6,0.00,20.00,0.00,-228,141,141,-351,174,213,123,-33,-72,RUNNING
57029,6,0.00,20.00,0.00,-228,141,141,-318,136,216,90,5,-75,RUNNING
57054,6,0.00,20.00,0.00,-228,141,141,-279,126,216,51,15,-75,RUNNING
57081,6,0.00,20.00,0.00,-228,141,141,-279,135,216,51,6,-75,RUNNING
57106,6,0.00,20.00,0.00,-228,141,141,-316,174,216,88,-33,-75,RUNNING
57131,6,0.00,20.00,0.00,-228,141,141,-352,207,216,124,-66,-75,RUNNING
57156,6,0.00,20.00,0.00,-228,141,141,-353,201,216,125,-60,-75,RUNNING
57181,6,0.00,20.00,0.00,-228,141,141,-332,173,209,104,-32,-68,RUNNING
57206,6,0.00,20.00,0.00,-228,141,141,-284,145,195,56,-4,-54,RUNNING
57231,6,0.00,20.00,0.00,-228,141,141,-261,143,185,33,-2,-44,RUNNING
57256,6,0.00,20.00,0.00,-228,141,141,-277,162,186,49,-21,-45,RUNNING
57283,6,0.00,20.00,0.00,-228,141,141,-329,210,187,101,-69,-46,RUNNING
57308,6,0.00,20.00,0.00,-228,141,141,-355,228,187,127,-87,-46,RUNNING
57333,6,0.00,20.00,0.00,-228,141,141,-339,205,187,111,-64,-46,RUNNING
57358,6,0.00,20.00,0.00,-228,141,141,-304,165,187,76,-24,-46,RUNNING
57383,6,0.00,20.00,0.00,-228,141,141,-268,142,187,40,-1,-46,RUNNING
57408,6,0.00,20.00,0.00,-228,141,141,-268,145,187,40,-4,-46,RUNNING
57433,6,0.00,20.00,0.00,-228,141,141,-304,178,187,76,-37,-46,RUNNING
57460,6,0.00,20.00,0.00,-228,141,141,-341,235,187,113,-94,-46,RUNNING
57485,6,0.00,20.00,0.00,-228,141,141,-342,251,187,114,-110,-46,RUNNING
57510,6,0.00,20.00,0.00,-228,141,141,-317,219,179,89,-78,-38,RUNNING
57535,6,0.00,20.00,0.00,-228,141,141,-270,176,167,42,-35,-26,RUNNING
57560,6,0.00,20.00,0.00,-228,141,141,-252,151,159,24,-10,-18,RUNNING
57585,6,0.00,20.00,0.00,-228,141,141,-271,153,161,43,-12,-20,RUNNING
57610,6,0.00,20.00,0.00,-228,141,141,-317,190,161,89,-49,-20,RUNNING
57759,6,0.00,20.00,0.00,-228,141,141,-98,364,162,-130,-223,-21,RUNNING
57825,6,0.00,20.00,0.00,-228,141,141,30,364,163,-258,-223,-22,RUNNING
58075,6,0.00,20.00,0.00,-228,141,141,-424,-308,88,196,449,53,RUNNING
58100,6,0.00,20.00,0.00,-228,141,141,-515,-380,72,287,521,69,RUNNING
58125,6,0.00,20.00,0.00,-228,141,141,-583,-423,69,355,564,72,RUNNING
58150,6,0.00,20.00,0.00,-228,141,141,-586,-438,70,358,579,71,RUNNING
58175,6,0.00,20.00,0.00,-228,141,141,-567,-411,88,339,552,53,RUNNING
58200,6,0.00,20.00,0.00,-228,141,141,-520,-355,123,292,496,18,RUNNING
58227,6,0.00,20.00,0.00,-228,141,141,-474,-310,135,246,451,6,RUNNING
58252,6,0.00,20.00,0.00,-228,141,141,-471,-294,133,243,435,8,RUNNING
58277,6,0.00,20.00,0.00,-228,141,141,-499,-305,133,271,446,8,RUNNING
58302,6,0.00,20.00,0.00,-228,141,141,-529,-327,127,301,468,14,RUNNING
58327,6,0.00,20.00,0.00,-228,141,141,-519,-324,120,291,465,21,RUNNING
58352,6,0.00,20.00,0.00,-228,141,141,-481,-289,119,253,430,22,RUNNING
58377,6,0.00,20.00,0.00,-228,141,141,-435,-241,120,207,382,21,RUNNING
58404,6,0.00,20.00,0.00,-228,141,141,-419,-207,120,191,348,21,RUNNING
58429,6,0.00,20.00,0.00,-228,141,141,-444,-210,120,216,351,21,RUNNING
58454,6,0.00,20.00,0.00,-228,141,141,-481,-240,123,253,381,18,RUNNING
58479,6,0.00,20.00,0.00,-228,141,141,-496,-252,136,268,393,5,RUNNING
58504,6,0.00,20.00,0.00,-228,141,141,-473,-243,145,245,384,-4,RUNNING
58529,6,0.00,20.00,0.00,-228,141,141,-430,-206,143,202,347,-2,RUNNING
58554,6,0.00,20.00,0.00,-228,141,141,-392,-166,143,164,307,-2,RUNNING
58581,6,0.00,20.00,0.00,-228,141,141,-396,-147,142,168,288,-1,RUNNING
58606,6,0.00,20.00,0.00,-228,141,141,-433,-162,142,205,303,-1,RUNNING
58631,6,0.00,20.00,0.00,-228,141,141,-457,-187,143,229,328,-2,RUNNING
58656,6,0.00,20.00,0.00,-228,141,141,-440,-193,143,212,334,-2,RUNNING
58681,6,0.00,20.00,0.00,-228,141,141,-403,-179,143,175,320,-2,RUNNING
58706,6,0.00,20.00,0.00,-228,141,141,-367,-139,142,139,280,-1,RUNNING
58731,6,0.00,20.00,0.00,-228,141,141,-366,-103,143,138,244,-2,RUNNING
58756,6,0.00,20.00,0.00,-228,141,141,-395,-88,143,167,229,-2,RUNNING
58783,6,0.00,20.00,0.00,-228,141,141,-422,-105,149,194,246,-8,RUNNING
58808,6,0.00,20.00,0.00,-228,141,141,-413,-133,157,185,274,-16,RUNNING
58833,6,0.00,20.00,0.00,-228,141,141,-378,-141,161,150,282,-20,RUNNING
58858,6,0.00,20.00,0.00,-228,141,141,-340,-124,160,112,265,-19,RUNNING
58883,6,0.00,20.00,0.00,-228,141,141,-330,-87,159,102,228,-18,RUNNING
58908,6,0.00,20.00,0.00,-228,141,141,-353,-51,159,125,192,-18,RUNNING
58933,6,0.00,20.00,0.00,-228,141,141,-383,-47,159,155,188,-18,RUNNING
58960,6,0.00,20.00,0.00,-228,141,141,-395,-74,159,167,215,-18,RUNNING
58985,6,0.00,20.00,0.00,-228,141,141,-368,-92,159,140,233,-18,RUNNING
59010,6,0.00,20.00,0.00,-228,141,141,-332,-91,160,104,232,-19,RUNNING
59035,6,0.00,20.00,0.00,-228,141,141,-294,-66,170,66,207,-29,RUNNING
59060,6,0.00,20.00,0.00,-228,141,141,-308,-12,175,80,153,-34,RUNNING
59085,6,0.00,20.00,0.00,-228,141,141,-349,13,174,121,128,-33,RUNNING
59110,6,0.00,20.00,0.00,-228,141,141,-374,2,174,146,139,-33,RUNNING
59137,6,0.00,20.00,0.00,-228,141,141,-355,-41,173,127,182,-32,RUNNING
59162,6,0.00,20.00,0.00,-228,141,141,-319,-55,173,91,196,-32,RUNNING
59187,6,0.00,20.00,0.00,-228,141,141,-279,-47,173,51,188,-32,RUNNING
59212,6,0.00,20.00,0.00,-228,141,141,-288,1,173,60,140,-32,RUNNING
59237,6,0.00,20.00,0.00,-228,141,141,-329,46,173,101,95,-32,RUNNING
59262,6,0.00,20.00,0.00,-228,141,141,-358,58,172,130,83,-31,RUNNING
59287,6,0.00,20.00,0.00,-228,141,141,-343,40,172,115,101,-31,RUNNING
59312,6,0.00,20.00,0.00,-228,141,141,-306,7,172,78,134,-31,RUNNING
59339,6,0.00,20.00,0.00,-228,141,141,-263,0,170,35,141,-29,RUNNING
59364,6,0.00,20.00,0.00,-228,141,141,-264,23,167,36,118,-26,RUNNING
59389,6,0.00,20.00,0.00,-228,141,141,-302,66,165,74,75,-24,RUNNING
59414,6,0.00,20.00,0.00,-228,141,141,-340,93,165,112,48,-24,RUNNING
59439,6,0.00,20.00,0.00,-228,141,141,-342,75,165,114,66,-24,RUNNING
59464,6,0.00,20.00,0.00,-228,141,141,-310,44,165,82,97,-24,RUNNING
59489,6,0.00,20.00,0.00,-228,141,141,-262,24,165,34,117,-24,RUNNING
59516,6,0.00,20.00,0.00,-228,141,141,-240,33,165,12,108,-24,RUNNING
59541,6,0.00,20.00,0.00,-228,141,141,-265,74,165,37,67,-24,RUNNING
59566,6,0.00,20.00,0.00,-228,141,141,-317,113,165,89,28,-24,RUNNING
59591,6,0.00,20.00,0.00,-228,141,141,-351,112,165,123,29,-24,RUNNING
59616,6,0.00,20.00,0.00,-228,141,141,-339,79,165,111,62,-24,RUNNING
59641,6,0.00,20.00,0.00,-228,141,141,-302,54,165,74,87,-24,RUNNING
59666,6,0.00,20.00,0.00,-228,141,141,-257,59,165,29,82,-24,RUNNING
59691,6,0.00,20.00,0.00,-228,141,141,-252,85,165,24,56,-24,RUNNING
59718,6,0.00,20.00,0.00,-228,141,141,-287,134,156,59,7,-15,RUNNING
59743,6,0.00,20.00,0.00,-228,141,141,-333,145,141,105,-4,0,RUNNING
59768,6,0.00,20.00,0.00,-228,141,141,-344,119,137,116,22,4,RUNNING
59793,6,0.00,20.00,0.00,-228,141,141,-318,80,137,90,61,4,RUNNING
59818,6,0.00,20.00,0.00,-228,141,141,-271,75,137,43,66,4,RUNNING
59843,6,0.00,20.00,0.00,-228,141,141,-236,88,150,8,53,-9,RUNNING
59868,6,0.00,20.00,0.00,-228,141,141,-252,126,174,24,15,-33,RUNNING
59893,6,0.00,20.00,0.00,-228,141,141,-297,153,185,69,-12,-44,RUNNING
59920,6,0.00,20.00,0.00,-228,141,141,-330,142,182,102,-1,-41,RUNNING
59945,6,0.00,20.00,0.00,-228,141,141,-310,111,182,82,30,-41,RUNNING
59970,6,0.00,20.00,0.00,-228,141,141,-269,83,167,41,58,-26,RUNNING
59995,6,0.00,20.00,0.00,-228,141,141,-232,97,151,4,44,-10,RUNNING
60020,6,0.00,20.00,0.00,-228,141,141,-242,131,144,14,10,-3,RUNNING
60045,6,0.00,20.00,0.00,-228,141,141,-279,163,144,51,-22,-3,RUNNING
60070,6,0.00,20.00,0.00,-228,141,141,-312,157,145,84,-16,-4,RUNNING
60097,6,0.00,20.00,0.00,-228,141,141,-300,122,176,72,19,-35,RUNNING
60122,6,0.00,20.00,0.00,-228,141,141,-262,92,200,34,49,-59,RUNNING
60147,6,0.00,20.00,0.00,-228,141,141,-223,94,201,-5,47,-60,RUNNING
60172,6,0.00,20.00,0.00,-228,141,141,-216,119,199,-12,22,-58,RUNNING
60197,6,0.00,20.00,0.00,-228,141,141,-248,155,189,20,-14,-48,RUNNING
60222,6,0.00,20.00,0.00,-228,141,141,-295,167,167,67,-26,-26,RUNNING
60247,6,0.00,20.00,0.00,-228,141,141,-312,141,161,84,0,-20,RUNNING
60272,6,0.00,20.00,0.00,-228,141,141,-291,108,161,63,33,-20,RUNNING
60299,6,0.00,20.00,0.00,-228,141,141,-248,97,161,20,44,-20,RUNNING
60324,6,0.00,20.00,0.00,-228,141,141,-208,114,172,-20,27,-31,RUNNING
60349,6,0.00,20.00,0.00,-228,141,141,-216,155,191,-12,-14,-50,RUNNING
60374,6,0.00,20.00,0.00,-228,141,141,-257,185,195,29,-44,-54,RUNNING
60399,6,0.00,20.00,0.00,-228,141,141,-291,178,193,63,-37,-52,RUNNING
60424,6,0.00,20.00,0.00,-228,141,141,-284,149,192,56,-8,-51,RUNNING
60449,6,0.00,20.00,0.00,-228,141,141,-255,126,182,27,15,-41,RUNNING
60476,6,0.00,20.00,0.00,-228,141,141,-215,129,165,-13,12,-24,RUNNING
60501,6,0.00,20.00,0.00,-228,141,141,-213,155,159,-15,-14,-18,RUNNING
60526,6,0.00,20.00,0.00,-228,141,141,-246,203,159,18,-62,-18,RUNNING
60551,6,0.00,20.00,0.00,-228,141,141,-282,216,159,54,-75,-18,RUNNING
60576,6,0.00,20.00,0.00,-228,141,141,-283,190,168,55,-49,-27,RUNNING
60601,6,0.00,20.00,0.00,-228,141,141,-255,160,195,27,-19,-54,RUNNING
60626,6,0.00,20.00,0.00,-228,141,141,-217,144,206,-11,-3,-65,RUNNING
60651,6,0.00,20.00,0.00,-228,141,141,-196,147,204,-32,-6,-63,RUNNING
60678,6,0.00,20.00,0.00,-228,141,141,-221,190,204,-7,-49,-63,RUNNING
60703,6,0.00,20.00,0.00,-228,141,141,-269,247,189,41,-106,-48,RUNNING
60728,6,0.00,20.00,0.00,-228,141,141,-306,263,163,78,-122,-22,RUNNING
60753,6,0.00,20.00,0.00,-228,141,141,-292,236,153,64,-95,-12,RUNNING
60778,6,0.00,20.00,0.00,-228,141,141,-259,191,153,31,-50,-12,RUNNING
60803,6,0.00,20.00,0.00,-228,141,141,-223,171,153,-5,-30,-12,RUNNING
60828,6,0.00,20.00,0.00,-228,141,141,-224,174,179,-4,-33,-38,RUNNING
60856,6,0.00,20.00,0.00,-228,141,141,-266,226,216,38,-85,-75,RUNNING
60882,6,0.00,20.00,0.00,-228,141,141,-310,275,225,82,-134,-84,RUNNING
60908,6,0.00,20.00,0.00,-228,141,141,-316,272,223,88,-131,-82,RUNNING
60934,6,0.00,20.00,0.00,-228,141,141,-285,230,217,57,-89,-76,RUNNING
60960,6,0.00,20.00,0.00,-228,141,141,-240,200,186,12,-59,-45,RUNNING
60986,6,0.00,20.00,0.00,-228,141,141,-216,197,159,-12,-56,-18,RUNNING
61129,6,0.00,20.00,0.00,-228,141,141,-537,495,352,309,-354,-211,RUNNING
61157,6,0.00,20.00,0.00,-228,141,141,-612,558,422,384,-417,-281,RUNNING
61182,6,0.00,20.00,0.00,-228,141,141,-652,592,453,424,-451,-312,RUNNING
61207,6,0.00,20.00,0.00,-228,141,141,-643,603,448,415,-462,-307,RUNNING
61232,6,0.00,20.00,0.00,-228,141,141,-610,576,438,382,-435,-297,RUNNING
61257,6,0.00,20.00,0.00,-228,141,141,-568,521,435,340,-380,-294,RUNNING
61282,6,0.00,20.00,0.00,-228,141,141,-549,471,402,321,-330,-261,RUNNING
61307,6,0.00,20.00,0.00,-228,141,141,-562,466,368,334,-325,-227,RUNNING
61440,6,0.00,20.00,0.00,-228,141,141,-684,665,487,456,-524,-346,RUNNING
61467,6,0.00,20.00,0.00,-228,141,141,-685,741,540,457,-600,-399,RUNNING
61492,6,0.00,20.00,0.00,-228,141,141,-655,755,556,427,-614,-415,RUNNING
61517,6,0.00,20.00,0.00,-228,141,141,-607,752,546,379,-611,-405,RUNNING
61542,6,0.00,20.00,0.00,-228,141,141,-569,730,541,341,-589,-400,RUNNING
61567,6,0.00,20.00,0.00,-228,141,141,-579,671,512,351,-530,-371,RUNNING
61592,6,0.00,20.00,0.00,-228,141,141,-609,605,471,381,-464,-330,RUNNING
61617,6,0.00,20.00,0.00,-228,141,141,-628,571,447,400,-430,-306,RUNNING
61751,6,0.00,20.00,0.00,-228,141,141,-351,722,614,123,-581,-473,RUNNING
61776,6,0.00,20.00,0.00,-228,141,141,-280,752,663,52,-611,-522,RUNNING
61801,6,0.00,20.00,0.00,-228,141,141,-226,816,676,-2,-675,-535,RUNNING
61826,6,0.00,20.00,0.00,-228,141,141,-226,818,671,-2,-677,-530,RUNNING
61851,6,0.00,20.00,0.00,-228,141,141,-257,776,667,29,-635,-526,RUNNING
61876,6,0.00,20.00,0.00,-228,141,141,-290,736,623,62,-595,-482,RUNNING
61901,6,0.00,20.00,0.00,-228,141,141,-291,697,564,63,-556,-423,RUNNING
61928,6,0.00,20.00,0.00,-228,141,141,-257,694,527,29,-553,-386,RUNNING
62063,6,0.00,20.00,0.00,-228,141,141,-82,836,704,-146,-695,-563,RUNNING
62088,6,0.00,20.00,0.00,-228,141,141,-64,904,761,-164,-763,-620,RUNNING
62113,6,0.00,20.00,0.00,-228,141,141,-64,906,775,-164,-765,-634,RUNNING
62138,6,0.00,20.00,0.00,-228,141,141,-94,880,770,-134,-739,-629,RUNNING
62163,6,0.00,20.00,0.00,-228,141,141,-133,828,764,-95,-687,-623,RUNNING
62188,6,0.00,20.00,0.00,-228,141,141,-153,772,706,-75,-631,-565,RUNNING
62215,6,0.00,20.00,0.00,-228,141,141,-134,759,641,-94,-618,-500,RUNNING
62240,6,0.00,20.00,0.00,-228,141,141,-96,761,601,-132,-620,-460,RUNNING
62265,6,0.00,20.00,0.00,-228,141,141,-64,775,598,-164,-634,-457,RUNNING
62290,6,0.00,20.00,0.00,-228,141,141,-72,766,597,-156,-625,-456,RUNNING
62315,6,0.00,20.00,0.00,-228,141,141,-110,725,596,-118,-584,-455,RUNNING
62340,6,0.00,20.00,0.00,-228,141,141,-149,677,596,-79,-536,-455,RUNNING
62365,6,0.00,20.00,0.00,-228,141,141,-155,643,591,-73,-502,-450,RUNNING
62392,6,0.00,20.00,0.00,-228,141,141,-133,644,535,-95,-503,-394,RUNNING
62417,6,0.00,20.00,0.00,-228,141,141,-99,677,480,-129,-536,-339,RUNNING
62442,6,0.00,20.00,0.00,-228,141,141,-72,688,445,-156,-547,-304,RUNNING
62467,6,0.00,20.00,0.00,-228,141,141,-90,666,443,-138,-525,-302,RUNNING
62492,6,0.00,20.00,0.00,-228,141,141,-142,613,443,-86,-472,-302,RUNNING
62517,6,0.00,20.00,0.00,-228,141,141,-177,567,445,-51,-426,-304,RUNNING
62542,6,0.00,20.00,0.00,-228,141,141,-167,563,445,-61,-422,-304,RUNNING
62569,6,0.00,20.00,0.00,-228,141,141,-132,590,445,-96,-449,-304,RUNNING
62594,6,0.00,20.00,0.00,-228,141,141,-97,605,425,-131,-464,-284,RUNNING
62619,6,0.00,20.00,0.00,-228,141,141,-98,595,377,-130,-454,-236,RUNNING
62644,6,0.00,20.00,0.00,-228,141,141,-129,552,339,-99,-411,-198,RUNNING
62669,6,0.00,20.00,0.00,-228,141,141,-175,501,335,-53,-360,-194,RUNNING
62694,6,0.00,20.00,0.00,-228,141,141,-196,476,335,-32,-335,-194,RUNNING
62719,6,0.00,20.00,0.00,-228,141,141,-175,484,338,-53,-343,-197,RUNNING
62746,6,0.00,20.00,0.00,-228,141,141,-132,522,342,-96,-381,-201,RUNNING
62771,6,0.00,20.00,0.00,-228,141,141,-100,535,342,-128,-394,-201,RUNNING
62796,6,0.00,20.00,0.00,-228,141,141,-107,513,342,-121,-372,-201,RUNNING
62821,6,0.00,20.00,0.00,-228,141,141,-148,463,322,-80,-322,-181,RUNNING
62846,6,0.00,20.00,0.00,-228,141,141,-189,419,286,-39,-278,-145,RUNNING
62871,6,0.00,20.00,0.00,-228,141,141,-191,415,260,-37,-274,-119,RUNNING
62896,6,0.00,20.00,0.00,-228,141,141,-167,435,259,-61,-294,-118,RUNNING
62923,6,0.00,20.00,0.00,-228,141,141,-132,461,260,-96,-320,-119,RUNNING
62948,6,0.00,20.00,0.00,-228,141,141,-120,453,280,-108,-312,-139,RUNNING
62973,6,0.00,20.00,0.00,-228,141,141,-144,418,291,-84,-277,-150,RUNNING
62998,6,0.00,20.00,0.00,-228,141,141,-184,373,289,-44,-232,-148,RUNNING
63023,6,0.00,20.00,0.00,-228,141,141,-214,351,289,-14,-210,-148,RUNNING
63048,6,0.00,20.00,0.00,-228,141,141,-201,363,255,-27,-222,-114,RUNNING
63073,6,0.00,20.00,0.00,-228,141,141,-159,399,211,-69,-258,-70,RUNNING
63100,6,0.00,20.00,0.00,-228,141,141,-125,414,199,-103,-273,-58,RUNNING
63125,6,0.00,20.00,0.00,-228,141,141,-136,396,199,-92,-255,-58,RUNNING
63150,6,0.00,20.00,0.00,-228,141,141,-172,354,199,-56,-213,-58,RUNNING
63175,6,0.00,20.00,0.00,-228,141,141,-198,312,213,-30,-171,-72,RUNNING
63200,6,0.00,20.00,0.00,-228,141,141,-195,308,221,-33,-167,-80,RUNNING
63225,6,0.00,20.00,0.00,-228,141,141,-168,333,220,-60,-192,-79,RUNNING
63250,6,0.00,20.00,0.00,-228,141,141,-132,360,220,-96,-219,-79,RUNNING
63275,6,0.00,20.00,0.00,-228,141,141,-131,360,203,-97,-219,-62,RUNNING
63302,6,0.00,20.00,0.00,-228,141,141,-165,325,168,-63,-184,-27,RUNNING
63327,6,0.00,20.00,0.00,-228,141,141,-204,279,151,-24,-138,-10,RUNNING
63352,6,0.00,20.00,0.00,-228,141,141,-223,253,152,-5,-112,-11,RUNNING
63377,6,0.00,20.00,0.00,-228,141,141,-209,272,153,-19,-131,-12,RUNNING
63402,6,0.00,20.00,0.00,-228,141,141,-168,316,167,-60,-175,-26,RUNNING
63427,6,0.00,20.00,0.00,-228,141,141,-130,339,181,-98,-198,-40,RUNNING
63452,6,0.00,20.00,0.00,-228,141,141,-140,325,182,-88,-184,-41,RUNNING
63479,6,0.00,20.00,0.00,-228,141,141,-180,279,181,-48,-138,-40,RUNNING
63504,6,0.00,20.00,0.00,-228,141,141,-208,235,166,-20,-94,-25,RUNNING
63529,6,0.00,20.00,0.00,-228,141,141,-204,226,124,-24,-85,17,RUNNING
63554,6,0.00,20.00,0.00,-228,141,141,-179,261,104,-49,-120,37,RUNNING
63579,6,0.00,20.00,0.00,-228,141,141,-147,298,105,-81,-157,36,RUNNING
63604,6,0.00,20.00,0.00,-228,141,141,-144,309,105,-84,-168,36,RUNNING
63629,6,0.00,20.00,0.00,-228,141,141,-174,284,135,-54,-143,6,RUNNING
63656,6,0.00,20.00,0.00,-228,141,141,-219,225,157,-9,-84,-16,RUNNING
63681,6,0.00,20.00,0.00,-228,141,141,-237,191,160,9,-50,-19,RUNNING
63706,6,0.00,20.00,0.00,-228,141,141,-217,195,158,-11,-54,-17,RUNNING
63731,6,0.00,20.00,0.00,-228,141,141,-177,233,156,-51,-92,-15,RUNNING
63756,6,0.00,20.00,0.00,-228,141,141,-146,269,118,-82,-128,23,RUNNING
63781,6,0.00,20.00,0.00,-228,141,141,-161,267,83,-67,-126,58,RUNNING
63806,6,0.00,20.00,0.00,-228,141,141,-200,228,70,-28,-87,71,RUNNING
63831,6,0.00,20.00,0.00,-228,141,141,-232,189,70,4,-48,71,RUNNING
63858,6,0.00,20.00,0.00,-228,141,141,-217,175,78,-11,-34,63,RUNNING
--- NEW TEST SESSION STARTED ---
26262,0,0,0,0,0,0,0,0,0,0,0,0,0,SECTION: HOMING ROUTINE STARTED
26271,1,0.00,0.00,0.00,0,0,0,-7,1,-10,7,-1,10,RUNNING
26295,1,0.00,0.00,0.00,0,0,0,0,1,-10,0,-1,10,RUNNING
26320,1,0.00,0.00,0.00,0,0,0,0,19,3,0,-19,-3,RUNNING
26345,1,0.00,0.00,0.00,0,0,0,-1,61,42,1,-61,-42,RUNNING
26370,1,0.00,0.00,0.00,0,0,0,-1,111,92,1,-111,-92,RUNNING
26395,1,0.00,0.00,0.00,0,0,0,-1,177,148,1,-177,-148,RUNNING
26422,1,0.00,0.00,0.00,0,0,0,-2,256,220,2,-256,-220,RUNNING
26447,1,0.00,0.00,0.00,0,0,0,-5,325,290,5,-325,-290,RUNNING
26472,1,0.00,0.00,0.00,0,0,0,-20,398,366,20,-398,-366,RUNNING
26497,1,0.00,0.00,0.00,0,0,0,-25,453,455,25,-453,-455,RUNNING
26522,1,0.00,0.00,0.00,0,0,0,-30,497,547,30,-497,-547,RUNNING
26547,1,0.00,0.00,0.00,0,0,0,-76,545,648,76,-545,-648,RUNNING
26572,1,0.00,0.00,0.00,0,0,0,-100,557,753,100,-557,-753,RUNNING
26597,1,0.00,0.00,0.00,0,0,0,-123,681,850,123,-681,-850,RUNNING
26624,1,0.00,0.00,0.00,0,0,0,-175,729,953,175,-729,-953,RUNNING
26649,1,0.00,0.00,0.00,0,0,0,-282,768,1035,282,-768,-1035,RUNNING
26674,1,0.00,0.00,0.00,0,0,0,-343,863,1119,343,-863,-1119,RUNNING
26699,1,0.00,0.00,0.00,0,0,0,-325,988,1198,325,-988,-1198,RUNNING
26724,1,0.00,0.00,0.00,0,0,0,-324,1052,1272,324,-1052,-1272,RUNNING
26749,1,0.00,0.00,0.00,0,0,0,-636,1163,1364,636,-1163,-1364,RUNNING
26774,1,0.00,0.00,0.00,0,0,0,-795,1262,1445,795,-1262,-1445,RUNNING
26799,1,0.00,0.00,0.00,0,0,0,-972,1344,1535,972,-1344,-1535,RUNNING
26924,1,0.00,0.00,0.00,0,0,0,-1652,1708,1981,1652,-1708,-1981,RUNNING
27050,1,0.00,0.00,0.00,0,0,0,-1864,2111,2348,1864,-2111,-2348,RUNNING
27169,1,0.00,0.00,0.00,0,0,0,-1905,2487,2767,1905,-2487,-2767,RUNNING
27361,1,0.00,0.00,0.00,0,0,0,-1912,477,3404,1912,-477,-3404,RUNNING
27386,1,0.00,0.00,0.00,0,0,0,-1917,544,3490,1917,-544,-3490,RUNNING
27411,1,0.00,0.00,0.00,0,0,0,-1918,721,3580,1918,-721,-3580,RUNNING
27436,1,0.00,0.00,0.00,0,0,0,-1921,785,3665,1921,-785,-3665,RUNNING
27463,1,0.00,0.00,0.00,0,0,0,-1924,843,3770,1924,-843,-3770,RUNNING
27488,1,0.00,0.00,0.00,0,0,0,-1929,913,3863,1929,-913,-3863,RUNNING
27513,1,0.00,0.00,0.00,0,0,0,-1933,935,3952,1933,-935,-3952,RUNNING
27538,1,0.00,0.00,0.00,0,0,0,-1933,955,4031,1933,-955,-4031,RUNNING
27563,1,0.00,0.00,0.00,0,0,0,-1931,974,4110,1931,-974,-4110,RUNNING
27588,1,0.00,0.00,0.00,0,0,0,-1929,990,4189,1929,-990,-4189,RUNNING
27613,1,0.00,0.00,0.00,0,0,0,-1917,1005,4257,1917,-1005,-4257,RUNNING
27638,1,0.00,0.00,0.00,0,0,0,-1891,1008,4334,1891,-1008,-4334,RUNNING
27665,1,0.00,0.00,0.00,0,0,0,-1853,1001,4423,1853,-1001,-4423,RUNNING
27690,1,0.00,0.00,0.00,0,0,0,-1799,1013,4506,1799,-1013,-4506,RUNNING
27715,1,0.00,0.00,0.00,0,0,0,-1737,1039,4604,1737,-1039,-4604,RUNNING
27740,1,0.00,0.00,0.00,0,0,0,-1382,1024,4702,1382,-1024,-4702,RUNNING
27765,1,0.00,0.00,0.00,0,0,0,-589,1033,4824,589,-1033,-4824,RUNNING
27790,1,0.00,0.00,0.00,0,0,0,-260,1043,4919,260,-1043,-4919,RUNNING
27815,1,0.00,0.00,0.00,0,0,0,-254,1043,5015,254,-1043,-5015,RUNNING
27842,1,0.00,0.00,0.00,0,0,0,-180,1057,5111,180,-1057,-5111,RUNNING
27867,1,0.00,0.00,0.00,0,0,0,-162,1093,5190,162,-1093,-5190,RUNNING
27892,1,0.00,0.00,0.00,0,0,0,-131,1099,5272,131,-1099,-5272,RUNNING
27917,1,0.00,0.00,0.00,0,0,0,-117,1080,5344,117,-1080,-5344,RUNNING
27942,1,0.00,0.00,0.00,0,0,0,-121,1110,5429,121,-1110,-5429,RUNNING
27967,1,0.00,0.00,0.00,0,0,0,-118,1139,5508,118,-1139,-5508,RUNNING
27992,1,0.00,0.00,0.00,0,0,0,-110,1082,5588,110,-1082,-5588,RUNNING
28017,1,0.00,0.00,0.00,0,0,0,-111,1103,5686,111,-1103,-5686,RUNNING
28044,1,0.00,0.00,0.00,0,0,0,-123,1127,5782,123,-1127,-5782,RUNNING
28069,1,0.00,0.00,0.00,0,0,0,-121,1101,5877,121,-1101,-5877,RUNNING
28094,1,0.00,0.00,0.00,0,0,0,-119,1123,5965,119,-1123,-5965,RUNNING
28119,1,0.00,0.00,0.00,0,0,0,-121,1130,6050,121,-1130,-6050,RUNNING
28144,1,0.00,0.00,0.00,0,0,0,-132,1125,6131,132,-1125,-6131,RUNNING
28169,1,0.00,0.00,0.00,0,0,0,-161,1138,6197,161,-1138,-6197,RUNNING
28194,1,0.00,0.00,0.00,0,0,0,-159,1176,6273,159,-1176,-6273,RUNNING
28221,1,0.00,0.00,0.00,0,0,0,-157,1158,6349,157,-1158,-6349,RUNNING
28246,1,0.00,0.00,0.00,0,0,0,-158,1162,6419,158,-1162,-6419,RUNNING
28271,1,0.00,0.00,0.00,0,0,0,-159,1191,6502,159,-1191,-6502,RUNNING
28296,1,0.00,0.00,0.00,0,0,0,-159,1181,6584,159,-1181,-6584,RUNNING
28321,1,0.00,0.00,0.00,0,0,0,-159,1192,6673,159,-1192,-6673,RUNNING
28346,1,0.00,0.00,0.00,0,0,0,-170,1227,6773,170,-1227,-6773,RUNNING
28371,1,0.00,0.00,0.00,0,0,0,-173,1271,6873,173,-1271,-6873,RUNNING
28396,1,0.00,0.00,0.00,0,0,0,-173,1230,6969,173,-1230,-6969,RUNNING
28423,1,0.00,0.00,0.00,0,0,0,-166,1312,7066,166,-1312,-7066,RUNNING
28448,1,0.00,0.00,0.00,0,0,0,-165,1390,7154,165,-1390,-7154,RUNNING
28473,1,0.00,0.00,0.00,0,0,0,-167,1259,7238,167,-1259,-7238,RUNNING
28498,1,0.00,0.00,0.00,0,0,0,-171,1268,7313,171,-1268,-7313,RUNNING
28523,1,0.00,0.00,0.00,0,0,0,-173,1253,7396,173,-1253,-7396,RUNNING
28548,1,0.00,0.00,0.00,0,0,0,-176,1241,7480,176,-1241,-7480,RUNNING
28573,1,0.00,0.00,0.00,0,0,0,-183,1223,7562,183,-1223,-7562,RUNNING
28600,1,0.00,0.00,0.00,0,0,0,-205,1235,7662,205,-1235,-7662,RUNNING
28625,1,0.00,0.00,0.00,0,0,0,-208,1239,7757,208,-1239,-7757,RUNNING
28650,1,0.00,0.00,0.00,0,0,0,-209,1204,7860,209,-1204,-7860,RUNNING
28675,1,0.00,0.00,0.00,0,0,0,-213,1230,7954,213,-1230,-7954,RUNNING
28700,1,0.00,0.00,0.00,0,0,0,-216,1241,8045,216,-1241,-8045,RUNNING
28725,1,0.00,0.00,0.00,0,0,0,-221,1207,8133,221,-1207,-8133,RUNNING
28750,1,0.00,0.00,0.00,0,0,0,-225,1236,8217,225,-1236,-8217,RUNNING
28775,1,0.00,0.00,0.00,0,0,0,-227,1264,8298,227,-1264,-8298,RUNNING
28802,1,0.00,0.00,0.00,0,0,0,-228,1254,8374,228,-1254,-8374,RUNNING
28827,1,0.00,0.00,0.00,0,0,0,-227,1275,8454,227,-1275,-8454,RUNNING
28852,1,0.00,0.00,0.00,0,0,0,-228,1297,8533,228,-1297,-8533,RUNNING
28877,1,0.00,0.00,0.00,0,0,0,-228,1343,8619,228,-1343,-8619,RUNNING
28902,1,0.00,0.00,0.00,0,0,0,-228,1326,8719,228,-1326,-8719,RUNNING
28927,1,0.00,0.00,0.00,0,0,0,-229,1324,8817,229,-1324,-8817,RUNNING
28952,1,0.00,0.00,0.00,0,0,0,-230,1394,8921,230,-1394,-8921,RUNNING
28979,1,0.00,0.00,0.00,0,0,0,-231,1287,9028,231,-1287,-9028,RUNNING
29004,1,0.00,0.00,0.00,0,0,0,-232,1338,9126,232,-1338,-9126,RUNNING
29029,1,0.00,0.00,0.00,0,0,0,-233,1390,9212,233,-1390,-9212,RUNNING
29054,1,0.00,0.00,0.00,0,0,0,-236,1294,9291,236,-1294,-9291,RUNNING
29079,1,0.00,0.00,0.00,0,0,0,-237,1273,9375,237,-1273,-9375,RUNNING
29104,1,0.00,0.00,0.00,0,0,0,-236,1297,9448,236,-1297,-9448,RUNNING
29129,1,0.00,0.00,0.00,0,0,0,-236,1280,9526,236,-1280,-9526,RUNNING
29154,1,0.00,0.00,0.00,0,0,0,-237,1240,9611,237,-1240,-9611,RUNNING
29181,1,0.00,0.00,0.00,0,0,0,-238,1262,9700,238,-1262,-9700,RUNNING
29206,1,0.00,0.00,0.00,0,0,0,-239,1277,9793,239,-1277,-9793,RUNNING
29231,1,0.00,0.00,0.00,0,0,0,-240,1247,9883,240,-1247,-9883,RUNNING
29256,1,0.00,0.00,0.00,0,0,0,-241,1273,9983,241,-1273,-9983,RUNNING
29281,1,0.00,0.00,0.00,0,0,0,-240,1300,10067,240,-1300,-10067,RUNNING
29306,1,0.00,0.00,0.00,0,0,0,-242,1251,10149,242,-1251,-10149,RUNNING
29331,1,0.00,0.00,0.00,0,0,0,-243,1246,10234,243,-1246,-10234,RUNNING
29358,1,0.00,0.00,0.00,0,0,0,-244,1285,10308,244,-1285,-10308,RUNNING
29383,1,0.00,0.00,0.00,0,0,0,-245,1284,10382,245,-1284,-10382,RUNNING
29408,1,0.00,0.00,0.00,0,0,0,-247,1248,10454,247,-1248,-10454,RUNNING
29433,1,0.00,0.00,0.00,0,0,0,-248,1289,10527,248,-1289,-10527,RUNNING
29458,1,0.00,0.00,0.00,0,0,0,-251,1335,10609,251,-1335,-10609,RUNNING
29483,1,0.00,0.00,0.00,0,0,0,-250,1278,10691,250,-1278,-10691,RUNNING
29572,1,0.00,0.00,0.00,0,0,0,-253,1360,11046,253,-1360,-11046,RUNNING
29597,1,0.00,0.00,0.00,0,0,0,-252,1403,11143,252,-1403,-11143,RUNNING
29624,1,0.00,0.00,0.00,0,0,0,-252,1431,11235,252,-1431,-11235,RUNNING
29649,1,0.00,0.00,0.00,0,0,0,-251,1313,11320,251,-1313,-11320,RUNNING
29674,1,0.00,0.00,0.00,0,0,0,-252,1315,11399,252,-1315,-11399,RUNNING
29699,1,0.00,0.00,0.00,0,0,0,-252,1302,11481,252,-1302,-11481,RUNNING
29724,1,0.00,0.00,0.00,0,0,0,-253,1276,11558,253,-1276,-11558,RUNNING
29749,1,0.00,0.00,0.00,0,0,0,-253,1276,11651,253,-1276,-11651,RUNNING
29774,1,0.00,0.00,0.00,0,0,0,-253,1283,11748,253,-1283,-11748,RUNNING
29801,1,0.00,0.00,0.00,0,0,0,-253,1241,11842,253,-1241,-11842,RUNNING
29826,1,0.00,0.00,0.00,0,0,0,-255,1244,11946,255,-1244,-11946,RUNNING
29851,1,0.00,0.00,0.00,0,0,0,-257,1286,12038,257,-1286,-12038,RUNNING
29876,1,0.00,0.00,0.00,0,0,0,-258,1267,12130,258,-1267,-12130,RUNNING
29901,1,0.00,0.00,0.00,0,0,0,-258,1236,12214,258,-1236,-12214,RUNNING
29926,1,0.00,0.00,0.00,0,0,0,-260,1272,12286,260,-1272,-12286,RUNNING
29951,1,0.00,0.00,0.00,0,0,0,-260,1301,12371,260,-1301,-12371,RUNNING
29978,1,0.00,0.00,0.00,0,0,0,-259,1272,12445,259,-1272,-12445,RUNNING
30003,1,0.00,0.00,0.00,0,0,0,-261,1277,12523,261,-1277,-12523,RUNNING
30028,1,0.00,0.00,0.00,0,0,0,-261,1313,12605,261,-1313,-12605,RUNNING
30053,1,0.00,0.00,0.00,0,0,0,-260,1327,12685,260,-1327,-12685,RUNNING
30078,1,0.00,0.00,0.00,0,0,0,-259,1296,12779,259,-1296,-12779,RUNNING
30103,1,0.00,0.00,0.00,0,0,0,-258,1336,12875,258,-1336,-12875,RUNNING
30128,1,0.00,0.00,0.00,0,0,0,-261,1348,12980,261,-1348,-12980,RUNNING
30177,1,0.00,0.00,0.00,0,0,0,-264,1295,13166,264,-1295,-13166,RUNNING
30202,1,0.00,0.00,0.00,0,0,0,-263,1305,13262,263,-1305,-13262,RUNNING
30227,1,0.00,0.00,0.00,0,0,0,-261,1257,13341,261,-1257,-13341,RUNNING
30252,1,0.00,0.00,0.00,0,0,0,-262,1263,13421,262,-1263,-13421,RUNNING
30277,1,0.00,0.00,0.00,0,0,0,-263,1291,13496,263,-1291,-13496,RUNNING
30302,1,0.00,0.00,0.00,0,0,0,-261,1248,13570,261,-1248,-13570,RUNNING
30327,1,0.00,0.00,0.00,0,0,0,-262,1235,13652,262,-1235,-13652,RUNNING
30352,1,0.00,0.00,0.00,0,0,0,-264,1255,13728,264,-1255,-13728,RUNNING
30379,1,0.00,0.00,0.00,0,0,0,-265,1292,13828,265,-1292,-13828,RUNNING
30404,1,0.00,0.00,0.00,0,0,0,-267,1255,13919,267,-1255,-13919,RUNNING
30429,1,0.00,0.00,0.00,0,0,0,-263,1277,14004,263,-1277,-14004,RUNNING
30454,1,0.00,0.00,0.00,0,0,0,-266,1297,14103,266,-1297,-14103,RUNNING
30479,1,0.00,0.00,0.00,0,0,0,-265,1301,14186,265,-1301,-14186,RUNNING
30504,1,0.00,0.00,0.00,0,0,0,-266,1282,14269,266,-1282,-14269,RUNNING
30529,1,0.00,0.00,0.00,0,0,0,-264,1333,14344,264,-1333,-14344,RUNNING
30556,1,0.00,0.00,0.00,0,0,0,-266,1355,14422,266,-1355,-14422,RUNNING
30581,1,0.00,0.00,0.00,0,0,0,-269,1285,14496,269,-1285,-14496,RUNNING
30606,1,0.00,0.00,0.00,0,0,0,-276,1322,14562,276,-1322,-14562,RUNNING
30631,1,0.00,0.00,0.00,0,0,0,-281,1358,14638,281,-1358,-14638,RUNNING
30656,1,0.00,0.00,0.00,0,0,0,-288,1309,14718,288,-1309,-14718,RUNNING
30681,1,0.00,0.00,0.00,0,0,0,-296,1326,14801,296,-1326,-14801,RUNNING
30706,1,0.00,0.00,0.00,0,0,0,-306,1335,14894,306,-1335,-14894,RUNNING
30733,1,0.00,0.00,0.00,0,0,0,-315,1263,15002,315,-1263,-15002,RUNNING
30758,1,0.00,0.00,0.00,0,0,0,-320,1282,15113,320,-1282,-15113,RUNNING
30783,1,0.00,0.00,0.00,0,0,0,-325,1306,15207,325,-1306,-15207,RUNNING
30808,1,0.00,0.00,0.00,0,0,0,-324,1257,15292,324,-1257,-15292,RUNNING
30833,1,0.00,0.00,0.00,0,0,0,-331,1260,15380,331,-1260,-15380,RUNNING
30858,1,0.00,0.00,0.00,0,0,0,-339,1274,15456,339,-1274,-15456,RUNNING
30883,1,0.00,0.00,0.00,0,0,0,-345,1307,15524,345,-1307,-15524,RUNNING
30908,1,0.00,0.00,0.00,0,0,0,-352,1259,15609,352,-1259,-15609,RUNNING
30935,1,0.00,0.00,0.00,0,0,0,-357,1270,84,357,-1270,-84,RUNNING
30960,1,0.00,0.00,0.00,0,0,0,-378,1285,148,378,-1285,-148,RUNNING
30985,1,0.00,0.00,0.00,0,0,0,-386,1258,195,386,-1258,-195,RUNNING
31010,1,0.00,0.00,0.00,0,0,0,-390,1285,227,390,-1285,-227,RUNNING
31035,1,0.00,0.00,0.00,0,0,0,-386,1300,249,386,-1300,-249,RUNNING
31060,1,0.00,0.00,0.00,0,0,0,-390,1280,264,390,-1280,-264,RUNNING
31085,1,0.00,0.00,0.00,0,0,0,-388,1292,277,388,-1292,-277,RUNNING
31112,1,0.00,0.00,0.00,0,0,0,-387,1343,289,387,-1343,-289,RUNNING
31137,1,0.00,0.00,0.00,0,0,0,-388,1368,297,388,-1368,-297,RUNNING
31162,1,0.00,0.00,0.00,0,0,0,-385,1305,303,385,-1305,-303,RUNNING
31187,1,0.00,0.00,0.00,0,0,0,-387,1351,306,387,-1351,-306,RUNNING
31212,1,0.00,0.00,0.00,0,0,0,-389,1383,307,389,-1383,-307,RUNNING
31237,1,0.00,0.00,0.00,0,0,0,-391,1313,307,391,-1313,-307,RUNNING
31262,1,0.00,0.00,0.00,0,0,0,-389,1306,307,389,-1306,-307,RUNNING
31287,1,0.00,0.00,0.00,0,0,0,-389,1317,307,389,-1317,-307,RUNNING
31314,1,0.00,0.00,0.00,0,0,0,-391,1299,307,391,-1299,-307,RUNNING
31339,1,0.00,0.00,0.00,0,0,0,-404,1255,307,404,-1255,-307,RUNNING
31364,1,0.00,0.00,0.00,0,0,0,-415,1287,307,415,-1287,-307,RUNNING
31389,1,0.00,0.00,0.00,0,0,0,-427,1300,308,427,-1300,-308,RUNNING
31414,1,0.00,0.00,0.00,0,0,0,-427,1234,307,427,-1234,-307,RUNNING
31439,1,0.00,0.00,0.00,0,0,0,-429,1253,308,429,-1253,-308,RUNNING
31464,1,0.00,0.00,0.00,0,0,0,-420,1298,308,420,-1298,-308,RUNNING
31489,1,0.00,0.00,0.00,0,0,0,-419,1263,308,419,-1263,-308,RUNNING
31516,1,0.00,0.00,0.00,0,0,0,-418,1261,308,418,-1261,-308,RUNNING
31541,1,0.00,0.00,0.00,0,0,0,-425,1289,308,425,-1289,-308,RUNNING
31566,1,0.00,0.00,0.00,0,0,0,-421,1262,308,421,-1262,-308,RUNNING
31591,1,0.00,0.00,0.00,0,0,0,-408,1262,308,408,-1262,-308,RUNNING
31616,1,0.00,0.00,0.00,0,0,0,-407,1271,308,407,-1271,-308,RUNNING
31641,1,0.00,0.00,0.00,0,0,0,-417,1328,308,417,-1328,-308,RUNNING
31666,1,0.00,0.00,0.00,0,0,0,-435,1265,308,435,-1265,-308,RUNNING
31691,1,0.00,0.00,0.00,0,0,0,-444,1318,308,444,-1318,-308,RUNNING
31718,1,0.00,0.00,0.00,0,0,0,-444,1340,308,444,-1340,-308,RUNNING
31743,1,0.00,0.00,0.00,0,0,0,-433,1285,308,433,-1285,-308,RUNNING
31768,1,0.00,0.00,0.00,0,0,0,-424,1278,308,424,-1278,-308,RUNNING
31793,1,0.00,0.00,0.00,0,0,0,-418,1298,309,418,-1298,-309,RUNNING
31818,1,0.00,0.00,0.00,0,0,0,-421,1266,309,421,-1266,-309,RUNNING
31843,1,0.00,0.00,0.00,0,0,0,-426,1270,309,426,-1270,-309,RUNNING
31868,1,0.00,0.00,0.00,0,0,0,-435,1281,309,435,-1281,-309,RUNNING
31895,1,0.00,0.00,0.00,0,0,0,-437,1271,309,437,-1271,-309,RUNNING
31920,1,0.00,0.00,0.00,0,0,0,-445,1240,309,445,-1240,-309,RUNNING
31945,1,0.00,0.00,0.00,0,0,0,-448,1262,309,448,-1262,-309,RUNNING
31970,1,0.00,0.00,0.00,0,0,0,-449,1295,309,449,-1295,-309,RUNNING
32022,1,0.00,0.00,0.00,0,0,0,-463,1277,309,463,-1277,-309,RUNNING
32047,1,0.00,0.00,0.00,0,0,0,-470,1296,309,470,-1296,-309,RUNNING
32072,1,0.00,0.00,0.00,0,0,0,-477,1268,309,477,-1268,-309,RUNNING
32097,1,0.00,0.00,0.00,0,0,0,-479,1288,309,479,-1288,-309,RUNNING
32124,1,0.00,0.00,0.00,0,0,0,-496,1317,310,496,-1317,-310,RUNNING
32149,1,0.00,0.00,0.00,0,0,0,-523,1272,310,523,-1272,-310,RUNNING
32174,1,0.00,0.00,0.00,0,0,0,-582,1283,310,582,-1283,-310,RUNNING
32199,1,0.00,0.00,0.00,0,0,0,-647,1316,310,647,-1316,-310,RUNNING
32224,1,0.00,0.00,0.00,0,0,0,-710,1334,310,710,-1334,-310,RUNNING
32249,1,0.00,0.00,0.00,0,0,0,-761,1280,310,761,-1280,-310,RUNNING
32274,1,0.00,0.00,0.00,0,0,0,-812,1309,310,812,-1309,-310,RUNNING
32299,1,0.00,0.00,0.00,0,0,0,-833,1327,310,833,-1327,-310,RUNNING
32326,1,0.00,0.00,0.00,0,0,0,-859,1266,310,859,-1266,-310,RUNNING
32351,1,0.00,0.00,0.00,0,0,0,-843,1301,310,843,-1301,-310,RUNNING
32376,1,0.00,0.00,0.00,0,0,0,-854,1304,310,854,-1304,-310,RUNNING
32401,1,0.00,0.00,0.00,0,0,0,-869,1249,311,869,-1249,-311,RUNNING
32426,1,0.00,0.00,0.00,0,0,0,-863,1263,311,863,-1263,-311,RUNNING
32451,1,0.00,0.00,0.00,0,0,0,-866,1278,312,866,-1278,-312,RUNNING
32476,1,0.00,0.00,0.00,0,0,0,-884,1297,312,884,-1297,-312,RUNNING
32501,1,0.00,0.00,0.00,0,0,0,-936,1254,312,936,-1254,-312,RUNNING
32528,1,0.00,0.00,0.00,0,0,0,-1016,1262,312,1016,-1262,-312,RUNNING
32553,1,0.00,0.00,0.00,0,0,0,-1114,1284,312,1114,-1284,-312,RUNNING
32578,1,0.00,0.00,0.00,0,0,0,-1180,1266,312,1180,-1266,-312,RUNNING
32603,1,0.00,0.00,0.00,0,0,0,-1187,1258,313,1187,-1258,-313,RUNNING
32628,1,0.00,0.00,0.00,0,0,0,-1202,1275,312,1202,-1275,-312,RUNNING
32653,1,0.00,0.00,0.00,0,0,0,-1201,1307,313,1201,-1307,-313,RUNNING
32678,1,0.00,0.00,0.00,0,0,0,-1196,1279,312,1196,-1279,-312,RUNNING
32705,1,0.00,0.00,0.00,0,0,0,-1213,1294,312,1213,-1294,-312,RUNNING
32730,1,0.00,0.00,0.00,0,0,0,-1253,1330,312,1253,-1330,-312,RUNNING
32755,1,0.00,0.00,0.00,0,0,0,-1253,1270,312,1253,-1270,-312,RUNNING
32780,1,0.00,0.00,0.00,0,0,0,-1243,1308,312,1243,-1308,-312,RUNNING
32805,1,0.00,0.00,0.00,0,0,0,-1233,1348,311,1233,-1348,-311,RUNNING
32830,1,0.00,0.00,0.00,0,0,0,-1219,1285,311,1219,-1285,-311,RUNNING
32855,1,0.00,0.00,0.00,0,0,0,-1234,1268,311,1234,-1268,-311,RUNNING
32880,1,0.00,0.00,0.00,0,0,0,-1227,1298,310,1227,-1298,-310,RUNNING
32907,1,0.00,0.00,0.00,0,0,0,-1225,1300,310,1225,-1300,-310,RUNNING
32932,1,0.00,0.00,0.00,0,0,0,-1204,1248,309,1204,-1248,-309,RUNNING
32957,1,0.00,0.00,0.00,0,0,0,-1219,1274,309,1219,-1274,-309,RUNNING
32982,1,0.00,0.00,0.00,0,0,0,-1202,1297,309,1202,-1297,-309,RUNNING
33007,1,0.00,0.00,0.00,0,0,0,-1224,1233,309,1224,-1233,-309,RUNNING
33032,1,0.00,0.00,0.00,0,0,0,-1162,1254,309,1162,-1254,-309,RUNNING
33057,1,0.00,0.00,0.00,0,0,0,-1175,1294,309,1175,-1294,-309,RUNNING
33084,1,0.00,0.00,0.00,0,0,0,-1163,1237,309,1163,-1237,-309,RUNNING
33109,1,0.00,0.00,0.00,0,0,0,-1196,1241,309,1196,-1241,-309,RUNNING
33134,1,0.00,0.00,0.00,0,0,0,-1182,1283,309,1182,-1283,-309,RUNNING
33159,1,0.00,0.00,0.00,0,0,0,-1162,1264,309,1162,-1264,-309,RUNNING
33184,1,0.00,0.00,0.00,0,0,0,-1142,1241,309,1142,-1241,-309,RUNNING
33209,1,0.00,0.00,0.00,0,0,0,-1141,1257,309,1141,-1257,-309,RUNNING
33234,1,0.00,0.00,0.00,0,0,0,-1148,1292,309,1148,-1292,-309,RUNNING
33259,1,0.00,0.00,0.00,0,0,0,-1178,1261,310,1178,-1261,-310,RUNNING
33286,1,0.00,0.00,0.00,0,0,0,-1202,1283,310,1202,-1283,-310,RUNNING
33311,1,0.00,0.00,0.00,0,0,0,-1206,1306,309,1206,-1306,-309,RUNNING
33336,1,0.00,0.00,0.00,0,0,0,-1188,1260,310,1188,-1260,-310,RUNNING
33361,1,0.00,0.00,0.00,0,0,0,-1170,1266,310,1170,-1266,-310,RUNNING
33386,1,0.00,0.00,0.00,0,0,0,-1126,1293,310,1126,-1293,-310,RUNNING
33411,1,0.00,0.00,0.00,0,0,0,-1112,1265,310,1112,-1265,-310,RUNNING
33436,1,0.00,0.00,0.00,0,0,0,-1124,1263,310,1124,-1263,-310,RUNNING
33463,1,0.00,0.00,0.00,0,0,0,-1135,1282,310,1135,-1282,-310,RUNNING
33488,1,0.00,0.00,0.00,0,0,0,-1135,1243,310,1135,-1243,-310,RUNNING
33513,1,0.00,0.00,0.00,0,0,0,-1151,1260,310,1151,-1260,-310,RUNNING
33538,1,0.00,0.00,0.00,0,0,0,-1148,1262,310,1148,-1262,-310,RUNNING
33563,1,0.00,0.00,0.00,0,0,0,-1165,1239,310,1165,-1239,-310,RUNNING
33588,1,0.00,0.00,0.00,0,0,0,-1161,1221,310,1161,-1221,-310,RUNNING
33613,1,0.00,0.00,0.00,0,0,0,-1136,1259,310,1136,-1259,-310,RUNNING
33638,1,0.00,0.00,0.00,0,0,0,-1151,1287,310,1151,-1287,-310,RUNNING
33665,1,0.00,0.00,0.00,0,0,0,-1183,1243,310,1183,-1243,-310,RUNNING
33690,1,0.00,0.00,0.00,0,0,0,-1228,1262,310,1228,-1262,-310,RUNNING
33715,1,0.00,0.00,0.00,0,0,0,-1224,1265,310,1224,-1265,-310,RUNNING
33740,1,0.00,0.00,0.00,0,0,0,-1143,1230,310,1143,-1230,-310,RUNNING
33765,1,0.00,0.00,0.00,0,0,0,-1059,1252,310,1059,-1252,-310,RUNNING
33790,1,0.00,0.00,0.00,0,0,0,-1047,1271,310,1047,-1271,-310,RUNNING
33815,1,0.00,0.00,0.00,0,0,0,-1102,1274,310,1102,-1274,-310,RUNNING
33842,1,0.00,0.00,0.00,0,0,0,-1033,1218,310,1033,-1218,-310,RUNNING
33867,1,0.00,0.00,0.00,0,0,0,-1148,1241,310,1148,-1241,-310,RUNNING
33892,1,0.00,0.00,0.00,0,0,0,-1145,1311,310,1145,-1311,-310,RUNNING
33917,1,0.00,0.00,0.00,0,0,0,-1174,1255,310,1174,-1255,-310,RUNNING
33942,1,0.00,0.00,0.00,0,0,0,-1184,1258,310,1184,-1258,-310,RUNNING
33967,1,0.00,0.00,0.00,0,0,0,-1171,1279,310,1171,-1279,-310,RUNNING
33992,1,0.00,0.00,0.00,0,0,0,-1030,1255,310,1030,-1255,-310,RUNNING
34017,1,0.00,0.00,0.00,0,0,0,-981,1237,310,981,-1237,-310,RUNNING
34044,1,0.00,0.00,0.00,0,0,0,-1020,1237,310,1020,-1237,-310,RUNNING
34069,1,0.00,0.00,0.00,0,0,0,-913,1270,310,913,-1270,-310,RUNNING
34094,1,0.00,0.00,0.00,0,0,0,-999,1231,310,999,-1231,-310,RUNNING
34119,1,0.00,0.00,0.00,0,0,0,-1148,1224,310,1148,-1224,-310,RUNNING
34144,1,0.00,0.00,0.00,0,0,0,-1359,1257,310,1359,-1257,-310,RUNNING
34169,1,0.00,0.00,0.00,0,0,0,-1533,1221,311,1533,-1221,-311,RUNNING
34194,1,0.00,0.00,0.00,0,0,0,-1613,1212,310,1613,-1212,-310,RUNNING
34219,1,0.00,0.00,0.00,0,0,0,-1574,1235,310,1574,-1235,-310,RUNNING
34246,1,0.00,0.00,0.00,0,0,0,-1610,1246,310,1610,-1246,-310,RUNNING
34271,1,0.00,0.00,0.00,0,0,0,-1659,1217,311,1659,-1217,-311,RUNNING
34296,1,0.00,0.00,0.00,0,0,0,-1693,1221,311,1693,-1221,-311,RUNNING
34321,1,0.00,0.00,0.00,0,0,0,-1698,1214,310,1698,-1214,-310,RUNNING
34346,1,0.00,0.00,0.00,0,0,0,-1679,1171,310,1679,-1171,-310,RUNNING
34371,1,0.00,0.00,0.00,0,0,0,-1634,1144,310,1634,-1144,-310,RUNNING
34396,1,0.00,0.00,0.00,0,0,0,-1634,1159,311,1634,-1159,-311,RUNNING
34423,1,0.00,0.00,0.00,0,0,0,-1650,1046,310,1650,-1046,-310,RUNNING
34448,1,0.00,0.00,0.00,0,0,0,-1629,1137,311,1629,-1137,-311,RUNNING
34473,1,0.00,0.00,0.00,0,0,0,-1608,1126,311,1608,-1126,-311,RUNNING
34498,1,0.00,0.00,0.00,0,0,0,-1731,1228,310,1731,-1228,-310,RUNNING
34523,1,0.00,0.00,0.00,0,0,0,-1850,1223,310,1850,-1223,-310,RUNNING
34548,1,0.00,0.00,0.00,0,0,0,-1856,1242,310,1856,-1242,-310,RUNNING
34573,1,0.00,0.00,0.00,0,0,0,-1847,1253,311,1847,-1253,-311,RUNNING
34598,1,0.00,0.00,0.00,0,0,0,-1830,1207,311,1830,-1207,-311,RUNNING
34625,1,0.00,0.00,0.00,0,0,0,-1823,1234,310,1823,-1234,-310,RUNNING
34650,1,0.00,0.00,0.00,0,0,0,-1822,1265,311,1822,-1265,-311,RUNNING
34675,1,0.00,0.00,0.00,0,0,0,-1822,1226,310,1822,-1226,-310,RUNNING
34700,1,0.00,0.00,0.00,0,0,0,-1821,1228,311,1821,-1228,-311,RUNNING
34725,1,0.00,0.00,0.00,0,0,0,-1829,1256,311,1829,-1256,-311,RUNNING
34750,1,0.00,0.00,0.00,0,0,0,-1817,1225,311,1817,-1225,-311,RUNNING
34775,1,0.00,0.00,0.00,0,0,0,-1813,1219,310,1813,-1219,-310,RUNNING
34802,1,0.00,0.00,0.00,0,0,0,-1805,1229,311,1805,-1229,-311,RUNNING
34827,1,0.00,0.00,0.00,0,0,0,-1811,1199,311,1811,-1199,-311,RUNNING
34852,1,0.00,0.00,0.00,0,0,0,-1823,1203,311,1823,-1203,-311,RUNNING
34877,1,0.00,0.00,0.00,0,0,0,-1825,1214,311,1825,-1214,-311,RUNNING
34902,1,0.00,0.00,0.00,0,0,0,-1827,1152,310,1827,-1152,-310,RUNNING
34927,1,0.00,0.00,0.00,0,0,0,-1818,1152,311,1818,-1152,-311,RUNNING
34952,1,0.00,0.00,0.00,0,0,0,-1817,1211,311,1817,-1211,-311,RUNNING
34977,1,0.00,0.00,0.00,0,0,0,-1810,1259,311,1810,-1259,-311,RUNNING
35039,1,0.00,0.00,0.00,0,0,0,-1818,1221,310,1818,-1221,-310,RUNNING
35064,1,0.00,0.00,0.00,0,0,0,-1810,1241,311,1810,-1241,-311,RUNNING
35089,1,0.00,0.00,0.00,0,0,0,-1815,1210,310,1815,-1210,-310,RUNNING
35114,1,0.00,0.00,0.00,0,0,0,-1808,1235,311,1808,-1235,-311,RUNNING
35139,1,0.00,0.00,0.00,0,0,0,-1816,1242,311,1816,-1242,-311,RUNNING
35164,1,0.00,0.00,0.00,0,0,0,-1815,1203,311,1815,-1203,-311,RUNNING
35189,1,0.00,0.00,0.00,0,0,0,-1811,1225,311,1811,-1225,-311,RUNNING
35216,1,0.00,0.00,0.00,0,0,0,-1801,1244,311,1801,-1244,-311,RUNNING
35241,1,0.00,0.00,0.00,0,0,0,-1787,1256,310,1787,-1256,-310,RUNNING
35266,1,0.00,0.00,0.00,0,0,0,-1783,1192,310,1783,-1192,-310,RUNNING
35291,1,0.00,0.00,0.00,0,0,0,-1797,1223,311,1797,-1223,-311,RUNNING
35316,1,0.00,0.00,0.00,0,0,0,-1810,1255,311,1810,-1255,-311,RUNNING
35341,1,0.00,0.00,0.00,0,0,0,-1825,1208,311,1825,-1208,-311,RUNNING
35366,1,0.00,0.00,0.00,0,0,0,-1823,1201,311,1823,-1201,-311,RUNNING
35391,1,0.00,0.00,0.00,0,0,0,-1813,1209,311,1813,-1209,-311,RUNNING
35418,1,0.00,0.00,0.00,0,0,0,-1806,1162,311,1806,-1162,-311,RUNNING
35443,1,0.00,0.00,0.00,0,0,0,-1792,1185,311,1792,-1185,-311,RUNNING
35468,1,0.00,0.00,0.00,0,0,0,-1784,1196,311,1784,-1196,-311,RUNNING
35493,1,0.00,0.00,0.00,0,0,0,-1785,1188,311,1785,-1188,-311,RUNNING
35518,1,0.00,0.00,0.00,0,0,0,-1791,1203,311,1791,-1203,-311,RUNNING
35543,1,0.00,0.00,0.00,0,0,0,-1812,1225,311,1812,-1225,-311,RUNNING
35568,1,0.00,0.00,0.00,0,0,0,-1809,1259,311,1809,-1259,-311,RUNNING
35595,1,0.00,0.00,0.00,0,0,0,-1805,1213,311,1805,-1213,-311,RUNNING
35620,1,0.00,0.00,0.00,0,0,0,-1781,1210,311,1781,-1210,-311,RUNNING
35645,1,0.00,0.00,0.00,0,0,0,-1771,1228,311,1771,-1228,-311,RUNNING
35670,1,0.00,0.00,0.00,0,0,0,-1779,1232,311,1779,-1232,-311,RUNNING
35695,1,0.00,0.00,0.00,0,0,0,-1803,1209,311,1803,-1209,-311,RUNNING
35720,1,0.00,0.00,0.00,0,0,0,-1803,1227,311,1803,-1227,-311,RUNNING
35745,1,0.00,0.00,0.00,0,0,0,-1805,1251,311,1805,-1251,-311,RUNNING
35770,1,0.00,0.00,0.00,0,0,0,-1799,1205,311,1799,-1205,-311,RUNNING
35797,1,0.00,0.00,0.00,0,0,0,-1806,1206,311,1806,-1206,-311,RUNNING
35822,1,0.00,0.00,0.00,0,0,0,-1802,1243,311,1802,-1243,-311,RUNNING
35847,1,0.00,0.00,0.00,0,0,0,-1791,1177,311,1791,-1177,-311,RUNNING
35872,1,0.00,0.00,0.00,0,0,0,-1778,1192,311,1778,-1192,-311,RUNNING
35897,1,0.00,0.00,0.00,0,0,0,-1785,1221,311,1785,-1221,-311,RUNNING
35922,1,0.00,0.00,0.00,0,0,0,-1785,1194,311,1785,-1194,-311,RUNNING
35947,1,0.00,0.00,0.00,0,0,0,-1801,1096,311,1801,-1096,-311,RUNNING
35974,1,0.00,0.00,0.00,0,0,0,-1797,1089,311,1797,-1089,-311,RUNNING
35999,1,0.00,0.00,0.00,0,0,0,-1803,1026,311,1803,-1026,-311,RUNNING
36024,1,0.00,0.00,0.00,0,0,0,-1796,1063,311,1796,-1063,-311,RUNNING
36049,1,0.00,0.00,0.00,0,0,0,-1798,1047,311,1798,-1047,-311,RUNNING
36074,1,0.00,0.00,0.00,0,0,0,-1790,1077,311,1790,-1077,-311,RUNNING
36099,1,0.00,0.00,0.00,0,0,0,-1786,1073,311,1786,-1073,-311,RUNNING
36124,1,0.00,0.00,0.00,0,0,0,-1773,1136,311,1773,-1136,-311,RUNNING
36149,1,0.00,0.00,0.00,0,0,0,-1768,1212,311,1768,-1212,-311,RUNNING
36176,1,0.00,0.00,0.00,0,0,0,-1777,1191,311,1777,-1191,-311,RUNNING
36201,1,0.00,0.00,0.00,0,0,0,-1798,1186,311,1798,-1186,-311,RUNNING
36226,1,0.00,0.00,0.00,0,0,0,-1813,1185,311,1813,-1185,-311,RUNNING
36251,1,0.00,0.00,0.00,0,0,0,-1796,1208,311,1796,-1208,-311,RUNNING
36276,1,0.00,0.00,0.00,0,0,0,-1776,1194,311,1776,-1194,-311,RUNNING
36301,1,0.00,0.00,0.00,0,0,0,-1772,1190,311,1772,-1190,-311,RUNNING
36326,1,0.00,0.00,0.00,0,0,0,-1785,1202,311,1785,-1202,-311,RUNNING
36354,1,0.00,0.00,0.00,0,0,0,-1798,1163,311,1798,-1163,-311,RUNNING
36379,1,0.00,0.00,0.00,0,0,0,-1786,1173,311,1786,-1173,-311,RUNNING
36404,1,0.00,0.00,0.00,0,0,0,-1771,1181,311,1771,-1181,-311,RUNNING
36429,1,0.00,0.00,0.00,0,0,0,-1779,1143,311,1779,-1143,-311,RUNNING
36454,1,0.00,0.00,0.00,0,0,0,-1802,1114,311,1802,-1114,-311,RUNNING
36479,1,0.00,0.00,0.00,0,0,0,-1814,1079,311,1814,-1079,-311,RUNNING
36504,1,0.00,0.00,0.00,0,0,0,-1789,1094,311,1789,-1094,-311,RUNNING
36529,1,0.00,0.00,0.00,0,0,0,-1763,1072,311,1763,-1072,-311,RUNNING
36556,1,0.00,0.00,0.00,0,0,0,-1758,1047,311,1758,-1047,-311,RUNNING
36581,1,0.00,0.00,0.00,0,0,0,-1780,1141,311,1780,-1141,-311,RUNNING
36606,1,0.00,0.00,0.00,0,0,0,-1802,1152,311,1802,-1152,-311,RUNNING
36631,1,0.00,0.00,0.00,0,0,0,-1806,1150,311,1806,-1150,-311,RUNNING
36656,1,0.00,0.00,0.00,0,0,0,-1793,1162,311,1793,-1162,-311,RUNNING
36681,1,0.00,0.00,0.00,0,0,0,-1775,1144,311,1775,-1144,-311,RUNNING
36706,1,0.00,0.00,0.00,0,0,0,-1774,1133,311,1774,-1133,-311,RUNNING
36731,1,0.00,0.00,0.00,0,0,0,-1773,1156,311,1773,-1156,-311,RUNNING
36758,1,0.00,0.00,0.00,0,0,0,-1774,1192,311,1774,-1192,-311,RUNNING
36783,1,0.00,0.00,0.00,0,0,0,-1775,1147,311,1775,-1147,-311,RUNNING
36808,1,0.00,0.00,0.00,0,0,0,-1781,1161,311,1781,-1161,-311,RUNNING
36833,1,0.00,0.00,0.00,0,0,0,-1794,1199,311,1794,-1199,-311,RUNNING
36858,1,0.00,0.00,0.00,0,0,0,-1809,1152,311,1809,-1152,-311,RUNNING
36883,1,0.00,0.00,0.00,0,0,0,-1691,1035,311,1691,-1035,-311,RUNNING
36908,1,0.00,0.00,0.00,0,0,0,-113,-375,311,113,375,-311,RUNNING
36935,1,0.00,0.00,0.00,0,0,0,-128,-155,311,128,155,-311,RUNNING
--- NEW TEST SESSION STARTED ---
