TimestampMs,State,TargetX,TargetY,TargetZ,SetpointA,SetpointB,SetpointC,CountA,CountB,CountC,ErrA,ErrB,ErrC,Status
--- NEW TEST SESSION STARTED ---
--- NEW TEST SESSION STARTED ---
23864,1,20.00,0.00,0.00,18,230,-195,0,-1,-1,18,231,-194,START_STEP
23885,1,20.00,0.00,0.00,18,230,-195,0,-1,0,18,231,-195,RUNNING
23908,1,20.00,0.00,0.00,18,230,-195,0,-1,0,18,231,-195,RUNNING
23931,1,20.00,0.00,0.00,18,230,-195,2,-1,0,16,231,-195,RUNNING
23954,1,20.00,0.00,0.00,18,230,-195,6,-1,-1,12,231,-194,RUNNING
23977,1,20.00,0.00,0.00,18,230,-195,12,9,-24,6,221,-171,RUNNING
24002,1,20.00,0.00,0.00,18,230,-195,22,56,-65,-4,174,-130,RUNNING
24024,1,20.00,0.00,0.00,18,230,-195,27,103,-104,-9,127,-91,RUNNING
24046,1,20.00,0.00,0.00,18,230,-195,26,146,-138,-8,84,-57,RUNNING
24068,1,20.00,0.00,0.00,18,230,-195,26,188,-169,-8,42,-26,RUNNING
24090,1,20.00,0.00,0.00,18,230,-195,25,225,-198,-7,5,3,RUNNING
24107,1,20.00,0.00,0.00,18,230,-195,25,225,-198,-7,5,3,TARGET_REACHED_OUTBOUND
24129,15,20.00,0.00,0.00,18,230,-195,24,265,-227,-6,-35,32,RUNNING
24153,15,20.00,0.00,0.00,18,230,-195,21,279,-240,-3,-49,45,RUNNING
24175,15,20.00,0.00,0.00,18,230,-195,20,290,-250,-2,-60,55,RUNNING
24197,15,20.00,0.00,0.00,18,230,-195,18,300,-259,0,-70,64,RUNNING
24302,15,20.00,0.00,0.00,18,230,-195,16,331,-292,2,-101,97,RUNNING
24377,15,20.00,0.00,0.00,18,230,-195,16,339,-303,2,-109,108,RUNNING
24561,15,20.00,0.00,0.00,18,230,-195,16,341,-306,2,-111,111,RUNNING
24583,15,20.00,0.00,0.00,18,230,-195,16,342,-306,2,-112,111,RUNNING
24605,15,20.00,0.00,0.00,18,230,-195,16,341,-306,2,-111,111,RUNNING
24629,15,20.00,0.00,0.00,18,230,-195,16,341,-306,2,-111,111,RUNNING
24651,15,20.00,0.00,0.00,18,230,-195,16,342,-306,2,-112,111,RUNNING
24673,15,20.00,0.00,0.00,18,230,-195,16,341,-306,2,-111,111,RUNNING
24695,15,20.00,0.00,0.00,18,230,-195,16,342,-306,2,-112,111,RUNNING
24717,15,20.00,0.00,0.00,18,230,-195,16,341,-306,2,-111,111,RUNNING
24739,15,20.00,0.00,0.00,18,230,-195,16,342,-306,2,-112,111,RUNNING
24761,15,20.00,0.00,0.00,18,230,-195,16,342,-306,2,-112,111,RUNNING
24785,15,20.00,0.00,0.00,18,230,-195,16,341,-306,2,-111,111,RUNNING
24807,15,20.00,0.00,0.00,18,230,-195,16,342,-306,2,-112,111,RUNNING
24829,15,20.00,0.00,0.00,18,230,-195,16,341,-306,2,-111,111,RUNNING
24851,15,20.00,0.00,0.00,18,230,-195,16,342,-306,2,-112,111,RUNNING
24873,15,20.00,0.00,0.00,18,230,-195,16,341,-306,2,-111,111,RUNNING
24895,15,20.00,0.00,0.00,18,230,-195,16,342,-306,2,-112,111,RUNNING
24917,15,20.00,0.00,0.00,18,230,-195,16,342,-306,2,-112,111,RUNNING
24939,15,20.00,0.00,0.00,18,230,-195,16,341,-306,2,-111,111,RUNNING
24963,15,20.00,0.00,0.00,18,230,-195,16,342,-306,2,-112,111,RUNNING
24985,15,20.00,0.00,0.00,18,230,-195,16,342,-306,2,-112,111,RUNNING
25007,15,20.00,0.00,0.00,18,230,-195,16,342,-306,2,-112,111,RUNNING
25029,15,20.00,0.00,0.00,18,230,-195,16,342,-306,2,-112,111,RUNNING
25051,15,20.00,0.00,0.00,18,230,-195,16,342,-306,2,-112,111,RUNNING
25073,15,20.00,0.00,0.00,18,230,-195,16,342,-306,2,-112,111,RUNNING
25095,15,20.00,0.00,0.00,18,230,-195,16,342,-306,2,-112,111,RUNNING
25119,15,20.00,0.00,0.00,18,230,-195,16,342,-306,2,-112,111,RUNNING
25141,15,20.00,0.00,0.00,18,230,-195,16,342,-306,2,-112,111,RUNNING
25163,15,20.00,0.00,0.00,18,230,-195,16,342,-306,2,-112,111,RUNNING
25185,15,20.00,0.00,0.00,18,230,-195,16,342,-306,2,-112,111,RUNNING
25207,15,20.00,0.00,0.00,18,230,-195,16,342,-306,2,-112,111,RUNNING
25229,15,20.00,0.00,0.00,18,230,-195,16,342,-306,2,-112,111,RUNNING
25251,15,20.00,0.00,0.00,18,230,-195,16,342,-306,2,-112,111,RUNNING
25273,15,20.00,0.00,0.00,18,230,-195,16,342,-306,2,-112,111,RUNNING
25297,15,20.00,0.00,0.00,18,230,-195,16,342,-306,2,-112,111,RUNNING
25319,15,20.00,0.00,0.00,18,230,-195,16,342,-306,2,-112,111,RUNNING
25341,15,20.00,0.00,0.00,18,230,-195,16,342,-306,2,-112,111,RUNNING
25363,15,20.00,0.00,0.00,18,230,-195,16,342,-306,2,-112,111,RUNNING
25385,15,20.00,0.00,0.00,18,230,-195,16,342,-306,2,-112,111,RUNNING
25407,15,20.00,0.00,0.00,18,230,-195,16,342,-306,2,-112,111,RUNNING
25429,15,20.00,0.00,0.00,18,230,-195,16,342,-306,2,-112,111,RUNNING
25453,15,20.00,0.00,0.00,18,230,-195,16,342,-306,2,-112,111,RUNNING
25475,15,20.00,0.00,0.00,18,230,-195,16,342,-306,2,-112,111,RUNNING
25497,15,20.00,0.00,0.00,18,230,-195,16,342,-306,2,-112,111,RUNNING
25519,15,20.00,0.00,0.00,18,230,-195,16,342,-306,2,-112,111,RUNNING
25541,15,20.00,0.00,0.00,18,230,-195,16,342,-306,2,-112,111,RUNNING
25563,15,20.00,0.00,0.00,18,230,-195,16,342,-306,2,-112,111,RUNNING
25585,15,20.00,0.00,0.00,18,230,-195,16,342,-306,2,-112,111,RUNNING
25607,15,20.00,0.00,0.00,18,230,-195,16,342,-306,2,-112,111,RUNNING
25627,2,0.00,0.00,0.00,0,0,0,16,342,-306,-16,-342,306,START_STEP
25648,2,0.00,0.00,0.00,0,0,0,16,342,-306,-16,-342,306,RUNNING
25670,2,0.00,0.00,0.00,0,0,0,16,342,-306,-16,-342,306,RUNNING
25692,2,0.00,0.00,0.00,0,0,0,16,341,-305,-16,-341,305,RUNNING
25714,2,0.00,0.00,0.00,0,0,0,13,342,-302,-13,-342,302,RUNNING
25736,2,0.00,0.00,0.00,0,0,0,9,314,-265,-9,-314,265,RUNNING
25758,2,0.00,0.00,0.00,0,0,0,3,258,-214,-3,-258,214,RUNNING
25780,2,0.00,0.00,0.00,0,0,0,-3,195,-158,3,-195,158,RUNNING
25804,2,0.00,0.00,0.00,0,0,0,-6,135,-103,6,-135,103,RUNNING
25826,2,0.00,0.00,0.00,0,0,0,-5,84,-64,5,-84,64,RUNNING
25848,2,0.00,0.00,0.00,0,0,0,-5,42,-25,5,-42,25,RUNNING
25870,2,0.00,0.00,0.00,0,0,0,-4,-7,12,4,7,-12,RUNNING
25892,2,0.00,0.00,0.00,0,0,0,-5,-49,48,5,49,-48,RUNNING
25914,2,0.00,0.00,0.00,0,0,0,-4,-78,72,4,78,-72,RUNNING
25936,2,0.00,0.00,0.00,0,0,0,-5,-90,83,5,90,-83,RUNNING
25958,2,0.00,0.00,0.00,0,0,0,-4,-94,85,4,94,-85,RUNNING
25980,2,0.00,0.00,0.00,0,0,0,-4,-95,84,4,95,-84,RUNNING
26004,2,0.00,0.00,0.00,0,0,0,-5,-98,84,5,98,-84,RUNNING
26026,2,0.00,0.00,0.00,0,0,0,-4,-105,85,4,105,-85,RUNNING
26048,2,0.00,0.00,0.00,0,0,0,-5,-114,91,5,114,-91,RUNNING
26070,2,0.00,0.00,0.00,0,0,0,-4,-118,100,4,118,-100,RUNNING
26092,2,0.00,0.00,0.00,0,0,0,-3,-118,104,3,118,-104,RUNNING
26114,2,0.00,0.00,0.00,0,0,0,0,-117,103,0,117,-103,RUNNING
26136,2,0.00,0.00,0.00,0,0,0,1,-117,103,-1,117,-103,RUNNING
26158,2,0.00,0.00,0.00,0,0,0,1,-117,103,-1,117,-103,RUNNING
26180,2,0.00,0.00,0.00,0,0,0,0,-118,103,0,118,-103,RUNNING
26204,2,0.00,0.00,0.00,0,0,0,0,-117,101,0,117,-101,RUNNING
26226,2,0.00,0.00,0.00,0,0,0,-1,-117,100,1,117,-100,RUNNING
26248,2,0.00,0.00,0.00,0,0,0,-1,-116,98,1,116,-98,RUNNING
26270,2,0.00,0.00,0.00,0,0,0,-1,-115,89,1,115,-89,RUNNING
26292,2,0.00,0.00,0.00,0,0,0,-1,-103,76,1,103,-76,RUNNING
26314,2,0.00,0.00,0.00,0,0,0,-1,-91,64,1,91,-64,RUNNING
26336,2,0.00,0.00,0.00,0,0,0,-1,-79,50,1,79,-50,RUNNING
26358,2,0.00,0.00,0.00,0,0,0,-1,-64,41,1,64,-41,RUNNING
26380,2,0.00,0.00,0.00,0,0,0,-1,-50,40,1,50,-40,RUNNING
26404,2,0.00,0.00,0.00,0,0,0,-1,-38,41,1,38,-41,RUNNING
26426,2,0.00,0.00,0.00,0,0,0,-1,-37,41,1,37,-41,RUNNING
26448,2,0.00,0.00,0.00,0,0,0,-1,-39,40,1,39,-40,RUNNING
26470,2,0.00,0.00,0.00,0,0,0,-1,-39,35,1,39,-35,RUNNING
26492,2,0.00,0.00,0.00,0,0,0,-1,-39,28,1,39,-28,RUNNING
26514,2,0.00,0.00,0.00,0,0,0,-1,-37,20,1,37,-20,RUNNING
26536,2,0.00,0.00,0.00,0,0,0,-1,-31,15,1,31,-15,RUNNING
26558,2,0.00,0.00,0.00,0,0,0,-1,-23,15,1,23,-15,RUNNING
26580,2,0.00,0.00,0.00,0,0,0,-1,-13,15,1,13,-15,RUNNING
26604,2,0.00,0.00,0.00,0,0,0,-1,-7,15,1,7,-15,RUNNING
26626,2,0.00,0.00,0.00,0,0,0,-1,-8,15,1,8,-15,RUNNING
26648,2,0.00,0.00,0.00,0,0,0,-1,-9,10,1,9,-10,RUNNING
26670,2,0.00,0.00,0.00,0,0,0,-1,-9,2,1,9,-2,RUNNING
26692,2,0.00,0.00,0.00,0,0,0,-1,-9,-1,1,9,1,RUNNING
26714,2,0.00,0.00,0.00,0,0,0,-1,-7,-1,1,7,1,RUNNING
26731,2,0.00,0.00,0.00,0,0,0,-1,-7,-1,1,7,1,TEST_COMPLETE_RETURNED_HOME
53095,3,0.00,20.00,0.00,-228,141,141,-1,29,0,-227,112,141,START_STEP
53116,3,0.00,20.00,0.00,-228,141,141,-1,29,0,-227,112,141,RUNNING
53140,3,0.00,20.00,0.00,-228,141,141,0,28,0,-228,113,141,RUNNING
53162,3,0.00,20.00,0.00,-228,141,141,-1,41,0,-227,100,141,RUNNING
53184,3,0.00,20.00,0.00,-228,141,141,-28,62,18,-200,79,123,RUNNING
53206,3,0.00,20.00,0.00,-228,141,141,-56,86,47,-172,55,94,RUNNING
53228,3,0.00,20.00,0.00,-228,141,141,-90,108,76,-138,33,65,RUNNING
53250,3,0.00,20.00,0.00,-228,141,141,-119,123,103,-109,18,38,RUNNING
53272,3,0.00,20.00,0.00,-228,141,141,-150,129,126,-78,12,15,RUNNING
53294,3,0.00,20.00,0.00,-228,141,141,-184,129,143,-44,12,-2,RUNNING
53376,3,0.00,20.00,0.00,-228,141,141,-282,144,147,54,-3,-6,RUNNING
53398,3,0.00,20.00,0.00,-228,141,141,-301,153,147,73,-12,-6,RUNNING
53420,3,0.00,20.00,0.00,-228,141,141,-310,161,147,82,-20,-6,RUNNING
53442,3,0.00,20.00,0.00,-228,141,141,-307,161,147,79,-20,-6,RUNNING
53464,3,0.00,20.00,0.00,-228,141,141,-310,160,147,82,-19,-6,RUNNING
53486,3,0.00,20.00,0.00,-228,141,141,-306,160,153,78,-19,-12,RUNNING
53508,3,0.00,20.00,0.00,-228,141,141,-302,160,162,74,-19,-21,RUNNING
53532,3,0.00,20.00,0.00,-228,141,141,-304,165,173,76,-24,-32,RUNNING
53554,3,0.00,20.00,0.00,-228,141,141,-300,173,178,72,-32,-37,RUNNING
53576,3,0.00,20.00,0.00,-228,141,141,-303,177,178,75,-36,-37,RUNNING
53598,3,0.00,20.00,0.00,-228,141,141,-301,176,178,73,-35,-37,RUNNING
53620,3,0.00,20.00,0.00,-228,141,141,-303,176,178,75,-35,-37,RUNNING
53642,3,0.00,20.00,0.00,-228,141,141,-299,176,178,71,-35,-37,RUNNING
53664,3,0.00,20.00,0.00,-228,141,141,-295,175,178,67,-34,-37,RUNNING
53686,3,0.00,20.00,0.00,-228,141,141,-290,176,178,62,-35,-37,RUNNING
53710,3,0.00,20.00,0.00,-228,141,141,-279,175,178,51,-34,-37,RUNNING
53732,3,0.00,20.00,0.00,-228,141,141,-274,175,178,46,-34,-37,RUNNING
53754,3,0.00,20.00,0.00,-228,141,141,-266,174,178,38,-33,-37,RUNNING
53776,3,0.00,20.00,0.00,-228,141,141,-265,172,178,37,-31,-37,RUNNING
53798,3,0.00,20.00,0.00,-228,141,141,-263,163,173,35,-22,-32,RUNNING
53820,3,0.00,20.00,0.00,-228,141,141,-264,151,162,36,-10,-21,RUNNING
53842,3,0.00,20.00,0.00,-228,141,141,-261,143,154,33,-2,-13,RUNNING
53866,3,0.00,20.00,0.00,-228,141,141,-254,143,153,26,-2,-12,RUNNING
53888,3,0.00,20.00,0.00,-228,141,141,-250,143,153,22,-2,-12,RUNNING
53910,3,0.00,20.00,0.00,-228,141,141,-244,143,154,16,-2,-13,RUNNING
53932,3,0.00,20.00,0.00,-228,141,141,-248,142,154,20,-1,-13,RUNNING
53954,3,0.00,20.00,0.00,-228,141,141,-247,143,154,19,-2,-13,RUNNING
53976,3,0.00,20.00,0.00,-228,141,141,-247,143,154,19,-2,-13,RUNNING
53998,3,0.00,20.00,0.00,-228,141,141,-247,143,154,19,-2,-13,RUNNING
54020,3,0.00,20.00,0.00,-228,141,141,-247,143,154,19,-2,-13,RUNNING
54044,3,0.00,20.00,0.00,-228,141,141,-242,143,154,14,-2,-13,RUNNING
54066,3,0.00,20.00,0.00,-228,141,141,-232,146,154,4,-5,-13,RUNNING
54088,3,0.00,20.00,0.00,-228,141,141,-230,156,154,2,-15,-13,RUNNING
54110,3,0.00,20.00,0.00,-228,141,141,-230,166,154,2,-25,-13,RUNNING
54132,3,0.00,20.00,0.00,-228,141,141,-231,167,153,3,-26,-12,RUNNING
54154,3,0.00,20.00,0.00,-228,141,141,-231,166,144,3,-25,-3,RUNNING
54176,3,0.00,20.00,0.00,-228,141,141,-230,166,136,2,-25,5,RUNNING
54200,3,0.00,20.00,0.00,-228,141,141,-237,166,132,9,-25,9,RUNNING
54222,3,0.00,20.00,0.00,-228,141,141,-243,166,133,15,-25,8,RUNNING
54244,3,0.00,20.00,0.00,-228,141,141,-250,166,133,22,-25,8,RUNNING
54266,3,0.00,20.00,0.00,-228,141,141,-249,166,133,21,-25,8,RUNNING
54288,3,0.00,20.00,0.00,-228,141,141,-249,166,133,21,-25,8,RUNNING
54310,3,0.00,20.00,0.00,-228,141,141,-249,166,133,21,-25,8,RUNNING
54332,3,0.00,20.00,0.00,-228,141,141,-248,157,133,20,-16,8,RUNNING
54354,3,0.00,20.00,0.00,-228,141,141,-249,146,133,21,-5,8,RUNNING
54378,3,0.00,20.00,0.00,-228,141,141,-242,138,143,14,3,-2,RUNNING
54400,3,0.00,20.00,0.00,-228,141,141,-234,137,155,6,4,-14,RUNNING
54422,3,0.00,20.00,0.00,-228,141,141,-226,137,162,-2,4,-21,RUNNING
54444,3,0.00,20.00,0.00,-228,141,141,-227,137,163,-1,4,-22,RUNNING
54466,3,0.00,20.00,0.00,-228,141,141,-227,137,163,-1,4,-22,RUNNING
54488,3,0.00,20.00,0.00,-228,141,141,-227,137,163,-1,4,-22,RUNNING
54510,3,0.00,20.00,0.00,-228,141,141,-228,132,163,0,9,-22,RUNNING
54534,3,0.00,20.00,0.00,-228,141,141,-227,123,163,-1,18,-22,RUNNING
54556,3,0.00,20.00,0.00,-228,141,141,-228,119,162,0,22,-21,RUNNING
54578,3,0.00,20.00,0.00,-228,141,141,-227,119,162,-1,22,-21,RUNNING
54600,3,0.00,20.00,0.00,-228,141,141,-229,119,157,1,22,-16,RUNNING
54622,3,0.00,20.00,0.00,-228,141,141,-227,119,143,-1,22,-2,RUNNING
54644,3,0.00,20.00,0.00,-228,141,141,-228,119,136,0,22,5,RUNNING
54666,3,0.00,20.00,0.00,-228,141,141,-228,119,136,0,22,5,RUNNING
54688,3,0.00,20.00,0.00,-228,141,141,-227,119,136,-1,22,5,RUNNING
54712,3,0.00,20.00,0.00,-228,141,141,-229,119,136,1,22,5,RUNNING
54734,3,0.00,20.00,0.00,-228,141,141,-227,119,136,-1,22,5,RUNNING
54756,3,0.00,20.00,0.00,-228,141,141,-229,123,136,1,18,5,RUNNING
54778,3,0.00,20.00,0.00,-228,141,141,-227,134,137,-1,7,4,RUNNING
54796,3,0.00,20.00,0.00,-228,141,141,-227,134,137,-1,7,4,TARGET_REACHED_OUTBOUND
54817,15,0.00,20.00,0.00,-228,141,141,-227,157,141,-1,-16,0,RUNNING
54839,15,0.00,20.00,0.00,-228,141,141,-228,170,149,0,-29,-8,RUNNING
54861,15,0.00,20.00,0.00,-228,141,141,-228,180,157,0,-39,-16,RUNNING
54885,15,0.00,20.00,0.00,-228,141,141,-227,191,166,-1,-50,-25,RUNNING
54907,15,0.00,20.00,0.00,-228,141,141,-229,199,173,1,-58,-32,RUNNING
54929,15,0.00,20.00,0.00,-228,141,141,-227,207,179,-1,-66,-38,RUNNING
54951,15,0.00,20.00,0.00,-228,141,141,-230,214,184,2,-73,-43,RUNNING
54973,15,0.00,20.00,0.00,-228,141,141,-227,219,190,-1,-78,-49,RUNNING
54995,15,0.00,20.00,0.00,-228,141,141,-229,223,195,1,-82,-54,RUNNING
55017,15,0.00,20.00,0.00,-228,141,141,-228,225,198,0,-84,-57,RUNNING
55041,15,0.00,20.00,0.00,-228,141,141,-227,226,202,-1,-85,-61,RUNNING
55063,15,0.00,20.00,0.00,-228,141,141,-229,226,204,1,-85,-63,RUNNING
55085,15,0.00,20.00,0.00,-228,141,141,-227,226,206,-1,-85,-65,RUNNING
55107,15,0.00,20.00,0.00,-228,141,141,-229,226,206,1,-85,-65,RUNNING
55129,15,0.00,20.00,0.00,-228,141,141,-227,226,206,-1,-85,-65,RUNNING
55151,15,0.00,20.00,0.00,-228,141,141,-228,226,206,0,-85,-65,RUNNING
55173,15,0.00,20.00,0.00,-228,141,141,-228,226,206,0,-85,-65,RUNNING
55197,15,0.00,20.00,0.00,-228,141,141,-227,226,206,-1,-85,-65,RUNNING
55219,15,0.00,20.00,0.00,-228,141,141,-229,226,206,1,-85,-65,RUNNING
55241,15,0.00,20.00,0.00,-228,141,141,-227,226,206,-1,-85,-65,RUNNING
55263,15,0.00,20.00,0.00,-228,141,141,-229,226,206,1,-85,-65,RUNNING
55285,15,0.00,20.00,0.00,-228,141,141,-227,226,206,-1,-85,-65,RUNNING
55307,15,0.00,20.00,0.00,-228,141,141,-228,226,206,0,-85,-65,RUNNING
55329,15,0.00,20.00,0.00,-228,141,141,-228,226,206,0,-85,-65,RUNNING
55351,15,0.00,20.00,0.00,-228,141,141,-228,226,206,0,-85,-65,RUNNING
55375,15,0.00,20.00,0.00,-228,141,141,-229,226,206,1,-85,-65,RUNNING
55397,15,0.00,20.00,0.00,-228,141,141,-227,226,206,-1,-85,-65,RUNNING
55419,15,0.00,20.00,0.00,-228,141,141,-229,226,206,1,-85,-65,RUNNING
55441,15,0.00,20.00,0.00,-228,141,141,-228,226,206,0,-85,-65,RUNNING
55463,15,0.00,20.00,0.00,-228,141,141,-228,226,206,0,-85,-65,RUNNING
55485,15,0.00,20.00,0.00,-228,141,141,-228,226,206,0,-85,-65,RUNNING
55507,15,0.00,20.00,0.00,-228,141,141,-228,226,206,0,-85,-65,RUNNING
55531,15,0.00,20.00,0.00,-228,141,141,-228,226,206,0,-85,-65,RUNNING
55553,15,0.00,20.00,0.00,-228,141,141,-228,226,206,0,-85,-65,RUNNING
55575,15,0.00,20.00,0.00,-228,141,141,-228,226,206,0,-85,-65,RUNNING
55597,15,0.00,20.00,0.00,-228,141,141,-228,226,206,0,-85,-65,RUNNING
55619,15,0.00,20.00,0.00,-228,141,141,-228,226,206,0,-85,-65,RUNNING
55641,15,0.00,20.00,0.00,-228,141,141,-228,226,206,0,-85,-65,RUNNING
55663,15,0.00,20.00,0.00,-228,141,141,-228,226,206,0,-85,-65,RUNNING
55685,15,0.00,20.00,0.00,-228,141,141,-228,226,206,0,-85,-65,RUNNING
55709,15,0.00,20.00,0.00,-228,141,141,-228,226,206,0,-85,-65,RUNNING
55731,15,0.00,20.00,0.00,-228,141,141,-228,226,206,0,-85,-65,RUNNING
55753,15,0.00,20.00,0.00,-228,141,141,-228,226,206,0,-85,-65,RUNNING
55775,15,0.00,20.00,0.00,-228,141,141,-228,226,206,0,-85,-65,RUNNING
55797,15,0.00,20.00,0.00,-228,141,141,-228,226,206,0,-85,-65,RUNNING
55938,15,0.00,20.00,0.00,-228,141,141,-228,226,206,0,-85,-65,RUNNING
55960,15,0.00,20.00,0.00,-228,141,141,-228,226,206,0,-85,-65,RUNNING
55984,15,0.00,20.00,0.00,-228,141,141,-228,226,206,0,-85,-65,RUNNING
56006,15,0.00,20.00,0.00,-228,141,141,-228,226,206,0,-85,-65,RUNNING
56028,15,0.00,20.00,0.00,-228,141,141,-228,226,206,0,-85,-65,RUNNING
56050,15,0.00,20.00,0.00,-228,141,141,-228,226,206,0,-85,-65,RUNNING
56072,15,0.00,20.00,0.00,-228,141,141,-228,226,206,0,-85,-65,RUNNING
56094,15,0.00,20.00,0.00,-228,141,141,-228,226,206,0,-85,-65,RUNNING
56225,15,0.00,20.00,0.00,-228,141,141,-228,226,206,0,-85,-65,RUNNING
56250,15,0.00,20.00,0.00,-228,141,141,-228,226,206,0,-85,-65,RUNNING
56273,15,0.00,20.00,0.00,-228,141,141,-228,226,206,0,-85,-65,RUNNING
56296,15,0.00,20.00,0.00,-228,141,141,-228,226,205,0,-85,-64,RUNNING
56314,4,0.00,0.00,0.00,0,0,0,-228,226,205,228,-226,-205,START_STEP
56336,4,0.00,0.00,0.00,0,0,0,-228,226,205,228,-226,-205,RUNNING
56358,4,0.00,0.00,0.00,0,0,0,-228,226,206,228,-226,-206,RUNNING
56380,4,0.00,0.00,0.00,0,0,0,-218,226,206,218,-226,-206,RUNNING
56510,4,0.00,0.00,0.00,0,0,0,-10,56,31,10,-56,-31,RUNNING
56534,4,0.00,0.00,0.00,0,0,0,46,-4,-18,-46,4,18,RUNNING
56556,4,0.00,0.00,0.00,0,0,0,80,-40,-45,-80,40,45,RUNNING
56578,4,0.00,0.00,0.00,0,0,0,81,-46,-46,-81,46,46,RUNNING
56600,4,0.00,0.00,0.00,0,0,0,80,-45,-46,-80,45,46,RUNNING
56622,4,0.00,0.00,0.00,0,0,0,78,-45,-46,-78,45,46,RUNNING
56644,4,0.00,0.00,0.00,0,0,0,79,-48,-46,-79,48,46,RUNNING
56666,4,0.00,0.00,0.00,0,0,0,79,-56,-50,-79,56,50,RUNNING
56798,4,0.00,0.00,0.00,0,0,0,91,-122,-114,-91,122,114,RUNNING
56820,4,0.00,0.00,0.00,0,0,0,91,-138,-127,-91,138,127,RUNNING
56844,4,0.00,0.00,0.00,0,0,0,91,-140,-129,-91,140,129,RUNNING
56866,4,0.00,0.00,0.00,0,0,0,90,-141,-129,-90,141,129,RUNNING
56888,4,0.00,0.00,0.00,0,0,0,86,-139,-128,-86,139,128,RUNNING
56910,4,0.00,0.00,0.00,0,0,0,82,-137,-126,-82,137,126,RUNNING
56932,4,0.00,0.00,0.00,0,0,0,71,-138,-111,-71,138,111,RUNNING
56954,4,0.00,0.00,0.00,0,0,0,60,-127,-98,-60,127,98,RUNNING
56976,4,0.00,0.00,0.00,0,0,0,50,-114,-85,-50,114,85,RUNNING
56998,4,0.00,0.00,0.00,0,0,0,38,-98,-70,-38,98,70,RUNNING
57022,4,0.00,0.00,0.00,0,0,0,32,-81,-53,-32,81,53,RUNNING
57044,4,0.00,0.00,0.00,0,0,0,32,-65,-36,-32,65,36,RUNNING
57066,4,0.00,0.00,0.00,0,0,0,33,-47,-25,-33,47,25,RUNNING
57088,4,0.00,0.00,0.00,0,0,0,33,-31,-23,-33,31,23,RUNNING
57110,4,0.00,0.00,0.00,0,0,0,33,-19,-24,-33,19,24,RUNNING
57132,4,0.00,0.00,0.00,0,0,0,30,-18,-24,-30,18,24,RUNNING
57154,4,0.00,0.00,0.00,0,0,0,24,-18,-22,-24,18,22,RUNNING
57176,4,0.00,0.00,0.00,0,0,0,16,-19,-17,-16,19,17,RUNNING
57198,4,0.00,0.00,0.00,0,0,0,8,-16,-9,-8,16,9,RUNNING
57222,4,0.00,0.00,0.00,0,0,0,4,-9,1,-4,9,-1,RUNNING
57244,4,0.00,0.00,0.00,0,0,0,4,-2,5,-4,2,-5,RUNNING
57261,4,0.00,0.00,0.00,0,0,0,4,-2,5,-4,2,-5,TEST_COMPLETE_RETURNED_HOME
65950,5,0.00,0.00,20.00,-1339,-1339,-1339,8,5,4,-1347,-1344,-1343,START_STEP
65971,5,0.00,0.00,20.00,-1339,-1339,-1339,8,4,4,-1347,-1343,-1343,RUNNING
65992,5,0.00,0.00,20.00,-1339,-1339,-1339,8,5,4,-1347,-1344,-1343,RUNNING
66014,5,0.00,0.00,20.00,-1339,-1339,-1339,8,4,4,-1347,-1343,-1343,RUNNING
66036,5,0.00,0.00,20.00,-1339,-1339,-1339,-16,3,1,-1323,-1342,-1340,RUNNING
66060,5,0.00,0.00,20.00,-1339,-1339,-1339,-62,-16,-48,-1277,-1323,-1291,RUNNING
66082,5,0.00,0.00,20.00,-1339,-1339,-1339,-110,-77,-107,-1229,-1262,-1232,RUNNING
66104,5,0.00,0.00,20.00,-1339,-1339,-1339,-169,-147,-168,-1170,-1192,-1171,RUNNING
66126,5,0.00,0.00,20.00,-1339,-1339,-1339,-239,-209,-233,-1100,-1130,-1106,RUNNING
66148,5,0.00,0.00,20.00,-1339,-1339,-1339,-302,-280,-300,-1037,-1059,-1039,RUNNING
66170,5,0.00,0.00,20.00,-1339,-1339,-1339,-368,-355,-368,-971,-984,-971,RUNNING
66194,5,0.00,0.00,20.00,-1339,-1339,-1339,-460,-438,-449,-879,-901,-890,RUNNING
66216,5,0.00,0.00,20.00,-1339,-1339,-1339,-534,-512,-526,-805,-827,-813,RUNNING
66238,5,0.00,0.00,20.00,-1339,-1339,-1339,-610,-590,-601,-729,-749,-738,RUNNING
66260,5,0.00,0.00,20.00,-1339,-1339,-1339,-696,-672,-681,-643,-667,-658,RUNNING
66282,5,0.00,0.00,20.00,-1339,-1339,-1339,-768,-755,-762,-571,-584,-577,RUNNING
66304,5,0.00,0.00,20.00,-1339,-1339,-1339,-837,-833,-839,-502,-506,-500,RUNNING
66326,5,0.00,0.00,20.00,-1339,-1339,-1339,-910,-907,-918,-429,-432,-421,RUNNING
66347,5,0.00,0.00,20.00,-1339,-1339,-1339,-973,-985,-993,-366,-354,-346,RUNNING
66369,5,0.00,0.00,20.00,-1339,-1339,-1339,-1042,-1062,-1067,-297,-277,-272,RUNNING
66391,5,0.00,0.00,20.00,-1339,-1339,-1339,-1113,-1136,-1138,-226,-203,-201,RUNNING
66413,5,0.00,0.00,20.00,-1339,-1339,-1339,-1179,-1205,-1207,-160,-134,-132,RUNNING
66435,5,0.00,0.00,20.00,-1339,-1339,-1339,-1247,-1279,-1274,-92,-60,-65,RUNNING
66457,5,0.00,0.00,20.00,-1339,-1339,-1339,-1317,-1351,-1346,-22,12,7,RUNNING
66481,5,0.00,0.00,20.00,-1339,-1339,-1339,-1393,-1431,-1422,54,92,83,RUNNING
66503,5,0.00,0.00,20.00,-1339,-1339,-1339,-1466,-1503,-1495,127,164,156,RUNNING
66525,5,0.00,0.00,20.00,-1339,-1339,-1339,-1536,-1579,-1566,197,240,227,RUNNING
66547,5,0.00,0.00,20.00,-1339,-1339,-1339,-1609,-1661,-1645,270,322,306,RUNNING
66569,5,0.00,0.00,20.00,-1339,-1339,-1339,-1691,-1737,-1726,352,398,387,RUNNING
66591,5,0.00,0.00,20.00,-1339,-1339,-1339,-1767,-1810,-1805,428,471,466,RUNNING
66615,5,0.00,0.00,20.00,-1339,-1339,-1339,-1843,-1887,-1893,504,548,554,RUNNING
66637,5,0.00,0.00,20.00,-1339,-1339,-1339,-1916,-1959,-1969,577,620,630,RUNNING
66659,5,0.00,0.00,20.00,-1339,-1339,-1339,-1983,-2025,-2032,644,686,693,RUNNING
66681,5,0.00,0.00,20.00,-1339,-1339,-1339,-2034,-2078,-2077,695,739,738,RUNNING
66703,5,0.00,0.00,20.00,-1339,-1339,-1339,-2075,-2119,-2103,736,780,764,RUNNING
66725,5,0.00,0.00,20.00,-1339,-1339,-1339,-2096,-2135,-2115,757,796,776,RUNNING
66747,5,0.00,0.00,20.00,-1339,-1339,-1339,-2105,-2144,-2118,766,805,779,RUNNING
66771,5,0.00,0.00,20.00,-1339,-1339,-1339,-2108,-2143,-2116,769,804,777,RUNNING
66793,5,0.00,0.00,20.00,-1339,-1339,-1339,-2107,-2142,-2116,768,803,777,RUNNING
66815,5,0.00,0.00,20.00,-1339,-1339,-1339,-2108,-2143,-2115,769,804,776,RUNNING
66837,5,0.00,0.00,20.00,-1339,-1339,-1339,-2107,-2142,-2114,768,803,775,RUNNING
66859,5,0.00,0.00,20.00,-1339,-1339,-1339,-2107,-2142,-2114,768,803,775,RUNNING
66881,5,0.00,0.00,20.00,-1339,-1339,-1339,-2107,-2109,-2094,768,770,755,RUNNING
66905,5,0.00,0.00,20.00,-1339,-1339,-1339,-2089,-2063,-2050,750,724,711,RUNNING
66927,5,0.00,0.00,20.00,-1339,-1339,-1339,-2062,-2010,-2004,723,671,665,RUNNING
66949,5,0.00,0.00,20.00,-1339,-1339,-1339,-2020,-1959,-1963,681,620,624,RUNNING
66971,5,0.00,0.00,20.00,-1339,-1339,-1339,-1977,-1908,-1919,638,569,580,RUNNING
66993,5,0.00,0.00,20.00,-1339,-1339,-1339,-1932,-1865,-1871,593,526,532,RUNNING
67015,5,0.00,0.00,20.00,-1339,-1339,-1339,-1887,-1828,-1831,548,489,492,RUNNING
67039,5,0.00,0.00,20.00,-1339,-1339,-1339,-1840,-1786,-1789,501,447,450,RUNNING
67061,5,0.00,0.00,20.00,-1339,-1339,-1339,-1797,-1748,-1753,458,409,414,RUNNING
67083,5,0.00,0.00,20.00,-1339,-1339,-1339,-1754,-1712,-1719,415,373,380,RUNNING
67105,5,0.00,0.00,20.00,-1339,-1339,-1339,-1715,-1680,-1688,376,341,349,RUNNING
67127,5,0.00,0.00,20.00,-1339,-1339,-1339,-1675,-1648,-1651,336,309,312,RUNNING
67149,5,0.00,0.00,20.00,-1339,-1339,-1339,-1639,-1619,-1616,300,280,277,RUNNING
67171,5,0.00,0.00,20.00,-1339,-1339,-1339,-1609,-1595,-1587,270,256,248,RUNNING
67195,5,0.00,0.00,20.00,-1339,-1339,-1339,-1581,-1571,-1562,242,232,223,RUNNING
67217,5,0.00,0.00,20.00,-1339,-1339,-1339,-1557,-1551,-1538,218,212,199,RUNNING
67239,5,0.00,0.00,20.00,-1339,-1339,-1339,-1533,-1530,-1515,194,191,176,RUNNING
67261,5,0.00,0.00,20.00,-1339,-1339,-1339,-1511,-1508,-1493,172,169,154,RUNNING
67283,5,0.00,0.00,20.00,-1339,-1339,-1339,-1489,-1490,-1474,150,151,135,RUNNING
67305,5,0.00,0.00,20.00,-1339,-1339,-1339,-1465,-1474,-1452,126,135,113,RUNNING
67329,5,0.00,0.00,20.00,-1339,-1339,-1339,-1440,-1456,-1428,101,117,89,RUNNING
67351,5,0.00,0.00,20.00,-1339,-1339,-1339,-1417,-1437,-1406,78,98,67,RUNNING
67373,5,0.00,0.00,20.00,-1339,-1339,-1339,-1404,-1423,-1392,65,84,53,RUNNING
67395,5,0.00,0.00,20.00,-1339,-1339,-1339,-1398,-1404,-1388,59,65,49,RUNNING
67417,5,0.00,0.00,20.00,-1339,-1339,-1339,-1398,-1387,-1388,59,48,49,RUNNING
67439,5,0.00,0.00,20.00,-1339,-1339,-1339,-1392,-1377,-1388,53,38,49,RUNNING
67461,5,0.00,0.00,20.00,-1339,-1339,-1339,-1385,-1374,-1386,46,35,47,RUNNING
67485,5,0.00,0.00,20.00,-1339,-1339,-1339,-1377,-1372,-1380,38,33,41,RUNNING
67507,5,0.00,0.00,20.00,-1339,-1339,-1339,-1367,-1368,-1374,28,29,35,RUNNING
67529,5,0.00,0.00,20.00,-1339,-1339,-1339,-1358,-1363,-1366,19,24,27,RUNNING
67551,5,0.00,0.00,20.00,-1339,-1339,-1339,-1348,-1355,-1355,9,16,16,RUNNING
67573,5,0.00,0.00,20.00,-1339,-1339,-1339,-1344,-1346,-1346,5,7,7,RUNNING
67818,5,0.00,0.00,20.00,-1339,-1339,-1339,-1344,-1346,-1346,5,7,7,TARGET_REACHED_OUTBOUND
68132,15,0.00,0.00,20.00,-1339,-1339,-1339,-1481,-1307,-1475,142,-32,136,RUNNING
68232,15,0.00,0.00,20.00,-1339,-1339,-1339,-1480,-1307,-1476,141,-32,137,RUNNING
68301,15,0.00,0.00,20.00,-1339,-1339,-1339,-1480,-1307,-1476,141,-32,137,RUNNING
68415,15,0.00,0.00,20.00,-1339,-1339,-1339,-1480,-1307,-1476,141,-32,137,RUNNING
68437,15,0.00,0.00,20.00,-1339,-1339,-1339,-1480,-1307,-1476,141,-32,137,RUNNING
68459,15,0.00,0.00,20.00,-1339,-1339,-1339,-1480,-1307,-1476,141,-32,137,RUNNING
68481,15,0.00,0.00,20.00,-1339,-1339,-1339,-1480,-1307,-1476,141,-32,137,RUNNING
68505,15,0.00,0.00,20.00,-1339,-1339,-1339,-1480,-1307,-1476,141,-32,137,RUNNING
68527,15,0.00,0.00,20.00,-1339,-1339,-1339,-1480,-1307,-1476,141,-32,137,RUNNING
68549,15,0.00,0.00,20.00,-1339,-1339,-1339,-1480,-1307,-1476,141,-32,137,RUNNING
68571,15,0.00,0.00,20.00,-1339,-1339,-1339,-1480,-1307,-1476,141,-32,137,RUNNING
68593,15,0.00,0.00,20.00,-1339,-1339,-1339,-1480,-1307,-1476,141,-32,137,RUNNING
68615,15,0.00,0.00,20.00,-1339,-1339,-1339,-1480,-1307,-1476,141,-32,137,RUNNING
68639,15,0.00,0.00,20.00,-1339,-1339,-1339,-1480,-1307,-1476,141,-32,137,RUNNING
68661,15,0.00,0.00,20.00,-1339,-1339,-1339,-1480,-1307,-1476,141,-32,137,RUNNING
68683,15,0.00,0.00,20.00,-1339,-1339,-1339,-1480,-1307,-1476,141,-32,137,RUNNING
68705,15,0.00,0.00,20.00,-1339,-1339,-1339,-1480,-1307,-1476,141,-32,137,RUNNING
68727,15,0.00,0.00,20.00,-1339,-1339,-1339,-1480,-1307,-1476,141,-32,137,RUNNING
68749,15,0.00,0.00,20.00,-1339,-1339,-1339,-1480,-1307,-1476,141,-32,137,RUNNING
68773,15,0.00,0.00,20.00,-1339,-1339,-1339,-1480,-1307,-1476,141,-32,137,RUNNING
68795,15,0.00,0.00,20.00,-1339,-1339,-1339,-1480,-1307,-1476,141,-32,137,RUNNING
68817,15,0.00,0.00,20.00,-1339,-1339,-1339,-1480,-1307,-1476,141,-32,137,RUNNING
68839,15,0.00,0.00,20.00,-1339,-1339,-1339,-1480,-1307,-1476,141,-32,137,RUNNING
68861,15,0.00,0.00,20.00,-1339,-1339,-1339,-1480,-1307,-1476,141,-32,137,RUNNING
68883,15,0.00,0.00,20.00,-1339,-1339,-1339,-1480,-1307,-1476,141,-32,137,RUNNING
68905,15,0.00,0.00,20.00,-1339,-1339,-1339,-1480,-1307,-1476,141,-32,137,RUNNING
68929,15,0.00,0.00,20.00,-1339,-1339,-1339,-1480,-1307,-1476,141,-32,137,RUNNING
68951,15,0.00,0.00,20.00,-1339,-1339,-1339,-1480,-1307,-1476,141,-32,137,RUNNING
68973,15,0.00,0.00,20.00,-1339,-1339,-1339,-1480,-1307,-1476,141,-32,137,RUNNING
68995,15,0.00,0.00,20.00,-1339,-1339,-1339,-1480,-1307,-1476,141,-32,137,RUNNING
69017,15,0.00,0.00,20.00,-1339,-1339,-1339,-1480,-1307,-1476,141,-32,137,RUNNING
69039,15,0.00,0.00,20.00,-1339,-1339,-1339,-1480,-1307,-1476,141,-32,137,RUNNING
69063,15,0.00,0.00,20.00,-1339,-1339,-1339,-1480,-1307,-1476,141,-32,137,RUNNING
69085,15,0.00,0.00,20.00,-1339,-1339,-1339,-1480,-1307,-1476,141,-32,137,RUNNING
69107,15,0.00,0.00,20.00,-1339,-1339,-1339,-1480,-1307,-1476,141,-32,137,RUNNING
69129,15,0.00,0.00,20.00,-1339,-1339,-1339,-1480,-1307,-1476,141,-32,137,RUNNING
69151,15,0.00,0.00,20.00,-1339,-1339,-1339,-1480,-1307,-1476,141,-32,137,RUNNING
69173,15,0.00,0.00,20.00,-1339,-1339,-1339,-1480,-1307,-1476,141,-32,137,RUNNING
69197,15,0.00,0.00,20.00,-1339,-1339,-1339,-1480,-1307,-1476,141,-32,137,RUNNING
69219,15,0.00,0.00,20.00,-1339,-1339,-1339,-1480,-1307,-1476,141,-32,137,RUNNING
69241,15,0.00,0.00,20.00,-1339,-1339,-1339,-1480,-1307,-1476,141,-32,137,RUNNING
69263,15,0.00,0.00,20.00,-1339,-1339,-1339,-1480,-1307,-1476,141,-32,137,RUNNING
69285,15,0.00,0.00,20.00,-1339,-1339,-1339,-1480,-1307,-1476,141,-32,137,RUNNING
69307,15,0.00,0.00,20.00,-1339,-1339,-1339,-1480,-1307,-1476,141,-32,137,RUNNING
69329,15,0.00,0.00,20.00,-1339,-1339,-1339,-1480,-1307,-1476,141,-32,137,RUNNING
69353,15,0.00,0.00,20.00,-1339,-1339,-1339,-1480,-1307,-1476,141,-32,137,RUNNING
69375,15,0.00,0.00,20.00,-1339,-1339,-1339,-1480,-1307,-1476,141,-32,137,RUNNING
69397,15,0.00,0.00,20.00,-1339,-1339,-1339,-1480,-1307,-1476,141,-32,137,RUNNING
69419,15,0.00,0.00,20.00,-1339,-1339,-1339,-1480,-1307,-1476,141,-32,137,RUNNING
69441,15,0.00,0.00,20.00,-1339,-1339,-1339,-1480,-1307,-1476,141,-32,137,RUNNING
69463,15,0.00,0.00,20.00,-1339,-1339,-1339,-1480,-1307,-1476,141,-32,137,RUNNING
69487,15,0.00,0.00,20.00,-1339,-1339,-1339,-1480,-1307,-1476,141,-32,137,RUNNING
69509,15,0.00,0.00,20.00,-1339,-1339,-1339,-1480,-1307,-1476,141,-32,137,RUNNING
69531,15,0.00,0.00,20.00,-1339,-1339,-1339,-1480,-1307,-1476,141,-32,137,RUNNING
69553,15,0.00,0.00,20.00,-1339,-1339,-1339,-1480,-1307,-1476,141,-32,137,RUNNING
69575,15,0.00,0.00,20.00,-1339,-1339,-1339,-1480,-1307,-1476,141,-32,137,RUNNING
69597,15,0.00,0.00,20.00,-1339,-1339,-1339,-1480,-1307,-1476,141,-32,137,RUNNING
69621,15,0.00,0.00,20.00,-1339,-1339,-1339,-1480,-1307,-1476,141,-32,137,RUNNING
69639,6,0.00,0.00,0.00,0,0,0,-1480,-1307,-1476,1480,1307,1476,START_STEP
69660,6,0.00,0.00,0.00,0,0,0,-1480,-1307,-1476,1480,1307,1476,RUNNING
69682,6,0.00,0.00,0.00,0,0,0,-1480,-1307,-1476,1480,1307,1476,RUNNING
69704,6,0.00,0.00,0.00,0,0,0,-1480,-1294,-1474,1480,1294,1474,RUNNING
69726,6,0.00,0.00,0.00,0,0,0,-1471,-1267,-1473,1471,1267,1473,RUNNING
69748,6,0.00,0.00,0.00,0,0,0,-1422,-1228,-1432,1422,1228,1432,RUNNING
69772,6,0.00,0.00,0.00,0,0,0,-1364,-1174,-1368,1364,1174,1368,RUNNING
69794,6,0.00,0.00,0.00,0,0,0,-1312,-1113,-1312,1312,1113,1312,RUNNING
69816,6,0.00,0.00,0.00,0,0,0,-1251,-1045,-1249,1251,1045,1249,RUNNING
69838,6,0.00,0.00,0.00,0,0,0,-1193,-977,-1187,1193,977,1187,RUNNING
69860,6,0.00,0.00,0.00,0,0,0,-1130,-901,-1124,1130,901,1124,RUNNING
69882,6,0.00,0.00,0.00,0,0,0,-1067,-815,-1053,1067,815,1053,RUNNING
69904,6,0.00,0.00,0.00,0,0,0,-1000,-736,-981,1000,736,981,RUNNING
69926,6,0.00,0.00,0.00,0,0,0,-932,-652,-913,932,652,913,RUNNING
69950,6,0.00,0.00,0.00,0,0,0,-839,-571,-828,839,571,828,RUNNING
69972,6,0.00,0.00,0.00,0,0,0,-761,-503,-746,761,503,746,RUNNING
69994,6,0.00,0.00,0.00,0,0,0,-689,-423,-672,689,423,672,RUNNING
70016,6,0.00,0.00,0.00,0,0,0,-600,-356,-591,600,356,591,RUNNING
70038,6,0.00,0.00,0.00,0,0,0,-519,-296,-514,519,296,514,RUNNING
70060,6,0.00,0.00,0.00,0,0,0,-443,-227,-442,443,227,442,RUNNING
70082,6,0.00,0.00,0.00,0,0,0,-363,-155,-363,363,155,363,RUNNING
70104,6,0.00,0.00,0.00,0,0,0,-293,-87,-296,293,87,296,RUNNING
70128,6,0.00,0.00,0.00,0,0,0,-216,-6,-219,216,6,219,RUNNING
70150,6,0.00,0.00,0.00,0,0,0,-139,71,-142,139,-71,142,RUNNING
70172,6,0.00,0.00,0.00,0,0,0,-76,147,-76,76,-147,76,RUNNING
70194,6,0.00,0.00,0.00,0,0,0,-11,233,-3,11,-233,3,RUNNING
70216,6,0.00,0.00,0.00,0,0,0,70,308,75,-70,-308,-75,RUNNING
70238,6,0.00,0.00,0.00,0,0,0,146,379,151,-146,-379,-151,RUNNING
70260,6,0.00,0.00,0.00,0,0,0,215,456,230,-215,-456,-230,RUNNING
70282,6,0.00,0.00,0.00,0,0,0,297,523,307,-297,-523,-307,RUNNING
70306,6,0.00,0.00,0.00,0,0,0,380,581,393,-380,-581,-393,RUNNING
70328,6,0.00,0.00,0.00,0,0,0,461,628,474,-461,-628,-474,RUNNING
70350,6,0.00,0.00,0.00,0,0,0,535,670,550,-535,-670,-550,RUNNING
70372,6,0.00,0.00,0.00,0,0,0,597,698,619,-597,-698,-619,RUNNING
70394,6,0.00,0.00,0.00,0,0,0,666,716,702,-666,-716,-702,RUNNING
70416,6,0.00,0.00,0.00,0,0,0,733,721,763,-733,-721,-763,RUNNING
70438,6,0.00,0.00,0.00,0,0,0,787,722,813,-787,-722,-813,RUNNING
70460,6,0.00,0.00,0.00,0,0,0,831,722,859,-831,-722,-859,RUNNING
70484,6,0.00,0.00,0.00,0,0,0,878,720,896,-878,-720,-896,RUNNING
70506,6,0.00,0.00,0.00,0,0,0,912,722,912,-912,-722,-912,RUNNING
70528,6,0.00,0.00,0.00,0,0,0,927,720,916,-927,-720,-916,RUNNING
70550,6,0.00,0.00,0.00,0,0,0,927,716,917,-927,-716,-917,RUNNING
70572,6,0.00,0.00,0.00,0,0,0,927,696,917,-927,-696,-917,RUNNING
70594,6,0.00,0.00,0.00,0,0,0,927,662,917,-927,-662,-917,RUNNING
70616,6,0.00,0.00,0.00,0,0,0,906,625,914,-906,-625,-914,RUNNING
70865,6,0.00,0.00,0.00,0,0,0,398,131,362,-398,-131,-362,RUNNING
71177,6,0.00,0.00,0.00,0,0,0,-552,-906,-691,552,906,691,RUNNING
71350,6,0.00,0.00,0.00,0,0,0,-1164,-1345,-1284,1164,1345,1284,RUNNING
71372,6,0.00,0.00,0.00,0,0,0,-1211,-1368,-1331,1211,1368,1331,RUNNING
71394,6,0.00,0.00,0.00,0,0,0,-1225,-1365,-1344,1225,1365,1344,RUNNING
71416,6,0.00,0.00,0.00,0,0,0,-1223,-1367,-1339,1223,1367,1339,RUNNING
71438,6,0.00,0.00,0.00,0,0,0,-1214,-1328,-1329,1214,1328,1329,RUNNING
71460,6,0.00,0.00,0.00,0,0,0,-1172,-1284,-1287,1172,1284,1287,RUNNING
71482,6,0.00,0.00,0.00,0,0,0,-1121,-1233,-1234,1121,1233,1234,RUNNING
71516,6,0.00,0.00,0.00,0,0,0,-1034,-1142,-1144,1034,1142,1144,RUNNING
71540,6,0.00,0.00,0.00,0,0,0,-979,-1067,-1075,979,1067,1075,RUNNING
71564,6,0.00,0.00,0.00,0,0,0,-911,-990,-996,911,990,996,RUNNING
71588,6,0.00,0.00,0.00,0,0,0,-817,-903,-924,817,903,924,RUNNING
71612,6,0.00,0.00,0.00,0,0,0,-735,-812,-842,735,812,842,RUNNING
71636,6,0.00,0.00,0.00,0,0,0,-654,-728,-751,654,728,751,RUNNING
71660,6,0.00,0.00,0.00,0,0,0,-559,-638,-668,559,638,668,RUNNING
71686,6,0.00,0.00,0.00,0,0,0,-465,-552,-576,465,552,576,RUNNING
71709,6,0.00,0.00,0.00,0,0,0,-382,-474,-496,382,474,496,RUNNING
71732,6,0.00,0.00,0.00,0,0,0,-308,-395,-418,308,395,418,RUNNING
71755,6,0.00,0.00,0.00,0,0,0,-237,-330,-336,237,330,336,RUNNING
71778,6,0.00,0.00,0.00,0,0,0,-155,-264,-270,155,264,270,RUNNING
71801,6,0.00,0.00,0.00,0,0,0,-86,-190,-194,86,190,194,RUNNING
71824,6,0.00,0.00,0.00,0,0,0,-19,-117,-115,19,117,115,RUNNING
71847,6,0.00,0.00,0.00,0,0,0,62,-41,-47,-62,41,47,RUNNING
71870,6,0.00,0.00,0.00,0,0,0,141,36,35,-141,-36,-35,RUNNING
71895,6,0.00,0.00,0.00,0,0,0,224,125,121,-224,-125,-121,RUNNING
71918,6,0.00,0.00,0.00,0,0,0,307,208,200,-307,-208,-200,RUNNING
71941,6,0.00,0.00,0.00,0,0,0,387,287,286,-387,-287,-286,RUNNING
71964,6,0.00,0.00,0.00,0,0,0,471,362,367,-471,-362,-367,RUNNING
71987,6,0.00,0.00,0.00,0,0,0,541,444,448,-541,-444,-448,RUNNING
72010,6,0.00,0.00,0.00,0,0,0,596,518,530,-596,-518,-530,RUNNING
72033,6,0.00,0.00,0.00,0,0,0,646,582,600,-646,-582,-600,RUNNING
72056,6,0.00,0.00,0.00,0,0,0,680,648,679,-680,-648,-679,RUNNING
72081,6,0.00,0.00,0.00,0,0,0,700,718,746,-700,-718,-746,RUNNING
72104,6,0.00,0.00,0.00,0,0,0,705,777,794,-705,-777,-794,RUNNING
72127,6,0.00,0.00,0.00,0,0,0,705,831,827,-705,-831,-827,RUNNING
72150,6,0.00,0.00,0.00,0,0,0,706,877,842,-706,-877,-842,RUNNING
72173,6,0.00,0.00,0.00,0,0,0,704,910,845,-704,-910,-845,RUNNING
72196,6,0.00,0.00,0.00,0,0,0,703,926,845,-703,-926,-845,RUNNING
72219,6,0.00,0.00,0.00,0,0,0,692,930,845,-692,-930,-845,RUNNING
72242,6,0.00,0.00,0.00,0,0,0,666,929,845,-666,-929,-845,RUNNING
72267,6,0.00,0.00,0.00,0,0,0,632,928,842,-632,-928,-842,RUNNING
72290,6,0.00,0.00,0.00,0,0,0,597,929,825,-597,-929,-825,RUNNING
72313,6,0.00,0.00,0.00,0,0,0,567,929,790,-567,-929,-790,RUNNING
72336,6,0.00,0.00,0.00,0,0,0,530,894,744,-530,-894,-744,RUNNING
72359,6,0.00,0.00,0.00,0,0,0,490,844,688,-490,-844,-688,RUNNING
72382,6,0.00,0.00,0.00,0,0,0,450,792,640,-450,-792,-640,RUNNING
72405,6,0.00,0.00,0.00,0,0,0,406,740,595,-406,-740,-595,RUNNING
72428,6,0.00,0.00,0.00,0,0,0,369,695,548,-369,-695,-548,RUNNING
72453,6,0.00,0.00,0.00,0,0,0,336,644,500,-336,-644,-500,RUNNING
72476,6,0.00,0.00,0.00,0,0,0,304,590,455,-304,-590,-455,RUNNING
72499,6,0.00,0.00,0.00,0,0,0,274,545,410,-274,-545,-410,RUNNING
72522,6,0.00,0.00,0.00,0,0,0,242,488,369,-242,-488,-369,RUNNING
72545,6,0.00,0.00,0.00,0,0,0,213,449,332,-213,-449,-332,RUNNING
72568,6,0.00,0.00,0.00,0,0,0,186,406,296,-186,-406,-296,RUNNING
72591,6,0.00,0.00,0.00,0,0,0,161,368,262,-161,-368,-262,RUNNING
72614,6,0.00,0.00,0.00,0,0,0,136,326,226,-136,-326,-226,RUNNING
72640,6,0.00,0.00,0.00,0,0,0,114,278,190,-114,-278,-190,RUNNING
72663,6,0.00,0.00,0.00,0,0,0,97,242,161,-97,-242,-161,RUNNING
72686,6,0.00,0.00,0.00,0,0,0,76,207,136,-76,-207,-136,RUNNING
72709,6,0.00,0.00,0.00,0,0,0,55,178,109,-55,-178,-109,RUNNING
72732,6,0.00,0.00,0.00,0,0,0,39,149,85,-39,-149,-85,RUNNING
72755,6,0.00,0.00,0.00,0,0,0,36,122,70,-36,-122,-70,RUNNING
72778,6,0.00,0.00,0.00,0,0,0,36,97,65,-36,-97,-65,RUNNING
72801,6,0.00,0.00,0.00,0,0,0,37,74,66,-37,-74,-66,RUNNING
72826,6,0.00,0.00,0.00,0,0,0,32,54,65,-32,-54,-65,RUNNING
72849,6,0.00,0.00,0.00,0,0,0,26,31,61,-26,-31,-61,RUNNING
72872,6,0.00,0.00,0.00,0,0,0,18,11,53,-18,-11,-53,RUNNING
72895,6,0.00,0.00,0.00,0,0,0,9,6,42,-9,-6,-42,RUNNING
72918,6,0.00,0.00,0.00,0,0,0,3,7,32,-3,-7,-32,RUNNING
72941,6,0.00,0.00,0.00,0,0,0,3,6,21,-3,-6,-21,RUNNING
72964,6,0.00,0.00,0.00,0,0,0,4,7,8,-4,-7,-8,RUNNING
72983,6,0.00,0.00,0.00,0,0,0,4,7,8,-4,-7,-8,TEST_COMPLETE_RETURNED_HOME
86443,5,0.00,0.00,20.00,-1339,-1339,-1339,4,-11,2,-1343,-1328,-1341,START_STEP
86467,5,0.00,0.00,20.00,-1339,-1339,-1339,4,-11,2,-1343,-1328,-1341,RUNNING
86491,5,0.00,0.00,20.00,-1339,-1339,-1339,4,-11,2,-1343,-1328,-1341,RUNNING
86515,5,0.00,0.00,20.00,-1339,-1339,-1339,-3,-27,-12,-1336,-1312,-1327,RUNNING
86539,5,0.00,0.00,20.00,-1339,-1339,-1339,-40,-68,-58,-1299,-1271,-1281,RUNNING
86563,5,0.00,0.00,20.00,-1339,-1339,-1339,-86,-130,-117,-1253,-1209,-1222,RUNNING
86587,5,0.00,0.00,20.00,-1339,-1339,-1339,-134,-193,-182,-1205,-1146,-1157,RUNNING
86613,5,0.00,0.00,20.00,-1339,-1339,-1339,-200,-268,-255,-1139,-1071,-1084,RUNNING
86637,5,0.00,0.00,20.00,-1339,-1339,-1339,-260,-346,-327,-1079,-993,-1012,RUNNING
86661,5,0.00,0.00,20.00,-1339,-1339,-1339,-322,-425,-400,-1017,-914,-939,RUNNING
86685,5,0.00,0.00,20.00,-1339,-1339,-1339,-405,-506,-481,-934,-833,-858,RUNNING
86709,5,0.00,0.00,20.00,-1339,-1339,-1339,-484,-591,-560,-855,-748,-779,RUNNING
86733,5,0.00,0.00,20.00,-1339,-1339,-1339,-565,-675,-647,-774,-664,-692,RUNNING
86757,5,0.00,0.00,20.00,-1339,-1339,-1339,-659,-764,-736,-680,-575,-603,RUNNING
86783,5,0.00,0.00,20.00,-1339,-1339,-1339,-752,-863,-830,-587,-476,-509,RUNNING
86807,5,0.00,0.00,20.00,-1339,-1339,-1339,-842,-943,-916,-497,-396,-423,RUNNING
86831,5,0.00,0.00,20.00,-1339,-1339,-1339,-927,-1025,-1001,-412,-314,-338,RUNNING
86855,5,0.00,0.00,20.00,-1339,-1339,-1339,-1005,-1115,-1084,-334,-224,-255,RUNNING
86879,5,0.00,0.00,20.00,-1339,-1339,-1339,-1083,-1193,-1160,-256,-146,-179,RUNNING
86903,5,0.00,0.00,20.00,-1339,-1339,-1339,-1157,-1271,-1233,-182,-68,-106,RUNNING
86929,5,0.00,0.00,20.00,-1339,-1339,-1339,-1237,-1353,-1315,-102,14,-24,RUNNING
86953,5,0.00,0.00,20.00,-1339,-1339,-1339,-1316,-1433,-1392,-23,94,53,RUNNING
86977,5,0.00,0.00,20.00,-1339,-1339,-1339,-1391,-1511,-1471,52,172,132,RUNNING
87001,5,0.00,0.00,20.00,-1339,-1339,-1339,-1471,-1593,-1549,132,254,210,RUNNING
87025,5,0.00,0.00,20.00,-1339,-1339,-1339,-1546,-1680,-1634,207,341,295,RUNNING
87049,5,0.00,0.00,20.00,-1339,-1339,-1339,-1629,-1768,-1722,290,429,383,RUNNING
87075,5,0.00,0.00,20.00,-1339,-1339,-1339,-1723,-1849,-1817,384,510,478,RUNNING
87099,5,0.00,0.00,20.00,-1339,-1339,-1339,-1802,-1923,-1904,463,584,565,RUNNING
87123,5,0.00,0.00,20.00,-1339,-1339,-1339,-1883,-1996,-1980,544,657,641,RUNNING
87147,5,0.00,0.00,20.00,-1339,-1339,-1339,-1963,-2041,-2042,624,702,703,RUNNING
87171,5,0.00,0.00,20.00,-1339,-1339,-1339,-2023,-2061,-2082,684,722,743,RUNNING
87195,5,0.00,0.00,20.00,-1339,-1339,-1339,-2078,-2072,-2101,739,733,762,RUNNING
87219,5,0.00,0.00,20.00,-1339,-1339,-1339,-2116,-2071,-2106,777,732,767,RUNNING
87245,5,0.00,0.00,20.00,-1339,-1339,-1339,-2136,-2071,-2105,797,732,766,RUNNING
87269,5,0.00,0.00,20.00,-1339,-1339,-1339,-2141,-2070,-2103,802,731,764,RUNNING
87293,5,0.00,0.00,20.00,-1339,-1339,-1339,-2141,-2071,-2102,802,732,763,RUNNING
87317,5,0.00,0.00,20.00,-1339,-1339,-1339,-2141,-2070,-2102,802,731,763,RUNNING
87341,5,0.00,0.00,20.00,-1339,-1339,-1339,-2140,-2066,-2087,801,727,748,RUNNING
87365,5,0.00,0.00,20.00,-1339,-1339,-1339,-2141,-2024,-2047,802,685,708,RUNNING
87391,5,0.00,0.00,20.00,-1339,-1339,-1339,-2115,-1968,-1998,776,629,659,RUNNING
87415,5,0.00,0.00,20.00,-1339,-1339,-1339,-2082,-1913,-1952,743,574,613,RUNNING
87439,5,0.00,0.00,20.00,-1339,-1339,-1339,-2040,-1861,-1900,701,522,561,RUNNING
87463,5,0.00,0.00,20.00,-1339,-1339,-1339,-2000,-1818,-1851,661,479,512,RUNNING
87487,5,0.00,0.00,20.00,-1339,-1339,-1339,-1959,-1775,-1810,620,436,471,RUNNING
87511,5,0.00,0.00,20.00,-1339,-1339,-1339,-1911,-1732,-1770,572,393,431,RUNNING
87681,5,0.00,0.00,20.00,-1339,-1339,-1339,-1564,-1522,-1525,225,183,186,RUNNING
87746,5,0.00,0.00,20.00,-1339,-1339,-1339,-1402,-1415,-1385,63,76,46,RUNNING
87822,5,0.00,0.00,20.00,-1339,-1339,-1339,-1339,-1344,-1313,0,5,-26,RUNNING
87976,5,0.00,0.00,20.00,-1339,-1339,-1339,-1404,-1343,-1324,65,4,-15,RUNNING
88000,5,0.00,0.00,20.00,-1339,-1339,-1339,-1420,-1346,-1337,81,7,-2,RUNNING
88024,5,0.00,0.00,20.00,-1339,-1339,-1339,-1424,-1352,-1345,85,13,6,RUNNING
88048,5,0.00,0.00,20.00,-1339,-1339,-1339,-1416,-1352,-1346,77,13,7,RUNNING
88074,5,0.00,0.00,20.00,-1339,-1339,-1339,-1410,-1352,-1345,71,13,6,RUNNING
88098,5,0.00,0.00,20.00,-1339,-1339,-1339,-1387,-1352,-1345,48,13,6,RUNNING
88122,5,0.00,0.00,20.00,-1339,-1339,-1339,-1369,-1352,-1345,30,13,6,RUNNING
88146,5,0.00,0.00,20.00,-1339,-1339,-1339,-1349,-1352,-1344,10,13,5,RUNNING
88170,5,0.00,0.00,20.00,-1339,-1339,-1339,-1332,-1352,-1344,-7,13,5,RUNNING
88194,5,0.00,0.00,20.00,-1339,-1339,-1339,-1321,-1350,-1335,-18,11,-4,RUNNING
88218,5,0.00,0.00,20.00,-1339,-1339,-1339,-1317,-1339,-1323,-22,0,-16,RUNNING
88244,5,0.00,0.00,20.00,-1339,-1339,-1339,-1319,-1326,-1315,-20,-13,-24,RUNNING
88268,5,0.00,0.00,20.00,-1339,-1339,-1339,-1320,-1318,-1315,-19,-21,-24,RUNNING
88292,5,0.00,0.00,20.00,-1339,-1339,-1339,-1317,-1317,-1316,-22,-22,-23,RUNNING
88316,5,0.00,0.00,20.00,-1339,-1339,-1339,-1314,-1318,-1316,-25,-21,-23,RUNNING
88340,5,0.00,0.00,20.00,-1339,-1339,-1339,-1307,-1317,-1316,-32,-22,-23,RUNNING
88364,5,0.00,0.00,20.00,-1339,-1339,-1339,-1299,-1318,-1316,-40,-21,-23,RUNNING
88390,5,0.00,0.00,20.00,-1339,-1339,-1339,-1295,-1316,-1317,-44,-23,-22,RUNNING
88414,5,0.00,0.00,20.00,-1339,-1339,-1339,-1295,-1311,-1324,-44,-28,-15,RUNNING
88438,5,0.00,0.00,20.00,-1339,-1339,-1339,-1296,-1310,-1336,-43,-29,-3,RUNNING
88462,5,0.00,0.00,20.00,-1339,-1339,-1339,-1297,-1310,-1345,-42,-29,6,RUNNING
88486,5,0.00,0.00,20.00,-1339,-1339,-1339,-1300,-1310,-1345,-39,-29,6,RUNNING
88510,5,0.00,0.00,20.00,-1339,-1339,-1339,-1303,-1311,-1344,-36,-28,5,RUNNING
88534,5,0.00,0.00,20.00,-1339,-1339,-1339,-1307,-1311,-1344,-32,-28,5,RUNNING
88560,5,0.00,0.00,20.00,-1339,-1339,-1339,-1319,-1311,-1344,-20,-28,5,RUNNING
88584,5,0.00,0.00,20.00,-1339,-1339,-1339,-1330,-1312,-1344,-9,-27,5,RUNNING
88608,5,0.00,0.00,20.00,-1339,-1339,-1339,-1335,-1322,-1344,-4,-17,5,RUNNING
88632,5,0.00,0.00,20.00,-1339,-1339,-1339,-1336,-1334,-1344,-3,-5,5,RUNNING
88651,5,0.00,0.00,20.00,-1339,-1339,-1339,-1336,-1334,-1344,-3,-5,5,TARGET_REACHED_OUTBOUND
88674,15,0.00,0.00,20.00,-1339,-1339,-1339,-1335,-1342,-1344,-4,3,5,RUNNING
88700,15,0.00,0.00,20.00,-1339,-1339,-1339,-1334,-1344,-1344,-5,5,5,RUNNING
88724,15,0.00,0.00,20.00,-1339,-1339,-1339,-1333,-1345,-1344,-6,6,5,RUNNING
88748,15,0.00,0.00,20.00,-1339,-1339,-1339,-1334,-1345,-1344,-5,6,5,RUNNING
88772,15,0.00,0.00,20.00,-1339,-1339,-1339,-1333,-1345,-1344,-6,6,5,RUNNING
88796,15,0.00,0.00,20.00,-1339,-1339,-1339,-1333,-1345,-1344,-6,6,5,RUNNING
88820,15,0.00,0.00,20.00,-1339,-1339,-1339,-1334,-1345,-1344,-5,6,5,RUNNING
88844,15,0.00,0.00,20.00,-1339,-1339,-1339,-1333,-1345,-1344,-6,6,5,RUNNING
88870,15,0.00,0.00,20.00,-1339,-1339,-1339,-1333,-1345,-1344,-6,6,5,RUNNING
88894,15,0.00,0.00,20.00,-1339,-1339,-1339,-1334,-1345,-1344,-5,6,5,RUNNING
88918,15,0.00,0.00,20.00,-1339,-1339,-1339,-1333,-1345,-1344,-6,6,5,RUNNING
88942,15,0.00,0.00,20.00,-1339,-1339,-1339,-1334,-1345,-1344,-5,6,5,RUNNING
88966,15,0.00,0.00,20.00,-1339,-1339,-1339,-1333,-1345,-1344,-6,6,5,RUNNING
88990,15,0.00,0.00,20.00,-1339,-1339,-1339,-1333,-1346,-1344,-6,7,5,RUNNING
89014,15,0.00,0.00,20.00,-1339,-1339,-1339,-1334,-1345,-1344,-5,6,5,RUNNING
89040,15,0.00,0.00,20.00,-1339,-1339,-1339,-1333,-1345,-1344,-6,6,5,RUNNING
89064,15,0.00,0.00,20.00,-1339,-1339,-1339,-1333,-1346,-1344,-6,7,5,RUNNING
89088,15,0.00,0.00,20.00,-1339,-1339,-1339,-1334,-1345,-1344,-5,6,5,RUNNING
89112,15,0.00,0.00,20.00,-1339,-1339,-1339,-1333,-1345,-1344,-6,6,5,RUNNING
89136,15,0.00,0.00,20.00,-1339,-1339,-1339,-1333,-1345,-1344,-6,6,5,RUNNING
89160,15,0.00,0.00,20.00,-1339,-1339,-1339,-1333,-1345,-1344,-6,6,5,RUNNING
89186,15,0.00,0.00,20.00,-1339,-1339,-1339,-1333,-1345,-1344,-6,6,5,RUNNING
89210,15,0.00,0.00,20.00,-1339,-1339,-1339,-1333,-1345,-1344,-6,6,5,RUNNING
89234,15,0.00,0.00,20.00,-1339,-1339,-1339,-1333,-1345,-1344,-6,6,5,RUNNING
89258,15,0.00,0.00,20.00,-1339,-1339,-1339,-1333,-1345,-1344,-6,6,5,RUNNING
89282,15,0.00,0.00,20.00,-1339,-1339,-1339,-1333,-1345,-1344,-6,6,5,RUNNING
89306,15,0.00,0.00,20.00,-1339,-1339,-1339,-1333,-1345,-1344,-6,6,5,RUNNING
89330,15,0.00,0.00,20.00,-1339,-1339,-1339,-1334,-1346,-1344,-5,7,5,RUNNING
89356,15,0.00,0.00,20.00,-1339,-1339,-1339,-1333,-1345,-1344,-6,6,5,RUNNING
89380,15,0.00,0.00,20.00,-1339,-1339,-1339,-1333,-1345,-1344,-6,6,5,RUNNING
89404,15,0.00,0.00,20.00,-1339,-1339,-1339,-1333,-1345,-1344,-6,6,5,RUNNING
89428,15,0.00,0.00,20.00,-1339,-1339,-1339,-1333,-1345,-1344,-6,6,5,RUNNING
89452,15,0.00,0.00,20.00,-1339,-1339,-1339,-1333,-1345,-1344,-6,6,5,RUNNING
89476,15,0.00,0.00,20.00,-1339,-1339,-1339,-1333,-1345,-1344,-6,6,5,RUNNING
89500,15,0.00,0.00,20.00,-1339,-1339,-1339,-1333,-1345,-1344,-6,6,5,RUNNING
89526,15,0.00,0.00,20.00,-1339,-1339,-1339,-1333,-1345,-1344,-6,6,5,RUNNING
89550,15,0.00,0.00,20.00,-1339,-1339,-1339,-1333,-1345,-1344,-6,6,5,RUNNING
89574,15,0.00,0.00,20.00,-1339,-1339,-1339,-1333,-1345,-1344,-6,6,5,RUNNING
89598,15,0.00,0.00,20.00,-1339,-1339,-1339,-1333,-1345,-1344,-6,6,5,RUNNING
89622,15,0.00,0.00,20.00,-1339,-1339,-1339,-1333,-1345,-1344,-6,6,5,RUNNING
89646,15,0.00,0.00,20.00,-1339,-1339,-1339,-1333,-1345,-1344,-6,6,5,RUNNING
89670,15,0.00,0.00,20.00,-1339,-1339,-1339,-1333,-1345,-1344,-6,6,5,RUNNING
89696,15,0.00,0.00,20.00,-1339,-1339,-1339,-1333,-1345,-1344,-6,6,5,RUNNING
89720,15,0.00,0.00,20.00,-1339,-1339,-1339,-1333,-1345,-1344,-6,6,5,RUNNING
89744,15,0.00,0.00,20.00,-1339,-1339,-1339,-1333,-1345,-1344,-6,6,5,RUNNING
89768,15,0.00,0.00,20.00,-1339,-1339,-1339,-1333,-1345,-1344,-6,6,5,RUNNING
89792,15,0.00,0.00,20.00,-1339,-1339,-1339,-1333,-1345,-1344,-6,6,5,RUNNING
89816,15,0.00,0.00,20.00,-1339,-1339,-1339,-1333,-1345,-1344,-6,6,5,RUNNING
89842,15,0.00,0.00,20.00,-1339,-1339,-1339,-1333,-1345,-1344,-6,6,5,RUNNING
89985,15,0.00,0.00,20.00,-1339,-1339,-1339,-1333,-1345,-1344,-6,6,5,RUNNING
90009,15,0.00,0.00,20.00,-1339,-1339,-1339,-1333,-1345,-1344,-6,6,5,RUNNING
90033,15,0.00,0.00,20.00,-1339,-1339,-1339,-1333,-1345,-1344,-6,6,5,RUNNING
90057,15,0.00,0.00,20.00,-1339,-1339,-1339,-1333,-1345,-1344,-6,6,5,RUNNING
90081,15,0.00,0.00,20.00,-1339,-1339,-1339,-1333,-1345,-1344,-6,6,5,RUNNING
90105,15,0.00,0.00,20.00,-1339,-1339,-1339,-1333,-1345,-1344,-6,6,5,RUNNING
90131,15,0.00,0.00,20.00,-1339,-1339,-1339,-1333,-1345,-1344,-6,6,5,RUNNING
90155,15,0.00,0.00,20.00,-1339,-1339,-1339,-1333,-1345,-1344,-6,6,5,RUNNING
90283,6,0.00,0.00,0.00,0,0,0,-1333,-1345,-1344,1333,1345,1344,START_STEP
90306,6,0.00,0.00,0.00,0,0,0,-1333,-1346,-1344,1333,1346,1344,RUNNING
90329,6,0.00,0.00,0.00,0,0,0,-1333,-1345,-1344,1333,1345,1344,RUNNING
90352,6,0.00,0.00,0.00,0,0,0,-1329,-1345,-1343,1329,1345,1343,RUNNING
90375,6,0.00,0.00,0.00,0,0,0,-1301,-1343,-1326,1301,1343,1326,RUNNING
90401,6,0.00,0.00,0.00,0,0,0,-1246,-1295,-1273,1246,1295,1273,RUNNING
90424,6,0.00,0.00,0.00,0,0,0,-1193,-1244,-1213,1193,1244,1213,RUNNING
90447,6,0.00,0.00,0.00,0,0,0,-1137,-1192,-1154,1137,1192,1154,RUNNING
90578,6,0.00,0.00,0.00,0,0,0,-717,-748,-733,717,748,733,RUNNING
90601,6,0.00,0.00,0.00,0,0,0,-629,-658,-652,629,658,652,RUNNING
90624,6,0.00,0.00,0.00,0,0,0,-547,-583,-572,547,583,572,RUNNING
90647,6,0.00,0.00,0.00,0,0,0,-472,-519,-498,472,519,498,RUNNING
90670,6,0.00,0.00,0.00,0,0,0,-392,-441,-425,392,441,425,RUNNING
90696,6,0.00,0.00,0.00,0,0,0,-313,-363,-336,313,363,336,RUNNING
90719,6,0.00,0.00,0.00,0,0,0,-242,-303,-270,242,303,270,RUNNING
90742,6,0.00,0.00,0.00,0,0,0,-163,-234,-198,163,234,198,RUNNING
90876,6,0.00,0.00,0.00,0,0,0,276,217,256,-276,-217,-256,RUNNING
90899,6,0.00,0.00,0.00,0,0,0,355,295,336,-355,-295,-336,RUNNING
90922,6,0.00,0.00,0.00,0,0,0,413,350,388,-413,-350,-388,RUNNING
90945,6,0.00,0.00,0.00,0,0,0,452,387,431,-452,-387,-431,RUNNING
90968,6,0.00,0.00,0.00,0,0,0,505,442,489,-505,-442,-489,RUNNING
90993,6,0.00,0.00,0.00,0,0,0,567,504,557,-567,-504,-557,RUNNING
91016,6,0.00,0.00,0.00,0,0,0,622,567,618,-622,-567,-618,RUNNING
91039,6,0.00,0.00,0.00,0,0,0,683,619,694,-683,-619,-694,RUNNING
91062,6,0.00,0.00,0.00,0,0,0,740,681,748,-740,-681,-748,RUNNING
91085,6,0.00,0.00,0.00,0,0,0,779,734,788,-779,-734,-788,RUNNING
91108,6,0.00,0.00,0.00,0,0,0,807,779,808,-807,-779,-808,RUNNING
91131,6,0.00,0.00,0.00,0,0,0,825,827,818,-825,-827,-818,RUNNING
91154,6,0.00,0.00,0.00,0,0,0,826,850,820,-826,-850,-820,RUNNING
91180,6,0.00,0.00,0.00,0,0,0,829,869,820,-829,-869,-820,RUNNING
91204,6,0.00,0.00,0.00,0,0,0,827,869,820,-827,-869,-820,RUNNING
91228,6,0.00,0.00,0.00,0,0,0,822,864,820,-822,-864,-820,RUNNING
91252,6,0.00,0.00,0.00,0,0,0,806,867,820,-806,-867,-820,RUNNING
91276,6,0.00,0.00,0.00,0,0,0,776,867,816,-776,-867,-816,RUNNING
91300,6,0.00,0.00,0.00,0,0,0,746,864,791,-746,-864,-791,RUNNING
91324,6,0.00,0.00,0.00,0,0,0,705,826,748,-705,-826,-748,RUNNING
91348,6,0.00,0.00,0.00,0,0,0,657,776,693,-657,-776,-693,RUNNING
91374,6,0.00,0.00,0.00,0,0,0,611,721,639,-611,-721,-639,RUNNING
91397,6,0.00,0.00,0.00,0,0,0,572,678,593,-572,-678,-593,RUNNING
91420,6,0.00,0.00,0.00,0,0,0,530,626,546,-530,-626,-546,RUNNING
91443,6,0.00,0.00,0.00,0,0,0,487,579,502,-487,-579,-502,RUNNING
91466,6,0.00,0.00,0.00,0,0,0,439,527,458,-439,-527,-458,RUNNING
91489,6,0.00,0.00,0.00,0,0,0,392,479,414,-392,-479,-414,RUNNING
91513,6,0.00,0.00,0.00,0,0,0,352,436,371,-352,-436,-371,RUNNING
91536,6,0.00,0.00,0.00,0,0,0,318,395,334,-318,-395,-334,RUNNING
91561,6,0.00,0.00,0.00,0,0,0,281,353,294,-281,-353,-294,RUNNING
91584,6,0.00,0.00,0.00,0,0,0,247,309,260,-247,-309,-260,RUNNING
91607,6,0.00,0.00,0.00,0,0,0,215,271,225,-215,-271,-225,RUNNING
91630,6,0.00,0.00,0.00,0,0,0,185,236,193,-185,-236,-193,RUNNING
91653,6,0.00,0.00,0.00,0,0,0,158,204,162,-158,-204,-162,RUNNING
91676,6,0.00,0.00,0.00,0,0,0,132,177,136,-132,-177,-136,RUNNING
91699,6,0.00,0.00,0.00,0,0,0,113,150,110,-113,-150,-110,RUNNING
91722,6,0.00,0.00,0.00,0,0,0,95,124,85,-95,-124,-85,RUNNING
91747,6,0.00,0.00,0.00,0,0,0,72,97,69,-72,-97,-69,RUNNING
91770,6,0.00,0.00,0.00,0,0,0,52,74,66,-52,-74,-66,RUNNING
91793,6,0.00,0.00,0.00,0,0,0,38,57,66,-38,-57,-66,RUNNING
91816,6,0.00,0.00,0.00,0,0,0,36,46,66,-36,-46,-66,RUNNING
91839,6,0.00,0.00,0.00,0,0,0,35,39,63,-35,-39,-63,RUNNING
91862,6,0.00,0.00,0.00,0,0,0,36,30,56,-36,-30,-56,RUNNING
91885,6,0.00,0.00,0.00,0,0,0,35,16,45,-35,-16,-45,RUNNING
91908,6,0.00,0.00,0.00,0,0,0,30,2,34,-30,-2,-34,RUNNING
91931,6,0.00,0.00,0.00,0,0,0,24,-6,24,-24,6,-24,RUNNING
91956,6,0.00,0.00,0.00,0,0,0,15,-7,16,-15,7,-16,RUNNING
91979,6,0.00,0.00,0.00,0,0,0,6,-6,16,-6,6,-16,RUNNING
92002,6,0.00,0.00,0.00,0,0,0,0,-6,16,0,6,-16,RUNNING
92025,6,0.00,0.00,0.00,0,0,0,0,-6,17,0,6,-17,RUNNING
92048,6,0.00,0.00,0.00,0,0,0,1,-12,16,-1,12,-16,RUNNING
92071,6,0.00,0.00,0.00,0,0,0,1,-21,12,-1,21,-12,RUNNING
92094,6,0.00,0.00,0.00,0,0,0,1,-25,5,-1,25,-5,RUNNING
92117,6,0.00,0.00,0.00,0,0,0,0,-25,-5,0,25,5,RUNNING
92140,6,0.00,0.00,0.00,0,0,0,-6,-24,-9,6,24,9,RUNNING
92165,6,0.00,0.00,0.00,0,0,0,-13,-24,-9,13,24,9,RUNNING
92188,6,0.00,0.00,0.00,0,0,0,-18,-24,-8,18,24,8,RUNNING
92211,6,0.00,0.00,0.00,0,0,0,-18,-24,-8,18,24,8,RUNNING
92234,6,0.00,0.00,0.00,0,0,0,-18,-24,-8,18,24,8,RUNNING
92257,6,0.00,0.00,0.00,0,0,0,-18,-24,-7,18,24,7,RUNNING
92280,6,0.00,0.00,0.00,0,0,0,-17,-24,-6,17,24,6,RUNNING
92303,6,0.00,0.00,0.00,0,0,0,-17,-22,-6,17,22,6,RUNNING
92326,6,0.00,0.00,0.00,0,0,0,-9,-9,-4,9,9,4,RUNNING
92349,6,0.00,0.00,0.00,0,0,0,-1,5,-2,1,-5,2,RUNNING
92370,6,0.00,0.00,0.00,0,0,0,-1,5,-2,1,-5,2,TEST_COMPLETE_RETURNED_HOME
100405,5,0.00,0.00,20.00,-1339,-1339,-1339,5,19,-1,-1344,-1358,-1338,START_STEP
100427,5,0.00,0.00,20.00,-1339,-1339,-1339,5,19,-1,-1344,-1358,-1338,RUNNING
100451,5,0.00,0.00,20.00,-1339,-1339,-1339,5,19,-1,-1344,-1358,-1338,RUNNING
100475,5,0.00,0.00,20.00,-1339,-1339,-1339,6,20,-1,-1345,-1359,-1338,RUNNING
100499,5,0.00,0.00,20.00,-1339,-1339,-1339,-17,19,-9,-1322,-1358,-1330,RUNNING
100523,5,0.00,0.00,20.00,-1339,-1339,-1339,-58,-12,-69,-1281,-1327,-1270,RUNNING
100549,5,0.00,0.00,20.00,-1339,-1339,-1339,-111,-86,-140,-1228,-1253,-1199,RUNNING
100573,5,0.00,0.00,20.00,-1339,-1339,-1339,-180,-162,-209,-1159,-1177,-1130,RUNNING
100597,5,0.00,0.00,20.00,-1339,-1339,-1339,-246,-234,-282,-1093,-1105,-1057,RUNNING
100621,5,0.00,0.00,20.00,-1339,-1339,-1339,-311,-311,-355,-1028,-1028,-984,RUNNING
100645,5,0.00,0.00,20.00,-1339,-1339,-1339,-394,-395,-432,-945,-944,-907,RUNNING
100669,5,0.00,0.00,20.00,-1339,-1339,-1339,-475,-478,-515,-864,-861,-824,RUNNING
100695,5,0.00,0.00,20.00,-1339,-1339,-1339,-563,-565,-602,-776,-774,-737,RUNNING
100719,5,0.00,0.00,20.00,-1339,-1339,-1339,-656,-654,-691,-683,-685,-648,RUNNING
100743,5,0.00,0.00,20.00,-1339,-1339,-1339,-742,-750,-780,-597,-589,-559,RUNNING
100767,5,0.00,0.00,20.00,-1339,-1339,-1339,-832,-832,-867,-507,-507,-472,RUNNING
100791,5,0.00,0.00,20.00,-1339,-1339,-1339,-919,-911,-953,-420,-428,-386,RUNNING
100815,5,0.00,0.00,20.00,-1339,-1339,-1339,-996,-1000,-1036,-343,-339,-303,RUNNING
100839,5,0.00,0.00,20.00,-1339,-1339,-1339,-1076,-1092,-1117,-263,-247,-222,RUNNING
100865,5,0.00,0.00,20.00,-1339,-1339,-1339,-1157,-1167,-1198,-182,-172,-141,RUNNING
100889,5,0.00,0.00,20.00,-1339,-1339,-1339,-1231,-1251,-1270,-108,-88,-69,RUNNING
100913,5,0.00,0.00,20.00,-1339,-1339,-1339,-1309,-1334,-1350,-30,-5,11,RUNNING
100937,5,0.00,0.00,20.00,-1339,-1339,-1339,-1386,-1411,-1426,47,72,87,RUNNING
100961,5,0.00,0.00,20.00,-1339,-1339,-1339,-1465,-1479,-1505,126,140,166,RUNNING
100985,5,0.00,0.00,20.00,-1339,-1339,-1339,-1541,-1565,-1587,202,226,248,RUNNING
101011,5,0.00,0.00,20.00,-1339,-1339,-1339,-1628,-1664,-1680,289,325,341,RUNNING
101035,5,0.00,0.00,20.00,-1339,-1339,-1339,-1718,-1742,-1765,379,403,426,RUNNING
101059,5,0.00,0.00,20.00,-1339,-1339,-1339,-1796,-1826,-1859,457,487,520,RUNNING
101083,5,0.00,0.00,20.00,-1339,-1339,-1339,-1877,-1912,-1943,538,573,604,RUNNING
101107,5,0.00,0.00,20.00,-1339,-1339,-1339,-1958,-1993,-2014,619,654,675,RUNNING
101131,5,0.00,0.00,20.00,-1339,-1339,-1339,-2021,-2054,-2074,682,715,735,RUNNING
101274,5,0.00,0.00,20.00,-1339,-1339,-1339,-2267,-2140,-2140,928,801,801,RUNNING
101512,5,0.00,0.00,20.00,-1339,-1339,-1339,-2300,-2089,-1915,961,750,576,RUNNING
101701,5,0.00,0.00,20.00,-1339,-1339,-1339,-1858,-1556,-1356,519,217,17,RUNNING
101791,5,0.00,0.00,20.00,-1339,-1339,-1339,-1542,-1289,-1083,203,-50,-256,RUNNING
101985,5,0.00,0.00,20.00,-1339,-1339,-1339,-944,-1185,-1239,-395,-154,-100,RUNNING
102009,5,0.00,0.00,20.00,-1339,-1339,-1339,-854,-1186,-1294,-485,-153,-45,RUNNING
102035,5,0.00,0.00,20.00,-1339,-1339,-1339,-790,-1187,-1327,-549,-152,-12,RUNNING
102059,5,0.00,0.00,20.00,-1339,-1339,-1339,-779,-1184,-1329,-560,-155,-10,RUNNING
102083,5,0.00,0.00,20.00,-1339,-1339,-1339,-782,-1187,-1328,-557,-152,-11,RUNNING
102107,5,0.00,0.00,20.00,-1339,-1339,-1339,-808,-1186,-1327,-531,-153,-12,RUNNING
102131,5,0.00,0.00,20.00,-1339,-1339,-1339,-836,-1186,-1326,-503,-153,-13,RUNNING
102155,5,0.00,0.00,20.00,-1339,-1339,-1339,-872,-1187,-1326,-467,-152,-13,RUNNING
102179,5,0.00,0.00,20.00,-1339,-1339,-1339,-904,-1187,-1319,-435,-152,-20,RUNNING
102205,5,0.00,0.00,20.00,-1339,-1339,-1339,-933,-1191,-1306,-406,-148,-33,RUNNING
102229,5,0.00,0.00,20.00,-1339,-1339,-1339,-956,-1199,-1298,-383,-140,-41,RUNNING
102253,5,0.00,0.00,20.00,-1339,-1339,-1339,-975,-1208,-1298,-364,-131,-41,RUNNING
102277,5,0.00,0.00,20.00,-1339,-1339,-1339,-999,-1218,-1298,-340,-121,-41,RUNNING
102301,5,0.00,0.00,20.00,-1339,-1339,-1339,-1020,-1230,-1298,-319,-109,-41,RUNNING
102325,5,0.00,0.00,20.00,-1339,-1339,-1339,-1041,-1243,-1299,-298,-96,-40,RUNNING
102351,5,0.00,0.00,20.00,-1339,-1339,-1339,-1063,-1252,-1299,-276,-87,-40,RUNNING
102375,5,0.00,0.00,20.00,-1339,-1339,-1339,-1084,-1253,-1299,-255,-86,-40,RUNNING
102399,5,0.00,0.00,20.00,-1339,-1339,-1339,-1103,-1252,-1305,-236,-87,-34,RUNNING
102423,5,0.00,0.00,20.00,-1339,-1339,-1339,-1122,-1253,-1317,-217,-86,-22,RUNNING
102447,5,0.00,0.00,20.00,-1339,-1339,-1339,-1138,-1252,-1330,-201,-87,-9,RUNNING
102471,5,0.00,0.00,20.00,-1339,-1339,-1339,-1154,-1255,-1339,-185,-84,0,RUNNING
102497,5,0.00,0.00,20.00,-1339,-1339,-1339,-1170,-1263,-1340,-169,-76,1,RUNNING
102521,5,0.00,0.00,20.00,-1339,-1339,-1339,-1185,-1273,-1339,-154,-66,0,RUNNING
102545,5,0.00,0.00,20.00,-1339,-1339,-1339,-1203,-1283,-1339,-136,-56,0,RUNNING
102569,5,0.00,0.00,20.00,-1339,-1339,-1339,-1218,-1294,-1339,-121,-45,0,RUNNING
102593,5,0.00,0.00,20.00,-1339,-1339,-1339,-1234,-1302,-1339,-105,-37,0,RUNNING
102617,5,0.00,0.00,20.00,-1339,-1339,-1339,-1251,-1302,-1342,-88,-37,3,RUNNING
102641,5,0.00,0.00,20.00,-1339,-1339,-1339,-1268,-1302,-1351,-71,-37,12,RUNNING
102667,5,0.00,0.00,20.00,-1339,-1339,-1339,-1289,-1302,-1354,-50,-37,15,RUNNING
102691,5,0.00,0.00,20.00,-1339,-1339,-1339,-1307,-1302,-1354,-32,-37,15,RUNNING
102715,5,0.00,0.00,20.00,-1339,-1339,-1339,-1316,-1302,-1353,-23,-37,14,RUNNING
102739,5,0.00,0.00,20.00,-1339,-1339,-1339,-1319,-1310,-1353,-20,-29,14,RUNNING
102763,5,0.00,0.00,20.00,-1339,-1339,-1339,-1318,-1317,-1352,-21,-22,13,RUNNING
102787,5,0.00,0.00,20.00,-1339,-1339,-1339,-1318,-1322,-1352,-21,-17,13,RUNNING
102813,5,0.00,0.00,20.00,-1339,-1339,-1339,-1319,-1322,-1346,-20,-17,7,RUNNING
102837,5,0.00,0.00,20.00,-1339,-1339,-1339,-1323,-1322,-1335,-16,-17,-4,RUNNING
102861,5,0.00,0.00,20.00,-1339,-1339,-1339,-1331,-1323,-1329,-8,-16,-10,RUNNING
102885,5,0.00,0.00,20.00,-1339,-1339,-1339,-1340,-1322,-1328,1,-17,-11,RUNNING
102909,5,0.00,0.00,20.00,-1339,-1339,-1339,-1343,-1324,-1328,4,-15,-11,RUNNING
102933,5,0.00,0.00,20.00,-1339,-1339,-1339,-1344,-1332,-1329,5,-7,-10,RUNNING
102959,5,0.00,0.00,20.00,-1339,-1339,-1339,-1342,-1342,-1329,3,3,-10,RUNNING
102983,5,0.00,0.00,20.00,-1339,-1339,-1339,-1342,-1347,-1329,3,8,-10,RUNNING
103007,5,0.00,0.00,20.00,-1339,-1339,-1339,-1342,-1347,-1330,3,8,-9,RUNNING
103031,5,0.00,0.00,20.00,-1339,-1339,-1339,-1340,-1347,-1336,1,8,-3,RUNNING
103050,5,0.00,0.00,20.00,-1339,-1339,-1339,-1340,-1347,-1336,1,8,-3,TARGET_REACHED_OUTBOUND
103073,15,0.00,0.00,20.00,-1339,-1339,-1339,-1338,-1347,-1359,-1,8,20,RUNNING
103097,15,0.00,0.00,20.00,-1339,-1339,-1339,-1337,-1347,-1370,-2,8,31,RUNNING
103123,15,0.00,0.00,20.00,-1339,-1339,-1339,-1335,-1347,-1380,-4,8,41,RUNNING
103147,15,0.00,0.00,20.00,-1339,-1339,-1339,-1333,-1347,-1389,-6,8,50,RUNNING
103171,15,0.00,0.00,20.00,-1339,-1339,-1339,-1333,-1347,-1397,-6,8,58,RUNNING
103195,15,0.00,0.00,20.00,-1339,-1339,-1339,-1333,-1347,-1405,-6,8,66,RUNNING
103219,15,0.00,0.00,20.00,-1339,-1339,-1339,-1331,-1347,-1411,-8,8,72,RUNNING
103243,15,0.00,0.00,20.00,-1339,-1339,-1339,-1331,-1347,-1416,-8,8,77,RUNNING
103267,15,0.00,0.00,20.00,-1339,-1339,-1339,-1331,-1347,-1420,-8,8,81,RUNNING
103289,15,0.00,0.00,20.00,-1339,-1339,-1339,-1331,-1347,-1423,-8,8,84,RUNNING
103313,15,0.00,0.00,20.00,-1339,-1339,-1339,-1331,-1347,-1426,-8,8,87,RUNNING
103337,15,0.00,0.00,20.00,-1339,-1339,-1339,-1331,-1347,-1429,-8,8,90,RUNNING
103361,15,0.00,0.00,20.00,-1339,-1339,-1339,-1331,-1347,-1430,-8,8,91,RUNNING
103385,15,0.00,0.00,20.00,-1339,-1339,-1339,-1331,-1347,-1431,-8,8,92,RUNNING
103409,15,0.00,0.00,20.00,-1339,-1339,-1339,-1331,-1347,-1430,-8,8,91,RUNNING
103435,15,0.00,0.00,20.00,-1339,-1339,-1339,-1331,-1347,-1430,-8,8,91,RUNNING
103459,15,0.00,0.00,20.00,-1339,-1339,-1339,-1331,-1347,-1430,-8,8,91,RUNNING
103483,15,0.00,0.00,20.00,-1339,-1339,-1339,-1331,-1347,-1430,-8,8,91,RUNNING
103507,15,0.00,0.00,20.00,-1339,-1339,-1339,-1331,-1347,-1430,-8,8,91,RUNNING
103531,15,0.00,0.00,20.00,-1339,-1339,-1339,-1331,-1347,-1430,-8,8,91,RUNNING
103555,15,0.00,0.00,20.00,-1339,-1339,-1339,-1331,-1347,-1430,-8,8,91,RUNNING
103579,15,0.00,0.00,20.00,-1339,-1339,-1339,-1331,-1347,-1430,-8,8,91,RUNNING
103605,15,0.00,0.00,20.00,-1339,-1339,-1339,-1331,-1347,-1430,-8,8,91,RUNNING
103629,15,0.00,0.00,20.00,-1339,-1339,-1339,-1331,-1347,-1430,-8,8,91,RUNNING
103653,15,0.00,0.00,20.00,-1339,-1339,-1339,-1331,-1347,-1430,-8,8,91,RUNNING
103677,15,0.00,0.00,20.00,-1339,-1339,-1339,-1331,-1347,-1430,-8,8,91,RUNNING
103701,15,0.00,0.00,20.00,-1339,-1339,-1339,-1331,-1347,-1430,-8,8,91,RUNNING
103725,15,0.00,0.00,20.00,-1339,-1339,-1339,-1331,-1347,-1430,-8,8,91,RUNNING
103751,15,0.00,0.00,20.00,-1339,-1339,-1339,-1331,-1347,-1430,-8,8,91,RUNNING
103775,15,0.00,0.00,20.00,-1339,-1339,-1339,-1331,-1347,-1430,-8,8,91,RUNNING
103799,15,0.00,0.00,20.00,-1339,-1339,-1339,-1331,-1347,-1430,-8,8,91,RUNNING
103823,15,0.00,0.00,20.00,-1339,-1339,-1339,-1331,-1347,-1430,-8,8,91,RUNNING
103847,15,0.00,0.00,20.00,-1339,-1339,-1339,-1331,-1347,-1430,-8,8,91,RUNNING
103871,15,0.00,0.00,20.00,-1339,-1339,-1339,-1331,-1347,-1430,-8,8,91,RUNNING
103895,15,0.00,0.00,20.00,-1339,-1339,-1339,-1331,-1347,-1430,-8,8,91,RUNNING
103921,15,0.00,0.00,20.00,-1339,-1339,-1339,-1331,-1347,-1430,-8,8,91,RUNNING
103945,15,0.00,0.00,20.00,-1339,-1339,-1339,-1331,-1347,-1430,-8,8,91,RUNNING
103969,15,0.00,0.00,20.00,-1339,-1339,-1339,-1331,-1347,-1430,-8,8,91,RUNNING
103993,15,0.00,0.00,20.00,-1339,-1339,-1339,-1331,-1347,-1430,-8,8,91,RUNNING
104017,15,0.00,0.00,20.00,-1339,-1339,-1339,-1331,-1347,-1430,-8,8,91,RUNNING
104041,15,0.00,0.00,20.00,-1339,-1339,-1339,-1331,-1347,-1430,-8,8,91,RUNNING
104067,15,0.00,0.00,20.00,-1339,-1339,-1339,-1331,-1347,-1430,-8,8,91,RUNNING
104091,15,0.00,0.00,20.00,-1339,-1339,-1339,-1331,-1347,-1430,-8,8,91,RUNNING
104115,15,0.00,0.00,20.00,-1339,-1339,-1339,-1331,-1347,-1430,-8,8,91,RUNNING
104139,15,0.00,0.00,20.00,-1339,-1339,-1339,-1331,-1347,-1430,-8,8,91,RUNNING
104163,15,0.00,0.00,20.00,-1339,-1339,-1339,-1331,-1347,-1430,-8,8,91,RUNNING
104187,15,0.00,0.00,20.00,-1339,-1339,-1339,-1331,-1347,-1430,-8,8,91,RUNNING
104211,15,0.00,0.00,20.00,-1339,-1339,-1339,-1331,-1347,-1430,-8,8,91,RUNNING
104237,15,0.00,0.00,20.00,-1339,-1339,-1339,-1331,-1347,-1430,-8,8,91,RUNNING
104261,15,0.00,0.00,20.00,-1339,-1339,-1339,-1331,-1347,-1430,-8,8,91,RUNNING
104285,15,0.00,0.00,20.00,-1339,-1339,-1339,-1331,-1347,-1430,-8,8,91,RUNNING
104309,15,0.00,0.00,20.00,-1339,-1339,-1339,-1331,-1347,-1430,-8,8,91,RUNNING
104333,15,0.00,0.00,20.00,-1339,-1339,-1339,-1331,-1347,-1430,-8,8,91,RUNNING
104357,15,0.00,0.00,20.00,-1339,-1339,-1339,-1331,-1347,-1430,-8,8,91,RUNNING
104383,15,0.00,0.00,20.00,-1339,-1339,-1339,-1331,-1347,-1430,-8,8,91,RUNNING
104407,15,0.00,0.00,20.00,-1339,-1339,-1339,-1331,-1347,-1430,-8,8,91,RUNNING
104431,15,0.00,0.00,20.00,-1339,-1339,-1339,-1331,-1347,-1430,-8,8,91,RUNNING
104455,15,0.00,0.00,20.00,-1339,-1339,-1339,-1331,-1347,-1430,-8,8,91,RUNNING
104479,15,0.00,0.00,20.00,-1339,-1339,-1339,-1331,-1347,-1430,-8,8,91,RUNNING
104503,15,0.00,0.00,20.00,-1339,-1339,-1339,-1331,-1347,-1430,-8,8,91,RUNNING
104527,15,0.00,0.00,20.00,-1339,-1339,-1339,-1331,-1347,-1430,-8,8,91,RUNNING
104553,15,0.00,0.00,20.00,-1339,-1339,-1339,-1331,-1347,-1430,-8,8,91,RUNNING
104572,6,0.00,0.00,0.00,0,0,0,-1331,-1347,-1430,1331,1347,1430,START_STEP
104595,6,0.00,0.00,0.00,0,0,0,-1331,-1347,-1430,1331,1347,1430,RUNNING
104618,6,0.00,0.00,0.00,0,0,0,-1331,-1346,-1430,1331,1346,1430,RUNNING
104642,6,0.00,0.00,0.00,0,0,0,-1320,-1334,-1428,1320,1334,1428,RUNNING
104665,6,0.00,0.00,0.00,0,0,0,-1291,-1301,-1423,1291,1301,1423,RUNNING
104688,6,0.00,0.00,0.00,0,0,0,-1243,-1260,-1370,1243,1260,1370,RUNNING
104713,6,0.00,0.00,0.00,0,0,0,-1189,-1205,-1312,1189,1205,1312,RUNNING
104736,6,0.00,0.00,0.00,0,0,0,-1134,-1147,-1250,1134,1147,1250,RUNNING
104759,6,0.00,0.00,0.00,0,0,0,-1071,-1076,-1185,1071,1076,1185,RUNNING
104912,6,0.00,0.00,0.00,0,0,0,-545,-539,-686,545,539,686,RUNNING
105148,6,0.00,0.00,0.00,0,0,0,237,224,109,-237,-224,-109,RUNNING
105391,6,0.00,0.00,0.00,0,0,0,998,964,923,-998,-964,-923,RUNNING
105444,6,0.00,0.00,0.00,0,0,0,1166,1150,1099,-1166,-1150,-1099,RUNNING
105608,6,0.00,0.00,0.00,0,0,0,1025,1038,974,-1025,-1038,-974,RUNNING
105630,6,0.00,0.00,0.00,0,0,0,965,981,911,-965,-981,-911,RUNNING
105653,6,0.00,0.00,0.00,0,0,0,908,921,867,-908,-921,-867,RUNNING
105676,6,0.00,0.00,0.00,0,0,0,854,863,847,-854,-863,-847,RUNNING
105699,6,0.00,0.00,0.00,0,0,0,800,807,837,-800,-807,-837,RUNNING
105722,6,0.00,0.00,0.00,0,0,0,753,749,822,-753,-749,-822,RUNNING
105745,6,0.00,0.00,0.00,0,0,0,697,699,804,-697,-699,-804,RUNNING
105768,6,0.00,0.00,0.00,0,0,0,639,647,777,-639,-647,-777,RUNNING
105793,6,0.00,0.00,0.00,0,0,0,577,583,744,-577,-583,-744,RUNNING
105816,6,0.00,0.00,0.00,0,0,0,524,530,702,-524,-530,-702,RUNNING
105839,6,0.00,0.00,0.00,0,0,0,466,471,664,-466,-471,-664,RUNNING
105862,6,0.00,0.00,0.00,0,0,0,403,421,627,-403,-421,-627,RUNNING
105885,6,0.00,0.00,0.00,0,0,0,351,375,589,-351,-375,-589,RUNNING
105908,6,0.00,0.00,0.00,0,0,0,301,323,548,-301,-323,-548,RUNNING
105931,6,0.00,0.00,0.00,0,0,0,258,275,508,-258,-275,-508,RUNNING
105954,6,0.00,0.00,0.00,0,0,0,212,232,466,-212,-232,-466,RUNNING
105990,6,0.00,0.00,0.00,0,0,0,152,174,400,-152,-174,-400,RUNNING
106014,6,0.00,0.00,0.00,0,0,0,123,139,355,-123,-139,-355,RUNNING
106038,6,0.00,0.00,0.00,0,0,0,100,113,315,-100,-113,-315,RUNNING
106062,6,0.00,0.00,0.00,0,0,0,86,97,275,-86,-97,-275,RUNNING
106086,6,0.00,0.00,0.00,0,0,0,69,81,235,-69,-81,-235,RUNNING
106110,6,0.00,0.00,0.00,0,0,0,52,65,200,-52,-65,-200,RUNNING
106134,6,0.00,0.00,0.00,0,0,0,35,51,168,-35,-51,-168,RUNNING
106158,6,0.00,0.00,0.00,0,0,0,18,31,138,-18,-31,-138,RUNNING
106184,6,0.00,0.00,0.00,0,0,0,1,8,107,-1,-8,-107,RUNNING
106207,6,0.00,0.00,0.00,0,0,0,-13,-11,82,13,11,-82,RUNNING
106230,6,0.00,0.00,0.00,0,0,0,-24,-25,67,24,25,-67,RUNNING
106253,6,0.00,0.00,0.00,0,0,0,-25,-26,63,25,26,-63,RUNNING
106276,6,0.00,0.00,0.00,0,0,0,-25,-26,63,25,26,-63,RUNNING
106299,6,0.00,0.00,0.00,0,0,0,-25,-26,62,25,26,-62,RUNNING
106322,6,0.00,0.00,0.00,0,0,0,-27,-27,56,27,27,-56,RUNNING
106345,6,0.00,0.00,0.00,0,0,0,-32,-33,47,32,33,-47,RUNNING
106368,6,0.00,0.00,0.00,0,0,0,-38,-40,37,38,40,-37,RUNNING
106393,6,0.00,0.00,0.00,0,0,0,-43,-46,26,43,46,-26,RUNNING
106416,6,0.00,0.00,0.00,0,0,0,-42,-46,13,42,46,-13,RUNNING
106439,6,0.00,0.00,0.00,0,0,0,-42,-45,6,42,45,-6,RUNNING
106462,6,0.00,0.00,0.00,0,0,0,-42,-46,6,42,46,-6,RUNNING
106485,6,0.00,0.00,0.00,0,0,0,-42,-45,6,42,45,-6,RUNNING
106508,6,0.00,0.00,0.00,0,0,0,-39,-45,6,39,45,-6,RUNNING
106531,6,0.00,0.00,0.00,0,0,0,-33,-45,5,33,45,-5,RUNNING
106554,6,0.00,0.00,0.00,0,0,0,-24,-44,1,24,44,-1,RUNNING
106577,6,0.00,0.00,0.00,0,0,0,-18,-45,-6,18,45,6,RUNNING
106602,6,0.00,0.00,0.00,0,0,0,-17,-38,-9,17,38,9,RUNNING
106625,6,0.00,0.00,0.00,0,0,0,-18,-25,-9,18,25,9,RUNNING
106648,6,0.00,0.00,0.00,0,0,0,-18,-12,-9,18,12,9,RUNNING
106671,6,0.00,0.00,0.00,0,0,0,-18,-3,-9,18,3,9,RUNNING
106694,6,0.00,0.00,0.00,0,0,0,-18,-2,-8,18,2,8,RUNNING
106717,6,0.00,0.00,0.00,0,0,0,-18,-3,-6,18,3,6,RUNNING
106740,6,0.00,0.00,0.00,0,0,0,-15,-3,-6,15,3,6,RUNNING
106763,6,0.00,0.00,0.00,0,0,0,-7,-3,-5,7,3,5,RUNNING
106782,6,0.00,0.00,0.00,0,0,0,-7,-3,-5,7,3,5,TEST_COMPLETE_RETURNED_HOME
112454,5,0.00,0.00,20.00,-1339,-1339,-1339,-1,-3,78,-1338,-1336,-1417,START_STEP
112476,5,0.00,0.00,20.00,-1339,-1339,-1339,-1,-3,78,-1338,-1336,-1417,RUNNING
112500,5,0.00,0.00,20.00,-1339,-1339,-1339,-1,-3,78,-1338,-1336,-1417,RUNNING
112524,5,0.00,0.00,20.00,-1339,-1339,-1339,0,-2,78,-1339,-1337,-1417,RUNNING
112548,5,0.00,0.00,20.00,-1339,-1339,-1339,-24,-4,69,-1315,-1335,-1408,RUNNING
112572,5,0.00,0.00,20.00,-1339,-1339,-1339,-70,-47,15,-1269,-1292,-1354,RUNNING
112596,5,0.00,0.00,20.00,-1339,-1339,-1339,-121,-115,-52,-1218,-1224,-1287,RUNNING
112622,5,0.00,0.00,20.00,-1339,-1339,-1339,-198,-194,-131,-1141,-1145,-1208,RUNNING
112646,5,0.00,0.00,20.00,-1339,-1339,-1339,-263,-267,-205,-1076,-1072,-1134,RUNNING
112670,5,0.00,0.00,20.00,-1339,-1339,-1339,-329,-346,-279,-1010,-993,-1060,RUNNING
112694,5,0.00,0.00,20.00,-1339,-1339,-1339,-417,-430,-353,-922,-909,-986,RUNNING
112718,5,0.00,0.00,20.00,-1339,-1339,-1339,-494,-510,-432,-845,-829,-907,RUNNING
112742,5,0.00,0.00,20.00,-1339,-1339,-1339,-577,-593,-515,-762,-746,-824,RUNNING
112768,5,0.00,0.00,20.00,-1339,-1339,-1339,-682,-691,-606,-657,-648,-733,RUNNING
112792,5,0.00,0.00,20.00,-1339,-1339,-1339,-765,-783,-695,-574,-556,-644,RUNNING
112816,5,0.00,0.00,20.00,-1339,-1339,-1339,-858,-868,-785,-481,-471,-554,RUNNING
112840,5,0.00,0.00,20.00,-1339,-1339,-1339,-939,-945,-873,-400,-394,-466,RUNNING
112864,5,0.00,0.00,20.00,-1339,-1339,-1339,-1016,-1033,-958,-323,-306,-381,RUNNING
112888,5,0.00,0.00,20.00,-1339,-1339,-1339,-1097,-1124,-1040,-242,-215,-299,RUNNING
112914,5,0.00,0.00,20.00,-1339,-1339,-1339,-1174,-1202,-1128,-165,-137,-211,RUNNING
112938,5,0.00,0.00,20.00,-1339,-1339,-1339,-1250,-1280,-1203,-89,-59,-136,RUNNING
112962,5,0.00,0.00,20.00,-1339,-1339,-1339,-1327,-1362,-1276,-12,23,-63,RUNNING
112986,5,0.00,0.00,20.00,-1339,-1339,-1339,-1402,-1440,-1356,63,101,17,RUNNING
113010,5,0.00,0.00,20.00,-1339,-1339,-1339,-1483,-1516,-1432,144,177,93,RUNNING
113034,5,0.00,0.00,20.00,-1339,-1339,-1339,-1560,-1600,-1512,221,261,173,RUNNING
113060,5,0.00,0.00,20.00,-1339,-1339,-1339,-1649,-1697,-1600,310,358,261,RUNNING
113084,5,0.00,0.00,20.00,-1339,-1339,-1339,-1739,-1776,-1687,400,437,348,RUNNING
113108,5,0.00,0.00,20.00,-1339,-1339,-1339,-1817,-1856,-1771,478,517,432,RUNNING
113132,5,0.00,0.00,20.00,-1339,-1339,-1339,-1898,-1936,-1866,559,597,527,RUNNING
113156,5,0.00,0.00,20.00,-1339,-1339,-1339,-1974,-2012,-1954,635,673,615,RUNNING
113180,5,0.00,0.00,20.00,-1339,-1339,-1339,-2032,-2069,-2033,693,730,694,RUNNING
113204,5,0.00,0.00,20.00,-1339,-1339,-1339,-2081,-2113,-2102,742,774,763,RUNNING
113230,5,0.00,0.00,20.00,-1339,-1339,-1339,-2112,-2133,-2158,773,794,819,RUNNING
113254,5,0.00,0.00,20.00,-1339,-1339,-1339,-2123,-2139,-2189,784,800,850,RUNNING
113278,5,0.00,0.00,20.00,-1339,-1339,-1339,-2126,-2138,-2199,787,799,860,RUNNING
113302,5,0.00,0.00,20.00,-1339,-1339,-1339,-2125,-2139,-2197,786,800,858,RUNNING
113326,5,0.00,0.00,20.00,-1339,-1339,-1339,-2125,-2138,-2197,786,799,858,RUNNING
113350,5,0.00,0.00,20.00,-1339,-1339,-1339,-2125,-2138,-2196,786,799,857,RUNNING
113376,5,0.00,0.00,20.00,-1339,-1339,-1339,-2125,-2117,-2195,786,778,856,RUNNING
113400,5,0.00,0.00,20.00,-1339,-1339,-1339,-2101,-2077,-2182,762,738,843,RUNNING
113424,5,0.00,0.00,20.00,-1339,-1339,-1339,-2064,-2023,-2146,725,684,807,RUNNING
113448,5,0.00,0.00,20.00,-1339,-1339,-1339,-2026,-1966,-2094,687,627,755,RUNNING
113472,5,0.00,0.00,20.00,-1339,-1339,-1339,-1988,-1914,-2041,649,575,702,RUNNING
113496,5,0.00,0.00,20.00,-1339,-1339,-1339,-1943,-1864,-1989,604,525,650,RUNNING
113522,5,0.00,0.00,20.00,-1339,-1339,-1339,-1889,-1818,-1936,550,479,597,RUNNING
113546,5,0.00,0.00,20.00,-1339,-1339,-1339,-1840,-1777,-1883,501,438,544,RUNNING
113570,5,0.00,0.00,20.00,-1339,-1339,-1339,-1792,-1733,-1838,453,394,499,RUNNING
113594,5,0.00,0.00,20.00,-1339,-1339,-1339,-1745,-1695,-1794,406,356,455,RUNNING
113618,5,0.00,0.00,20.00,-1339,-1339,-1339,-1701,-1661,-1754,362,322,415,RUNNING
113642,5,0.00,0.00,20.00,-1339,-1339,-1339,-1657,-1628,-1715,318,289,376,RUNNING
113666,5,0.00,0.00,20.00,-1339,-1339,-1339,-1618,-1601,-1679,279,262,340,RUNNING
113692,5,0.00,0.00,20.00,-1339,-1339,-1339,-1587,-1572,-1634,248,233,295,RUNNING
113716,5,0.00,0.00,20.00,-1339,-1339,-1339,-1557,-1551,-1600,218,212,261,RUNNING
113790,5,0.00,0.00,20.00,-1339,-1339,-1339,-1476,-1483,-1517,137,144,178,RUNNING
113873,5,0.00,0.00,20.00,-1339,-1339,-1339,-1377,-1404,-1415,38,65,76,RUNNING
114011,5,0.00,0.00,20.00,-1339,-1339,-1339,-1249,-1281,-1270,-90,-58,-69,RUNNING
114201,5,0.00,0.00,20.00,-1339,-1339,-1339,-1242,-1144,-1113,-97,-195,-226,RUNNING
114227,5,0.00,0.00,20.00,-1339,-1339,-1339,-1256,-1130,-1105,-83,-209,-234,RUNNING
114251,5,0.00,0.00,20.00,-1339,-1339,-1339,-1274,-1132,-1105,-65,-207,-234,RUNNING
114275,5,0.00,0.00,20.00,-1339,-1339,-1339,-1291,-1131,-1121,-48,-208,-218,RUNNING
114299,5,0.00,0.00,20.00,-1339,-1339,-1339,-1311,-1146,-1160,-28,-193,-179,RUNNING
114323,5,0.00,0.00,20.00,-1339,-1339,-1339,-1327,-1182,-1203,-12,-157,-136,RUNNING
114347,5,0.00,0.00,20.00,-1339,-1339,-1339,-1346,-1226,-1245,7,-113,-94,RUNNING
114373,5,0.00,0.00,20.00,-1339,-1339,-1339,-1364,-1271,-1287,25,-68,-52,RUNNING
114397,5,0.00,0.00,20.00,-1339,-1339,-1339,-1376,-1307,-1323,37,-32,-16,RUNNING
114421,5,0.00,0.00,20.00,-1339,-1339,-1339,-1378,-1340,-1357,39,1,18,RUNNING
114445,5,0.00,0.00,20.00,-1339,-1339,-1339,-1376,-1366,-1386,37,27,47,RUNNING
114469,5,0.00,0.00,20.00,-1339,-1339,-1339,-1376,-1384,-1407,37,45,68,RUNNING
114493,5,0.00,0.00,20.00,-1339,-1339,-1339,-1377,-1387,-1415,38,48,76,RUNNING
114517,5,0.00,0.00,20.00,-1339,-1339,-1339,-1376,-1387,-1415,37,48,76,RUNNING
114543,5,0.00,0.00,20.00,-1339,-1339,-1339,-1376,-1387,-1415,37,48,76,RUNNING
114567,5,0.00,0.00,20.00,-1339,-1339,-1339,-1376,-1389,-1415,37,50,76,RUNNING
114591,5,0.00,0.00,20.00,-1339,-1339,-1339,-1376,-1395,-1415,37,56,76,RUNNING
114615,5,0.00,0.00,20.00,-1339,-1339,-1339,-1374,-1403,-1419,35,64,80,RUNNING
114639,5,0.00,0.00,20.00,-1339,-1339,-1339,-1373,-1406,-1426,34,67,87,RUNNING
114663,5,0.00,0.00,20.00,-1339,-1339,-1339,-1369,-1407,-1430,30,68,91,RUNNING
114689,5,0.00,0.00,20.00,-1339,-1339,-1339,-1359,-1407,-1430,20,68,91,RUNNING
114713,5,0.00,0.00,20.00,-1339,-1339,-1339,-1353,-1407,-1430,14,68,91,RUNNING
114737,5,0.00,0.00,20.00,-1339,-1339,-1339,-1353,-1406,-1429,14,67,90,RUNNING
114761,5,0.00,0.00,20.00,-1339,-1339,-1339,-1353,-1406,-1429,14,67,90,RUNNING
114785,5,0.00,0.00,20.00,-1339,-1339,-1339,-1353,-1406,-1429,14,67,90,RUNNING
114809,5,0.00,0.00,20.00,-1339,-1339,-1339,-1356,-1398,-1428,17,59,89,RUNNING
114833,5,0.00,0.00,20.00,-1339,-1339,-1339,-1358,-1385,-1420,19,46,81,RUNNING
114859,5,0.00,0.00,20.00,-1339,-1339,-1339,-1362,-1374,-1404,23,35,65,RUNNING
114883,5,0.00,0.00,20.00,-1339,-1339,-1339,-1362,-1369,-1388,23,30,49,RUNNING
114907,5,0.00,0.00,20.00,-1339,-1339,-1339,-1362,-1369,-1379,23,30,40,RUNNING
114931,5,0.00,0.00,20.00,-1339,-1339,-1339,-1361,-1369,-1378,22,30,39,RUNNING
114955,5,0.00,0.00,20.00,-1339,-1339,-1339,-1359,-1369,-1379,20,30,40,RUNNING
114979,5,0.00,0.00,20.00,-1339,-1339,-1339,-1358,-1370,-1379,19,31,40,RUNNING
115005,5,0.00,0.00,20.00,-1339,-1339,-1339,-1348,-1365,-1378,9,26,39,RUNNING
115029,5,0.00,0.00,20.00,-1339,-1339,-1339,-1340,-1358,-1372,1,19,33,RUNNING
115053,5,0.00,0.00,20.00,-1339,-1339,-1339,-1334,-1355,-1364,-5,16,25,RUNNING
115077,5,0.00,0.00,20.00,-1339,-1339,-1339,-1334,-1355,-1353,-5,16,14,RUNNING
115101,5,0.00,0.00,20.00,-1339,-1339,-1339,-1335,-1355,-1348,-4,16,9,RUNNING
115125,5,0.00,0.00,20.00,-1339,-1339,-1339,-1335,-1355,-1348,-4,16,9,RUNNING
115149,5,0.00,0.00,20.00,-1339,-1339,-1339,-1335,-1355,-1349,-4,16,10,RUNNING
115175,5,0.00,0.00,20.00,-1339,-1339,-1339,-1338,-1354,-1349,-1,15,10,RUNNING
115199,5,0.00,0.00,20.00,-1339,-1339,-1339,-1340,-1347,-1349,1,8,10,RUNNING
115223,5,0.00,0.00,20.00,-1339,-1339,-1339,-1349,-1339,-1344,10,0,5,RUNNING
115247,5,0.00,0.00,20.00,-1339,-1339,-1339,-1357,-1333,-1337,18,-6,-2,RUNNING
115271,5,0.00,0.00,20.00,-1339,-1339,-1339,-1361,-1333,-1333,22,-6,-6,RUNNING
115295,5,0.00,0.00,20.00,-1339,-1339,-1339,-1360,-1334,-1333,21,-5,-6,RUNNING
115319,5,0.00,0.00,20.00,-1339,-1339,-1339,-1360,-1334,-1334,21,-5,-5,RUNNING
115345,5,0.00,0.00,20.00,-1339,-1339,-1339,-1360,-1334,-1335,21,-5,-4,RUNNING
115369,5,0.00,0.00,20.00,-1339,-1339,-1339,-1358,-1334,-1336,19,-5,-3,RUNNING
115393,5,0.00,0.00,20.00,-1339,-1339,-1339,-1356,-1337,-1336,17,-2,-3,RUNNING
115417,5,0.00,0.00,20.00,-1339,-1339,-1339,-1349,-1345,-1336,10,6,-3,RUNNING
115441,5,0.00,0.00,20.00,-1339,-1339,-1339,-1340,-1352,-1337,1,13,-2,RUNNING
115465,5,0.00,0.00,20.00,-1339,-1339,-1339,-1335,-1360,-1343,-4,21,4,RUNNING
115491,5,0.00,0.00,20.00,-1339,-1339,-1339,-1335,-1361,-1348,-4,22,9,RUNNING
115515,5,0.00,0.00,20.00,-1339,-1339,-1339,-1335,-1361,-1347,-4,22,8,RUNNING
115539,5,0.00,0.00,20.00,-1339,-1339,-1339,-1335,-1361,-1346,-4,22,7,RUNNING
115563,5,0.00,0.00,20.00,-1339,-1339,-1339,-1336,-1361,-1346,-3,22,7,RUNNING
115587,5,0.00,0.00,20.00,-1339,-1339,-1339,-1339,-1361,-1346,0,22,7,RUNNING
115611,5,0.00,0.00,20.00,-1339,-1339,-1339,-1341,-1361,-1345,2,22,6,RUNNING
115635,5,0.00,0.00,20.00,-1339,-1339,-1339,-1343,-1358,-1340,4,19,1,RUNNING
115661,5,0.00,0.00,20.00,-1339,-1339,-1339,-1343,-1347,-1328,4,8,-11,RUNNING
115685,5,0.00,0.00,20.00,-1339,-1339,-1339,-1343,-1334,-1321,4,-5,-18,RUNNING
115709,5,0.00,0.00,20.00,-1339,-1339,-1339,-1342,-1327,-1320,3,-12,-19,RUNNING
115733,5,0.00,0.00,20.00,-1339,-1339,-1339,-1342,-1326,-1321,3,-13,-18,RUNNING
115757,5,0.00,0.00,20.00,-1339,-1339,-1339,-1338,-1327,-1321,-1,-12,-18,RUNNING
115781,5,0.00,0.00,20.00,-1339,-1339,-1339,-1328,-1327,-1322,-11,-12,-17,RUNNING
115807,5,0.00,0.00,20.00,-1339,-1339,-1339,-1322,-1327,-1323,-17,-12,-16,RUNNING
115831,5,0.00,0.00,20.00,-1339,-1339,-1339,-1323,-1327,-1324,-16,-12,-15,RUNNING
115855,5,0.00,0.00,20.00,-1339,-1339,-1339,-1323,-1330,-1328,-16,-9,-11,RUNNING
115879,5,0.00,0.00,20.00,-1339,-1339,-1339,-1323,-1336,-1342,-16,-3,3,RUNNING
115903,5,0.00,0.00,20.00,-1339,-1339,-1339,-1325,-1347,-1355,-14,8,16,RUNNING
115927,5,0.00,0.00,20.00,-1339,-1339,-1339,-1328,-1355,-1362,-11,16,23,RUNNING
115951,5,0.00,0.00,20.00,-1339,-1339,-1339,-1332,-1356,-1362,-7,17,23,RUNNING
115977,5,0.00,0.00,20.00,-1339,-1339,-1339,-1343,-1355,-1362,4,16,23,RUNNING
116001,5,0.00,0.00,20.00,-1339,-1339,-1339,-1354,-1355,-1361,15,16,22,RUNNING
116025,5,0.00,0.00,20.00,-1339,-1339,-1339,-1359,-1355,-1361,20,16,22,RUNNING
116049,5,0.00,0.00,20.00,-1339,-1339,-1339,-1358,-1355,-1360,19,16,21,RUNNING
116073,5,0.00,0.00,20.00,-1339,-1339,-1339,-1358,-1355,-1360,19,16,21,RUNNING
116097,5,0.00,0.00,20.00,-1339,-1339,-1339,-1358,-1353,-1348,19,14,9,RUNNING
116123,5,0.00,0.00,20.00,-1339,-1339,-1339,-1356,-1341,-1335,17,2,-4,RUNNING
116147,5,0.00,0.00,20.00,-1339,-1339,-1339,-1352,-1329,-1328,13,-10,-11,RUNNING
116171,5,0.00,0.00,20.00,-1339,-1339,-1339,-1343,-1323,-1327,4,-16,-12,RUNNING
116195,5,0.00,0.00,20.00,-1339,-1339,-1339,-1334,-1322,-1328,-5,-17,-11,RUNNING
116219,5,0.00,0.00,20.00,-1339,-1339,-1339,-1327,-1323,-1328,-12,-16,-11,RUNNING
116243,5,0.00,0.00,20.00,-1339,-1339,-1339,-1327,-1323,-1329,-12,-16,-10,RUNNING
116267,5,0.00,0.00,20.00,-1339,-1339,-1339,-1327,-1323,-1329,-12,-16,-10,RUNNING
116293,5,0.00,0.00,20.00,-1339,-1339,-1339,-1328,-1323,-1330,-11,-16,-9,RUNNING
116317,5,0.00,0.00,20.00,-1339,-1339,-1339,-1330,-1323,-1341,-9,-16,2,RUNNING
116341,5,0.00,0.00,20.00,-1339,-1339,-1339,-1332,-1329,-1354,-7,-10,15,RUNNING
116365,5,0.00,0.00,20.00,-1339,-1339,-1339,-1338,-1340,-1361,-1,1,22,RUNNING
116389,5,0.00,0.00,20.00,-1339,-1339,-1339,-1347,-1347,-1362,8,8,23,RUNNING
116413,5,0.00,0.00,20.00,-1339,-1339,-1339,-1351,-1348,-1362,12,9,23,RUNNING
116439,5,0.00,0.00,20.00,-1339,-1339,-1339,-1351,-1348,-1361,12,9,22,RUNNING
116463,5,0.00,0.00,20.00,-1339,-1339,-1339,-1350,-1348,-1360,11,9,21,RUNNING
116487,5,0.00,0.00,20.00,-1339,-1339,-1339,-1351,-1348,-1360,12,9,21,RUNNING
116511,5,0.00,0.00,20.00,-1339,-1339,-1339,-1350,-1348,-1359,11,9,20,RUNNING
116535,5,0.00,0.00,20.00,-1339,-1339,-1339,-1348,-1346,-1347,9,7,8,RUNNING
116559,5,0.00,0.00,20.00,-1339,-1339,-1339,-1341,-1339,-1335,2,0,-4,RUNNING
116578,5,0.00,0.00,20.00,-1339,-1339,-1339,-1341,-1339,-1335,2,0,-4,TARGET_REACHED_OUTBOUND
116604,15,0.00,0.00,20.00,-1339,-1339,-1339,-1323,-1322,-1325,-16,-17,-14,RUNNING
116628,15,0.00,0.00,20.00,-1339,-1339,-1339,-1314,-1314,-1323,-25,-25,-16,RUNNING
116652,15,0.00,0.00,20.00,-1339,-1339,-1339,-1307,-1308,-1321,-32,-31,-18,RUNNING
116676,15,0.00,0.00,20.00,-1339,-1339,-1339,-1300,-1302,-1320,-39,-37,-19,RUNNING
116700,15,0.00,0.00,20.00,-1339,-1339,-1339,-1294,-1298,-1318,-45,-41,-21,RUNNING
116724,15,0.00,0.00,20.00,-1339,-1339,-1339,-1289,-1295,-1317,-50,-44,-22,RUNNING
116750,15,0.00,0.00,20.00,-1339,-1339,-1339,-1284,-1292,-1317,-55,-47,-22,RUNNING
116774,15,0.00,0.00,20.00,-1339,-1339,-1339,-1280,-1291,-1318,-59,-48,-21,RUNNING
116798,15,0.00,0.00,20.00,-1339,-1339,-1339,-1277,-1291,-1318,-62,-48,-21,RUNNING
116859,15,0.00,0.00,20.00,-1339,-1339,-1339,-1274,-1291,-1318,-65,-48,-21,RUNNING
116883,15,0.00,0.00,20.00,-1339,-1339,-1339,-1275,-1291,-1317,-64,-48,-22,RUNNING
116907,15,0.00,0.00,20.00,-1339,-1339,-1339,-1275,-1291,-1318,-64,-48,-21,RUNNING
116933,15,0.00,0.00,20.00,-1339,-1339,-1339,-1275,-1291,-1318,-64,-48,-21,RUNNING
116957,15,0.00,0.00,20.00,-1339,-1339,-1339,-1275,-1291,-1317,-64,-48,-22,RUNNING
116981,15,0.00,0.00,20.00,-1339,-1339,-1339,-1275,-1292,-1317,-64,-47,-22,RUNNING
117005,15,0.00,0.00,20.00,-1339,-1339,-1339,-1275,-1291,-1318,-64,-48,-21,RUNNING
117029,15,0.00,0.00,20.00,-1339,-1339,-1339,-1275,-1292,-1317,-64,-47,-22,RUNNING
117053,15,0.00,0.00,20.00,-1339,-1339,-1339,-1275,-1291,-1318,-64,-48,-21,RUNNING
117077,15,0.00,0.00,20.00,-1339,-1339,-1339,-1275,-1292,-1318,-64,-47,-21,RUNNING
117103,15,0.00,0.00,20.00,-1339,-1339,-1339,-1275,-1292,-1317,-64,-47,-22,RUNNING
117127,15,0.00,0.00,20.00,-1339,-1339,-1339,-1275,-1291,-1318,-64,-48,-21,RUNNING
117151,15,0.00,0.00,20.00,-1339,-1339,-1339,-1275,-1291,-1317,-64,-48,-22,RUNNING
117175,15,0.00,0.00,20.00,-1339,-1339,-1339,-1275,-1291,-1318,-64,-48,-21,RUNNING
117199,15,0.00,0.00,20.00,-1339,-1339,-1339,-1275,-1291,-1318,-64,-48,-21,RUNNING
117223,15,0.00,0.00,20.00,-1339,-1339,-1339,-1275,-1291,-1318,-64,-48,-21,RUNNING
117250,15,0.00,0.00,20.00,-1339,-1339,-1339,-1275,-1292,-1317,-64,-47,-22,RUNNING
117274,15,0.00,0.00,20.00,-1339,-1339,-1339,-1275,-1292,-1317,-64,-47,-22,RUNNING
117298,15,0.00,0.00,20.00,-1339,-1339,-1339,-1275,-1292,-1317,-64,-47,-22,RUNNING
117322,15,0.00,0.00,20.00,-1339,-1339,-1339,-1275,-1291,-1318,-64,-48,-21,RUNNING
117346,15,0.00,0.00,20.00,-1339,-1339,-1339,-1275,-1291,-1318,-64,-48,-21,RUNNING
117370,15,0.00,0.00,20.00,-1339,-1339,-1339,-1275,-1291,-1318,-64,-48,-21,RUNNING
117396,15,0.00,0.00,20.00,-1339,-1339,-1339,-1275,-1292,-1318,-64,-47,-21,RUNNING
117420,15,0.00,0.00,20.00,-1339,-1339,-1339,-1275,-1292,-1317,-64,-47,-22,RUNNING
117444,15,0.00,0.00,20.00,-1339,-1339,-1339,-1275,-1292,-1318,-64,-47,-21,RUNNING
117468,15,0.00,0.00,20.00,-1339,-1339,-1339,-1275,-1291,-1318,-64,-48,-21,RUNNING
117492,15,0.00,0.00,20.00,-1339,-1339,-1339,-1275,-1292,-1318,-64,-47,-21,RUNNING
117516,15,0.00,0.00,20.00,-1339,-1339,-1339,-1275,-1291,-1318,-64,-48,-21,RUNNING
117542,15,0.00,0.00,20.00,-1339,-1339,-1339,-1275,-1291,-1318,-64,-48,-21,RUNNING
117566,15,0.00,0.00,20.00,-1339,-1339,-1339,-1275,-1292,-1318,-64,-47,-21,RUNNING
117590,15,0.00,0.00,20.00,-1339,-1339,-1339,-1275,-1291,-1317,-64,-48,-22,RUNNING
117614,15,0.00,0.00,20.00,-1339,-1339,-1339,-1275,-1291,-1318,-64,-48,-21,RUNNING
117638,15,0.00,0.00,20.00,-1339,-1339,-1339,-1275,-1292,-1317,-64,-47,-22,RUNNING
117662,15,0.00,0.00,20.00,-1339,-1339,-1339,-1275,-1292,-1318,-64,-47,-21,RUNNING
117686,15,0.00,0.00,20.00,-1339,-1339,-1339,-1275,-1291,-1318,-64,-48,-21,RUNNING
117712,15,0.00,0.00,20.00,-1339,-1339,-1339,-1275,-1291,-1318,-64,-48,-21,RUNNING
117736,15,0.00,0.00,20.00,-1339,-1339,-1339,-1275,-1291,-1318,-64,-48,-21,RUNNING
117760,15,0.00,0.00,20.00,-1339,-1339,-1339,-1275,-1291,-1318,-64,-48,-21,RUNNING
117784,15,0.00,0.00,20.00,-1339,-1339,-1339,-1275,-1292,-1318,-64,-47,-21,RUNNING
117808,15,0.00,0.00,20.00,-1339,-1339,-1339,-1275,-1291,-1318,-64,-48,-21,RUNNING
117832,15,0.00,0.00,20.00,-1339,-1339,-1339,-1275,-1291,-1318,-64,-48,-21,RUNNING
117858,15,0.00,0.00,20.00,-1339,-1339,-1339,-1275,-1292,-1317,-64,-47,-22,RUNNING
117882,15,0.00,0.00,20.00,-1339,-1339,-1339,-1275,-1292,-1317,-64,-47,-22,RUNNING
117906,15,0.00,0.00,20.00,-1339,-1339,-1339,-1275,-1291,-1317,-64,-48,-22,RUNNING
117930,15,0.00,0.00,20.00,-1339,-1339,-1339,-1275,-1291,-1318,-64,-48,-21,RUNNING
117954,15,0.00,0.00,20.00,-1339,-1339,-1339,-1275,-1291,-1318,-64,-48,-21,RUNNING
117978,15,0.00,0.00,20.00,-1339,-1339,-1339,-1275,-1292,-1317,-64,-47,-22,RUNNING
118004,15,0.00,0.00,20.00,-1339,-1339,-1339,-1275,-1292,-1318,-64,-47,-21,RUNNING
118028,15,0.00,0.00,20.00,-1339,-1339,-1339,-1275,-1292,-1318,-64,-47,-21,RUNNING
118052,15,0.00,0.00,20.00,-1339,-1339,-1339,-1275,-1292,-1318,-64,-47,-21,RUNNING
118076,15,0.00,0.00,20.00,-1339,-1339,-1339,-1275,-1292,-1318,-64,-47,-21,RUNNING
118100,15,0.00,0.00,20.00,-1339,-1339,-1339,-1275,-1292,-1318,-64,-47,-21,RUNNING
118119,6,0.00,0.00,0.00,0,0,0,-1275,-1292,-1318,1275,1292,1318,START_STEP
118144,6,0.00,0.00,0.00,0,0,0,-1275,-1291,-1318,1275,1291,1318,RUNNING
118167,6,0.00,0.00,0.00,0,0,0,-1275,-1291,-1317,1275,1291,1317,RUNNING
118190,6,0.00,0.00,0.00,0,0,0,-1262,-1280,-1304,1262,1280,1304,RUNNING
118213,6,0.00,0.00,0.00,0,0,0,-1229,-1249,-1270,1229,1249,1270,RUNNING
118236,6,0.00,0.00,0.00,0,0,0,-1185,-1208,-1218,1185,1208,1218,RUNNING
118259,6,0.00,0.00,0.00,0,0,0,-1134,-1157,-1165,1134,1157,1165,RUNNING
118282,6,0.00,0.00,0.00,0,0,0,-1074,-1085,-1105,1074,1085,1105,RUNNING
118305,6,0.00,0.00,0.00,0,0,0,-1009,-1019,-1034,1009,1019,1034,RUNNING
118331,6,0.00,0.00,0.00,0,0,0,-937,-934,-958,937,934,958,RUNNING
118354,6,0.00,0.00,0.00,0,0,0,-851,-849,-885,851,849,885,RUNNING
118377,6,0.00,0.00,0.00,0,0,0,-769,-765,-801,769,765,801,RUNNING
118400,6,0.00,0.00,0.00,0,0,0,-695,-679,-718,695,679,718,RUNNING
118423,6,0.00,0.00,0.00,0,0,0,-603,-600,-638,603,600,638,RUNNING
118446,6,0.00,0.00,0.00,0,0,0,-518,-527,-556,518,527,556,RUNNING
118469,6,0.00,0.00,0.00,0,0,0,-440,-446,-478,440,446,478,RUNNING
118494,6,0.00,0.00,0.00,0,0,0,-351,-365,-391,351,365,391,RUNNING
118517,6,0.00,0.00,0.00,0,0,0,-279,-303,-315,279,303,315,RUNNING
118540,6,0.00,0.00,0.00,0,0,0,-207,-235,-245,207,235,245,RUNNING
118563,6,0.00,0.00,0.00,0,0,0,-130,-161,-166,130,161,166,RUNNING
118586,6,0.00,0.00,0.00,0,0,0,-64,-89,-93,64,89,93,RUNNING
118609,6,0.00,0.00,0.00,0,0,0,11,-15,-21,-11,15,21,RUNNING
118632,6,0.00,0.00,0.00,0,0,0,93,63,61,-93,-63,-61,RUNNING
118655,6,0.00,0.00,0.00,0,0,0,166,144,141,-166,-144,-141,RUNNING
118678,6,0.00,0.00,0.00,0,0,0,245,231,222,-245,-231,-222,RUNNING
118703,6,0.00,0.00,0.00,0,0,0,335,316,310,-335,-316,-310,RUNNING
118726,6,0.00,0.00,0.00,0,0,0,415,388,393,-415,-388,-393,RUNNING
118749,6,0.00,0.00,0.00,0,0,0,497,469,477,-497,-469,-477,RUNNING
118772,6,0.00,0.00,0.00,0,0,0,562,534,552,-562,-534,-552,RUNNING
118795,6,0.00,0.00,0.00,0,0,0,612,590,613,-612,-590,-613,RUNNING
118818,6,0.00,0.00,0.00,0,0,0,663,638,676,-663,-638,-676,RUNNING
118841,6,0.00,0.00,0.00,0,0,0,707,684,727,-707,-684,-727,RUNNING
118867,6,0.00,0.00,0.00,0,0,0,733,717,760,-733,-717,-760,RUNNING
118890,6,0.00,0.00,0.00,0,0,0,741,729,770,-741,-729,-770,RUNNING
118913,6,0.00,0.00,0.00,0,0,0,740,735,771,-740,-735,-771,RUNNING
118936,6,0.00,0.00,0.00,0,0,0,740,732,771,-740,-732,-771,RUNNING
118959,6,0.00,0.00,0.00,0,0,0,739,732,771,-739,-732,-771,RUNNING
118982,6,0.00,0.00,0.00,0,0,0,730,732,771,-730,-732,-771,RUNNING
119005,6,0.00,0.00,0.00,0,0,0,704,731,759,-704,-731,-759,RUNNING
119028,6,0.00,0.00,0.00,0,0,0,672,730,733,-672,-730,-733,RUNNING
119054,6,0.00,0.00,0.00,0,0,0,630,703,683,-630,-703,-683,RUNNING
119077,6,0.00,0.00,0.00,0,0,0,595,668,642,-595,-668,-642,RUNNING
119100,6,0.00,0.00,0.00,0,0,0,564,625,602,-564,-625,-602,RUNNING
119123,6,0.00,0.00,0.00,0,0,0,526,581,558,-526,-581,-558,RUNNING
119146,6,0.00,0.00,0.00,0,0,0,488,538,518,-488,-538,-518,RUNNING
119169,6,0.00,0.00,0.00,0,0,0,444,489,475,-444,-489,-475,RUNNING
119192,6,0.00,0.00,0.00,0,0,0,403,452,433,-403,-452,-433,RUNNING
119215,6,0.00,0.00,0.00,0,0,0,367,412,395,-367,-412,-395,RUNNING
119240,6,0.00,0.00,0.00,0,0,0,333,371,352,-333,-371,-352,RUNNING
119263,6,0.00,0.00,0.00,0,0,0,300,333,318,-300,-333,-318,RUNNING
119286,6,0.00,0.00,0.00,0,0,0,270,292,283,-270,-292,-283,RUNNING
119309,6,0.00,0.00,0.00,0,0,0,240,257,249,-240,-257,-249,RUNNING
119332,6,0.00,0.00,0.00,0,0,0,209,223,218,-209,-223,-218,RUNNING
119355,6,0.00,0.00,0.00,0,0,0,182,195,187,-182,-195,-187,RUNNING
119378,6,0.00,0.00,0.00,0,0,0,157,168,157,-157,-168,-157,RUNNING
119401,6,0.00,0.00,0.00,0,0,0,134,144,132,-134,-144,-132,RUNNING
119427,6,0.00,0.00,0.00,0,0,0,112,115,104,-112,-115,-104,RUNNING
119488,6,0.00,0.00,0.00,0,0,0,58,60,41,-58,-60,-41,RUNNING
119511,6,0.00,0.00,0.00,0,0,0,36,40,20,-36,-40,-20,RUNNING
119534,6,0.00,0.00,0.00,0,0,0,23,23,10,-23,-23,-10,RUNNING
119557,6,0.00,0.00,0.00,0,0,0,22,21,11,-22,-21,-11,RUNNING
119580,6,0.00,0.00,0.00,0,0,0,22,21,11,-22,-21,-11,RUNNING
119603,6,0.00,0.00,0.00,0,0,0,23,21,11,-23,-21,-11,RUNNING
119626,6,0.00,0.00,0.00,0,0,0,23,20,11,-23,-20,-11,RUNNING
119649,6,0.00,0.00,0.00,0,0,0,17,11,12,-17,-11,-12,RUNNING
119674,6,0.00,0.00,0.00,0,0,0,9,2,12,-9,-2,-12,RUNNING
119697,6,0.00,0.00,0.00,0,0,0,-1,-4,12,1,4,-12,RUNNING
119720,6,0.00,0.00,0.00,0,0,0,-6,-4,12,6,4,-12,RUNNING
119743,6,0.00,0.00,0.00,0,0,0,-6,-3,12,6,3,-12,RUNNING
119766,6,0.00,0.00,0.00,0,0,0,-5,-4,12,5,4,-12,RUNNING
119789,6,0.00,0.00,0.00,0,0,0,-5,-3,12,5,3,-12,RUNNING
119812,6,0.00,0.00,0.00,0,0,0,-5,-5,12,5,5,-12,RUNNING
119835,6,0.00,0.00,0.00,0,0,0,-6,-15,12,6,15,-12,RUNNING
119858,6,0.00,0.00,0.00,0,0,0,-5,-22,12,5,22,-12,RUNNING
119883,6,0.00,0.00,0.00,0,0,0,-5,-26,12,5,26,-12,RUNNING
119906,6,0.00,0.00,0.00,0,0,0,-5,-25,12,5,25,-12,RUNNING
119929,6,0.00,0.00,0.00,0,0,0,-5,-25,5,5,25,-5,RUNNING
119952,6,0.00,0.00,0.00,0,0,0,-6,-26,-8,6,26,8,RUNNING
119975,6,0.00,0.00,0.00,0,0,0,-5,-24,-16,5,24,16,RUNNING
119998,6,0.00,0.00,0.00,0,0,0,-5,-25,-16,5,25,16,RUNNING
120021,6,0.00,0.00,0.00,0,0,0,-2,-25,-16,2,25,16,RUNNING
120044,6,0.00,0.00,0.00,0,0,0,4,-24,-16,-4,24,16,RUNNING
120067,6,0.00,0.00,0.00,0,0,0,7,-25,-15,-7,25,15,RUNNING
120092,6,0.00,0.00,0.00,0,0,0,7,-21,-14,-7,21,14,RUNNING
120115,6,0.00,0.00,0.00,0,0,0,6,-8,-14,-6,8,14,RUNNING
120138,6,0.00,0.00,0.00,0,0,0,7,5,-13,-7,-5,13,RUNNING
120161,6,0.00,0.00,0.00,0,0,0,6,15,0,-6,-15,0,RUNNING
120184,6,0.00,0.00,0.00,0,0,0,0,16,13,0,-16,-13,RUNNING
120207,6,0.00,0.00,0.00,0,0,0,-10,16,21,10,-16,-21,RUNNING
120230,6,0.00,0.00,0.00,0,0,0,-16,15,22,16,-15,-22,RUNNING
120253,6,0.00,0.00,0.00,0,0,0,-15,15,21,15,-15,-21,RUNNING
120276,6,0.00,0.00,0.00,0,0,0,-15,15,21,15,-15,-21,RUNNING
120301,6,0.00,0.00,0.00,0,0,0,-15,14,21,15,-14,-21,RUNNING
120324,6,0.00,0.00,0.00,0,0,0,-15,15,19,15,-15,-19,RUNNING
120347,6,0.00,0.00,0.00,0,0,0,-13,15,19,13,-15,-19,RUNNING
120370,6,0.00,0.00,0.00,0,0,0,-4,14,18,4,-14,-18,RUNNING
120393,6,0.00,0.00,0.00,0,0,0,8,12,7,-8,-12,-7,RUNNING
120416,6,0.00,0.00,0.00,0,0,0,16,-4,-6,-16,4,6,RUNNING
120439,6,0.00,0.00,0.00,0,0,0,16,-20,-15,-16,20,15,RUNNING
120462,6,0.00,0.00,0.00,0,0,0,16,-30,-16,-16,30,16,RUNNING
120485,6,0.00,0.00,0.00,0,0,0,16,-31,-15,-16,31,15,RUNNING
120510,6,0.00,0.00,0.00,0,0,0,16,-30,-15,-16,30,15,RUNNING
120533,6,0.00,0.00,0.00,0,0,0,15,-31,-15,-15,31,15,RUNNING
120556,6,0.00,0.00,0.00,0,0,0,6,-30,-13,-6,30,13,RUNNING
120579,6,0.00,0.00,0.00,0,0,0,-5,-30,-13,5,30,13,RUNNING
120602,6,0.00,0.00,0.00,0,0,0,-12,-30,-13,12,30,13,RUNNING
120625,6,0.00,0.00,0.00,0,0,0,-11,-30,-3,11,30,3,RUNNING
120648,6,0.00,0.00,0.00,0,0,0,-11,-30,10,11,30,-10,RUNNING
120671,6,0.00,0.00,0.00,0,0,0,-10,-30,18,10,30,-18,RUNNING
120694,6,0.00,0.00,0.00,0,0,0,-11,-21,18,11,21,-18,RUNNING
120719,6,0.00,0.00,0.00,0,0,0,-8,-8,18,8,8,-18,RUNNING
120742,6,0.00,0.00,0.00,0,0,0,1,7,18,-1,-7,-18,RUNNING
120765,6,0.00,0.00,0.00,0,0,0,9,17,17,-9,-17,-17,RUNNING
120788,6,0.00,0.00,0.00,0,0,0,9,18,16,-9,-18,-16,RUNNING
120811,6,0.00,0.00,0.00,0,0,0,9,17,16,-9,-17,-16,RUNNING
120834,6,0.00,0.00,0.00,0,0,0,9,17,14,-9,-17,-14,RUNNING
120857,6,0.00,0.00,0.00,0,0,0,9,17,2,-9,-17,-2,RUNNING
120880,6,0.00,0.00,0.00,0,0,0,9,17,-11,-9,-17,11,RUNNING
120903,6,0.00,0.00,0.00,0,0,0,0,17,-21,0,-17,21,RUNNING
120928,6,0.00,0.00,0.00,0,0,0,-12,17,-21,12,-17,21,RUNNING
120951,6,0.00,0.00,0.00,0,0,0,-19,16,-21,19,-16,21,RUNNING
120974,6,0.00,0.00,0.00,0,0,0,-19,16,-20,19,-16,20,RUNNING
120997,6,0.00,0.00,0.00,0,0,0,-18,17,-20,18,-17,20,RUNNING
121020,6,0.00,0.00,0.00,0,0,0,-18,16,-19,18,-16,19,RUNNING
121043,6,0.00,0.00,0.00,0,0,0,-18,2,-19,18,-2,19,RUNNING
121066,6,0.00,0.00,0.00,0,0,0,-18,-14,-18,18,14,18,RUNNING
121089,6,0.00,0.00,0.00,0,0,0,-12,-24,-10,12,24,10,RUNNING
121114,6,0.00,0.00,0.00,0,0,0,0,-25,5,0,25,-5,RUNNING
121137,6,0.00,0.00,0.00,0,0,0,8,-24,12,-8,24,-12,RUNNING
121160,6,0.00,0.00,0.00,0,0,0,8,-25,13,-8,25,-13,RUNNING
121183,6,0.00,0.00,0.00,0,0,0,8,-24,13,-8,24,-13,RUNNING
121206,6,0.00,0.00,0.00,0,0,0,8,-24,12,-8,24,-12,RUNNING
121229,6,0.00,0.00,0.00,0,0,0,8,-24,12,-8,24,-12,RUNNING
121252,6,0.00,0.00,0.00,0,0,0,8,-24,11,-8,24,-11,RUNNING
121275,6,0.00,0.00,0.00,0,0,0,1,-24,11,-1,24,-11,RUNNING
121298,6,0.00,0.00,0.00,0,0,0,-10,-24,11,10,24,-11,RUNNING
121323,6,0.00,0.00,0.00,0,0,0,-17,-16,10,17,16,-10,RUNNING
121346,6,0.00,0.00,0.00,0,0,0,-16,-3,1,16,3,-1,RUNNING
121369,6,0.00,0.00,0.00,0,0,0,-15,10,-9,15,-10,9,RUNNING
121392,6,0.00,0.00,0.00,0,0,0,-15,19,-13,15,-19,13,RUNNING
121415,6,0.00,0.00,0.00,0,0,0,-15,21,-13,15,-21,13,RUNNING
121438,6,0.00,0.00,0.00,0,0,0,-13,20,-13,13,-20,13,RUNNING
121461,6,0.00,0.00,0.00,0,0,0,-4,20,-12,4,-20,12,RUNNING
121484,6,0.00,0.00,0.00,0,0,0,9,19,-12,-9,-19,12,RUNNING
121507,6,0.00,0.00,0.00,0,0,0,17,20,-11,-17,-20,11,RUNNING
121532,6,0.00,0.00,0.00,0,0,0,17,19,-11,-17,-19,11,RUNNING
121555,6,0.00,0.00,0.00,0,0,0,17,19,-11,-17,-19,11,RUNNING
121578,6,0.00,0.00,0.00,0,0,0,17,20,-1,-17,-20,1,RUNNING
121601,6,0.00,0.00,0.00,0,0,0,16,19,12,-16,-19,-12,RUNNING
121624,6,0.00,0.00,0.00,0,0,0,16,19,21,-16,-19,-21,RUNNING
121647,6,0.00,0.00,0.00,0,0,0,5,12,22,-5,-12,-22,RUNNING
121670,6,0.00,0.00,0.00,0,0,0,-6,-3,21,6,3,-21,RUNNING
121693,6,0.00,0.00,0.00,0,0,0,-14,-14,21,14,14,-21,RUNNING
121716,6,0.00,0.00,0.00,0,0,0,-14,-15,21,14,15,-21,RUNNING
121741,6,0.00,0.00,0.00,0,0,0,-13,-13,20,13,13,-20,RUNNING
121764,6,0.00,0.00,0.00,0,0,0,-13,-14,20,13,14,-20,RUNNING
121787,6,0.00,0.00,0.00,0,0,0,-13,-14,19,13,14,-19,RUNNING
121810,6,0.00,0.00,0.00,0,0,0,-13,-14,12,13,14,-12,RUNNING
121833,6,0.00,0.00,0.00,0,0,0,-6,-13,-3,6,13,3,RUNNING
121856,6,0.00,0.00,0.00,0,0,0,6,-14,-10,-6,14,10,RUNNING
121879,6,0.00,0.00,0.00,0,0,0,14,-13,-11,-14,13,11,RUNNING
121902,6,0.00,0.00,0.00,0,0,0,14,-13,-10,-14,13,10,RUNNING
121925,6,0.00,0.00,0.00,0,0,0,14,-10,-10,-14,10,10,RUNNING
121950,6,0.00,0.00,0.00,0,0,0,13,4,-10,-13,-4,10,RUNNING
121973,6,0.00,0.00,0.00,0,0,0,13,18,-9,-13,-18,9,RUNNING
121996,6,0.00,0.00,0.00,0,0,0,14,26,-9,-14,-26,9,RUNNING
122019,6,0.00,0.00,0.00,0,0,0,5,27,-8,-5,-27,8,RUNNING
122042,6,0.00,0.00,0.00,0,0,0,-6,26,3,6,-26,-3,RUNNING
122065,6,0.00,0.00,0.00,0,0,0,-13,26,18,13,-26,-18,RUNNING
122108,6,0.00,0.00,0.00,0,0,0,-13,26,29,13,-26,-29,RUNNING
122131,6,0.00,0.00,0.00,0,0,0,-12,26,27,12,-26,-27,RUNNING
122154,6,0.00,0.00,0.00,0,0,0,-12,26,27,12,-26,-27,RUNNING
122179,6,0.00,0.00,0.00,0,0,0,-12,26,27,12,-26,-27,RUNNING
122202,6,0.00,0.00,0.00,0,0,0,-5,26,26,5,-26,-26,RUNNING
122225,6,0.00,0.00,0.00,0,0,0,5,25,26,-5,-25,-26,RUNNING
122248,6,0.00,0.00,0.00,0,0,0,13,10,26,-13,-10,-26,RUNNING
122271,6,0.00,0.00,0.00,0,0,0,14,-7,19,-14,7,-19,RUNNING
122294,6,0.00,0.00,0.00,0,0,0,13,-17,5,-13,17,-5,RUNNING
122317,6,0.00,0.00,0.00,0,0,0,14,-19,-9,-14,19,9,RUNNING
122340,6,0.00,0.00,0.00,0,0,0,13,-18,-18,-13,18,18,RUNNING
122363,6,0.00,0.00,0.00,0,0,0,13,-18,-19,-13,18,19,RUNNING
122388,6,0.00,0.00,0.00,0,0,0,8,-18,-18,-8,18,18,RUNNING
122411,6,0.00,0.00,0.00,0,0,0,-4,-18,-18,4,18,18,RUNNING
122434,6,0.00,0.00,0.00,0,0,0,-11,-18,-18,11,18,18,RUNNING
122457,6,0.00,0.00,0.00,0,0,0,-11,-17,-16,11,17,16,RUNNING
122480,6,0.00,0.00,0.00,0,0,0,-10,-18,-16,10,18,16,RUNNING
122503,6,0.00,0.00,0.00,0,0,0,-10,-17,-16,10,17,16,RUNNING
122526,6,0.00,0.00,0.00,0,0,0,-10,-10,-8,10,10,8,RUNNING
122549,6,0.00,0.00,0.00,0,0,0,-10,3,5,10,-3,-5,RUNNING
122574,6,0.00,0.00,0.00,0,0,0,1,13,14,-1,-13,-14,RUNNING
122597,6,0.00,0.00,0.00,0,0,0,13,13,14,-13,-13,-14,RUNNING
122620,6,0.00,0.00,0.00,0,0,0,22,13,14,-22,-13,-14,RUNNING
122643,6,0.00,0.00,0.00,0,0,0,22,13,14,-22,-13,-14,RUNNING
122666,6,0.00,0.00,0.00,0,0,0,21,13,14,-21,-13,-14,RUNNING
122689,6,0.00,0.00,0.00,0,0,0,22,13,13,-22,-13,-13,RUNNING
122712,6,0.00,0.00,0.00,0,0,0,21,13,13,-21,-13,-13,RUNNING
122735,6,0.00,0.00,0.00,0,0,0,21,12,12,-21,-12,-12,RUNNING
122758,6,0.00,0.00,0.00,0,0,0,13,13,6,-13,-13,-6,RUNNING
122783,6,0.00,0.00,0.00,0,0,0,0,12,-9,0,-12,9,RUNNING
122806,6,0.00,0.00,0.00,0,0,0,-7,6,-17,7,-6,17,RUNNING
122829,6,0.00,0.00,0.00,0,0,0,-7,-9,-17,7,9,17,RUNNING
122852,6,0.00,0.00,0.00,0,0,0,-6,-20,-17,6,20,17,RUNNING
122875,6,0.00,0.00,0.00,0,0,0,-7,-21,-16,7,21,16,RUNNING
122898,6,0.00,0.00,0.00,0,0,0,-6,-21,-16,6,21,16,RUNNING
122921,6,0.00,0.00,0.00,0,0,0,-6,-21,-16,6,21,16,RUNNING
122944,6,0.00,0.00,0.00,0,0,0,-6,-20,-15,6,20,15,RUNNING
122967,6,0.00,0.00,0.00,0,0,0,-2,-21,-15,2,21,15,RUNNING
122992,6,0.00,0.00,0.00,0,0,0,8,-20,-2,-8,20,2,RUNNING
123015,6,0.00,0.00,0.00,0,0,0,14,-20,12,-14,20,-12,RUNNING
123038,6,0.00,0.00,0.00,0,0,0,13,-20,21,-13,20,-21,RUNNING
123061,6,0.00,0.00,0.00,0,0,0,14,-19,22,-14,19,-22,RUNNING
123084,6,0.00,0.00,0.00,0,0,0,14,-8,21,-14,8,-21,RUNNING
123107,6,0.00,0.00,0.00,0,0,0,13,5,21,-13,-5,-21,RUNNING
123130,6,0.00,0.00,0.00,0,0,0,13,15,21,-13,-15,-21,RUNNING
123153,6,0.00,0.00,0.00,0,0,0,4,16,20,-4,-16,-20,RUNNING
123176,6,0.00,0.00,0.00,0,0,0,-7,15,20,7,-15,-20,RUNNING
123201,6,0.00,0.00,0.00,0,0,0,-14,15,19,14,-15,-19,RUNNING
123224,6,0.00,0.00,0.00,0,0,0,-15,15,10,15,-15,-10,RUNNING
123247,6,0.00,0.00,0.00,0,0,0,-13,15,-4,13,-15,4,RUNNING
123270,6,0.00,0.00,0.00,0,0,0,-14,14,-12,14,-14,12,RUNNING
123293,6,0.00,0.00,0.00,0,0,0,-13,14,-12,13,-14,12,RUNNING
123316,6,0.00,0.00,0.00,0,0,0,-13,14,-11,13,-14,11,RUNNING
123339,6,0.00,0.00,0.00,0,0,0,-11,14,-11,11,-14,11,RUNNING
123362,6,0.00,0.00,0.00,0,0,0,-3,11,-11,3,-11,11,RUNNING
123385,6,0.00,0.00,0.00,0,0,0,9,-2,-10,-9,2,10,RUNNING
123421,6,0.00,0.00,0.00,0,0,0,17,-14,-10,-17,14,10,RUNNING
123445,6,0.00,0.00,0.00,0,0,0,17,-14,-9,-17,14,9,RUNNING
123469,6,0.00,0.00,0.00,0,0,0,16,-13,2,-16,13,-2,RUNNING
123493,6,0.00,0.00,0.00,0,0,0,16,-13,14,-16,13,-14,RUNNING
123517,6,0.00,0.00,0.00,0,0,0,16,-13,21,-16,13,-21,RUNNING
123541,6,0.00,0.00,0.00,0,0,0,9,-13,20,-9,13,-20,RUNNING
123565,6,0.00,0.00,0.00,0,0,0,-3,-13,20,3,13,-20,RUNNING
123589,6,0.00,0.00,0.00,0,0,0,-10,-13,19,10,13,-19,RUNNING
123613,6,0.00,0.00,0.00,0,0,0,-10,-13,19,10,13,-19,RUNNING
123639,6,0.00,0.00,0.00,0,0,0,-9,-4,19,9,4,-19,RUNNING
123662,6,0.00,0.00,0.00,0,0,0,-9,9,19,9,-9,-19,RUNNING
123685,6,0.00,0.00,0.00,0,0,0,-9,18,17,9,-18,-17,RUNNING
123708,6,0.00,0.00,0.00,0,0,0,-9,19,4,9,-19,-4,RUNNING
123731,6,0.00,0.00,0.00,0,0,0,-4,19,-9,4,-19,9,RUNNING
123754,6,0.00,0.00,0.00,0,0,0,7,19,-18,-7,-19,18,RUNNING
123777,6,0.00,0.00,0.00,0,0,0,14,19,-19,-14,-19,19,RUNNING
123800,6,0.00,0.00,0.00,0,0,0,14,19,-18,-14,-19,18,RUNNING
123823,6,0.00,0.00,0.00,0,0,0,14,18,-18,-14,-18,18,RUNNING
123848,6,0.00,0.00,0.00,0,0,0,14,18,-17,-14,-18,17,RUNNING
123871,6,0.00,0.00,0.00,0,0,0,14,18,-17,-14,-18,17,RUNNING
123894,6,0.00,0.00,0.00,0,0,0,14,18,-16,-14,-18,16,RUNNING
123917,6,0.00,0.00,0.00,0,0,0,5,14,-16,-5,-14,16,RUNNING
123940,6,0.00,0.00,0.00,0,0,0,-6,0,-5,6,0,5,RUNNING
123959,6,0.00,0.00,0.00,0,0,0,-6,0,-5,6,0,5,TEST_COMPLETE_RETURNED_HOME
--- NEW TEST SESSION STARTED ---
9301,1,20.00,0.00,0.00,18,230,-195,-1,0,1,19,230,-196,START_STEP
9323,1,20.00,0.00,0.00,18,230,-195,0,0,0,18,230,-195,RUNNING
9348,1,20.00,0.00,0.00,18,230,-195,0,0,1,18,230,-196,RUNNING
9371,1,20.00,0.00,0.00,18,230,-195,1,0,1,17,230,-196,RUNNING
9394,1,20.00,0.00,0.00,18,230,-195,4,0,-1,14,230,-194,RUNNING
9417,1,20.00,0.00,0.00,18,230,-195,10,10,-32,8,220,-163,RUNNING
9440,1,20.00,0.00,0.00,18,230,-195,19,55,-69,-1,175,-126,RUNNING
9463,1,20.00,0.00,0.00,18,230,-195,23,102,-109,-5,128,-86,RUNNING
9486,1,20.00,0.00,0.00,18,230,-195,23,143,-145,-5,87,-50,RUNNING
9509,1,20.00,0.00,0.00,18,230,-195,23,187,-178,-5,43,-17,RUNNING
9534,1,20.00,0.00,0.00,18,230,-195,21,228,-212,-3,2,17,RUNNING
9557,1,20.00,0.00,0.00,18,230,-195,20,264,-231,-2,-34,36,RUNNING
9580,1,20.00,0.00,0.00,18,230,-195,19,293,-239,-1,-63,44,RUNNING
9603,1,20.00,0.00,0.00,18,230,-195,19,302,-239,-1,-72,44,RUNNING
9626,1,20.00,0.00,0.00,18,230,-195,19,304,-239,-1,-74,44,RUNNING
9649,1,20.00,0.00,0.00,18,230,-195,19,303,-243,-1,-73,48,RUNNING
9673,1,20.00,0.00,0.00,18,230,-195,26,304,-250,-8,-74,55,RUNNING
9696,1,20.00,0.00,0.00,18,230,-195,36,303,-257,-18,-73,62,RUNNING
9721,1,20.00,0.00,0.00,18,230,-195,42,305,-261,-24,-75,66,RUNNING
9744,1,20.00,0.00,0.00,18,230,-195,41,312,-261,-23,-82,66,RUNNING
9767,1,20.00,0.00,0.00,18,230,-195,41,315,-260,-23,-85,65,RUNNING
9790,1,20.00,0.00,0.00,18,230,-195,40,315,-260,-22,-85,65,RUNNING
9813,1,20.00,0.00,0.00,18,230,-195,37,315,-259,-19,-85,64,RUNNING
9836,1,20.00,0.00,0.00,18,230,-195,34,315,-259,-16,-85,64,RUNNING
9859,1,20.00,0.00,0.00,18,230,-195,24,315,-259,-6,-85,64,RUNNING
9885,1,20.00,0.00,0.00,18,230,-195,10,315,-246,8,-85,51,RUNNING
9908,1,20.00,0.00,0.00,18,230,-195,3,315,-234,15,-85,39,RUNNING
9931,1,20.00,0.00,0.00,18,230,-195,2,315,-227,16,-85,32,RUNNING
9954,1,20.00,0.00,0.00,18,230,-195,2,314,-226,16,-84,31,RUNNING
9978,1,20.00,0.00,0.00,18,230,-195,2,301,-227,16,-71,32,RUNNING
10001,1,20.00,0.00,0.00,18,230,-195,3,288,-227,15,-58,32,RUNNING
10024,1,20.00,0.00,0.00,18,230,-195,6,275,-227,12,-45,32,RUNNING
10047,1,20.00,0.00,0.00,18,230,-195,13,265,-224,5,-35,29,RUNNING
10073,1,20.00,0.00,0.00,18,230,-195,27,259,-215,-9,-29,20,RUNNING
10096,1,20.00,0.00,0.00,18,230,-195,35,258,-207,-17,-28,12,RUNNING
10119,1,20.00,0.00,0.00,18,230,-195,34,258,-203,-16,-28,8,RUNNING
10142,1,20.00,0.00,0.00,18,230,-195,35,255,-203,-17,-25,8,RUNNING
10165,1,20.00,0.00,0.00,18,230,-195,35,249,-204,-17,-19,9,RUNNING
10188,1,20.00,0.00,0.00,18,230,-195,32,242,-204,-14,-12,9,RUNNING
10211,1,20.00,0.00,0.00,18,230,-195,29,237,-205,-11,-7,10,RUNNING
10234,1,20.00,0.00,0.00,18,230,-195,20,237,-206,-2,-7,11,RUNNING
10260,1,20.00,0.00,0.00,18,230,-195,6,237,-206,12,-7,11,RUNNING
10283,1,20.00,0.00,0.00,18,230,-195,-2,237,-206,20,-7,11,RUNNING
10306,1,20.00,0.00,0.00,18,230,-195,-1,238,-206,19,-8,11,RUNNING
10329,1,20.00,0.00,0.00,18,230,-195,-1,237,-206,19,-7,11,RUNNING
10352,1,20.00,0.00,0.00,18,230,-195,-1,234,-206,19,-4,11,RUNNING
10375,1,20.00,0.00,0.00,18,230,-195,2,227,-206,16,3,11,RUNNING
10398,1,20.00,0.00,0.00,18,230,-195,5,222,-206,13,8,11,RUNNING
10421,1,20.00,0.00,0.00,18,230,-195,18,223,-206,0,7,11,RUNNING
10446,1,20.00,0.00,0.00,18,230,-195,32,222,-206,-14,8,11,RUNNING
10469,1,20.00,0.00,0.00,18,230,-195,38,222,-205,-20,8,10,RUNNING
10492,1,20.00,0.00,0.00,18,230,-195,39,223,-202,-21,7,7,RUNNING
10515,1,20.00,0.00,0.00,18,230,-195,39,223,-193,-21,7,-2,RUNNING
10538,1,20.00,0.00,0.00,18,230,-195,39,223,-188,-21,7,-7,RUNNING
10561,1,20.00,0.00,0.00,18,230,-195,39,223,-188,-21,7,-7,RUNNING
10584,1,20.00,0.00,0.00,18,230,-195,35,223,-190,-17,7,-5,RUNNING
10607,1,20.00,0.00,0.00,18,230,-195,30,228,-190,-12,2,-5,RUNNING
10633,1,20.00,0.00,0.00,18,230,-195,16,243,-190,2,-13,-5,RUNNING
10656,1,20.00,0.00,0.00,18,230,-195,2,251,-190,16,-21,-5,RUNNING
10679,1,20.00,0.00,0.00,18,230,-195,-7,252,-191,25,-22,-4,RUNNING
10702,1,20.00,0.00,0.00,18,230,-195,-8,251,-196,26,-21,1,RUNNING
10725,1,20.00,0.00,0.00,18,230,-195,-7,251,-206,25,-21,11,RUNNING
10748,1,20.00,0.00,0.00,18,230,-195,-7,251,-215,25,-21,20,RUNNING
10772,1,20.00,0.00,0.00,18,230,-195,-5,251,-216,23,-21,21,RUNNING
10795,1,20.00,0.00,0.00,18,230,-195,0,251,-215,18,-21,20,RUNNING
10821,1,20.00,0.00,0.00,18,230,-195,10,251,-215,8,-21,20,RUNNING
10844,1,20.00,0.00,0.00,18,230,-195,23,251,-214,-5,-21,19,RUNNING
10867,1,20.00,0.00,0.00,18,230,-195,31,251,-214,-13,-21,19,RUNNING
10890,1,20.00,0.00,0.00,18,230,-195,31,240,-213,-13,-10,18,RUNNING
10951,1,20.00,0.00,0.00,18,230,-195,29,207,-192,-11,23,-3,RUNNING
10974,1,20.00,0.00,0.00,18,230,-195,26,194,-179,-8,36,-16,RUNNING
10997,1,20.00,0.00,0.00,18,230,-195,16,185,-172,2,45,-23,RUNNING
11021,1,20.00,0.00,0.00,18,230,-195,4,186,-171,14,44,-24,RUNNING
11047,1,20.00,0.00,0.00,18,230,-195,-2,186,-172,20,44,-23,RUNNING
11070,1,20.00,0.00,0.00,18,230,-195,-1,186,-172,19,44,-23,RUNNING
11093,1,20.00,0.00,0.00,18,230,-195,-1,186,-172,19,44,-23,RUNNING
11117,1,20.00,0.00,0.00,18,230,-195,0,186,-175,18,44,-20,RUNNING
11140,1,20.00,0.00,0.00,18,230,-195,4,186,-175,14,44,-20,RUNNING
11163,1,20.00,0.00,0.00,18,230,-195,11,186,-176,7,44,-19,RUNNING
11186,1,20.00,0.00,0.00,18,230,-195,24,186,-184,-6,44,-11,RUNNING
11211,1,20.00,0.00,0.00,18,230,-195,32,192,-198,-14,38,3,RUNNING
11234,1,20.00,0.00,0.00,18,230,-195,32,202,-207,-14,28,12,RUNNING
11257,1,20.00,0.00,0.00,18,230,-195,32,215,-207,-14,15,12,RUNNING
11280,1,20.00,0.00,0.00,18,230,-195,32,229,-206,-14,1,11,RUNNING
11303,1,20.00,0.00,0.00,18,230,-195,28,240,-206,-10,-10,11,RUNNING
11326,1,20.00,0.00,0.00,18,230,-195,23,243,-206,-5,-13,11,RUNNING
11349,1,20.00,0.00,0.00,18,230,-195,16,241,-205,2,-11,10,RUNNING
11372,1,20.00,0.00,0.00,18,230,-195,16,241,-204,2,-11,9,RUNNING
11398,1,20.00,0.00,0.00,18,230,-195,16,242,-204,2,-12,9,RUNNING
11421,1,20.00,0.00,0.00,18,230,-195,16,241,-198,2,-11,3,RUNNING
11444,1,20.00,0.00,0.00,18,230,-195,17,241,-190,1,-11,-5,RUNNING
11467,1,20.00,0.00,0.00,18,230,-195,21,242,-185,-3,-12,-10,RUNNING
11490,1,20.00,0.00,0.00,18,230,-195,31,249,-185,-13,-19,-10,RUNNING
11513,1,20.00,0.00,0.00,18,230,-195,36,256,-186,-18,-26,-9,RUNNING
11536,1,20.00,0.00,0.00,18,230,-195,36,258,-186,-18,-28,-9,RUNNING
11559,1,20.00,0.00,0.00,18,230,-195,35,257,-186,-17,-27,-9,RUNNING
11585,1,20.00,0.00,0.00,18,230,-195,36,257,-186,-18,-27,-9,RUNNING
11609,1,20.00,0.00,0.00,18,230,-195,32,256,-188,-14,-26,-7,RUNNING
11632,1,20.00,0.00,0.00,18,230,-195,26,256,-193,-8,-26,-2,RUNNING
11656,1,20.00,0.00,0.00,18,230,-195,14,256,-204,4,-26,9,RUNNING
11679,1,20.00,0.00,0.00,18,230,-195,6,256,-213,12,-26,18,RUNNING
11702,1,20.00,0.00,0.00,18,230,-195,7,256,-213,11,-26,18,RUNNING
11726,1,20.00,0.00,0.00,18,230,-195,7,256,-212,11,-26,17,RUNNING
11749,1,20.00,0.00,0.00,18,230,-195,7,247,-212,11,-17,17,RUNNING
11775,1,20.00,0.00,0.00,18,230,-195,10,235,-211,8,-5,16,RUNNING
11798,1,20.00,0.00,0.00,18,230,-195,16,225,-211,2,5,16,RUNNING
11821,1,20.00,0.00,0.00,18,230,-195,24,224,-210,-6,6,15,RUNNING
11844,1,20.00,0.00,0.00,18,230,-195,23,225,-202,-5,5,7,RUNNING
11863,1,20.00,0.00,0.00,18,230,-195,23,225,-202,-5,5,7,TARGET_REACHED_OUTBOUND
11886,15,20.00,0.00,0.00,18,230,-195,23,224,-182,-5,6,-13,RUNNING
11910,15,20.00,0.00,0.00,18,230,-195,23,225,-172,-5,5,-23,RUNNING
11933,15,20.00,0.00,0.00,18,230,-195,23,224,-163,-5,6,-32,RUNNING
11959,15,20.00,0.00,0.00,18,230,-195,22,225,-152,-4,5,-43,RUNNING
11982,15,20.00,0.00,0.00,18,230,-195,22,224,-144,-4,6,-51,RUNNING
12005,15,20.00,0.00,0.00,18,230,-195,22,224,-137,-4,6,-58,RUNNING
12028,15,20.00,0.00,0.00,18,230,-195,22,225,-130,-4,5,-65,RUNNING
12051,15,20.00,0.00,0.00,18,230,-195,22,225,-125,-4,5,-70,RUNNING
12074,15,20.00,0.00,0.00,18,230,-195,22,225,-119,-4,5,-76,RUNNING
12097,15,20.00,0.00,0.00,18,230,-195,22,225,-115,-4,5,-80,RUNNING
12123,15,20.00,0.00,0.00,18,230,-195,22,224,-111,-4,6,-84,RUNNING
12146,15,20.00,0.00,0.00,18,230,-195,22,225,-109,-4,5,-86,RUNNING
12169,15,20.00,0.00,0.00,18,230,-195,22,224,-108,-4,6,-87,RUNNING
12192,15,20.00,0.00,0.00,18,230,-195,22,225,-106,-4,5,-89,RUNNING
12215,15,20.00,0.00,0.00,18,230,-195,22,224,-105,-4,6,-90,RUNNING
12238,15,20.00,0.00,0.00,18,230,-195,22,224,-105,-4,6,-90,RUNNING
12261,15,20.00,0.00,0.00,18,230,-195,22,225,-106,-4,5,-89,RUNNING
12284,15,20.00,0.00,0.00,18,230,-195,22,225,-106,-4,5,-89,RUNNING
12310,15,20.00,0.00,0.00,18,230,-195,22,224,-106,-4,6,-89,RUNNING
12333,15,20.00,0.00,0.00,18,230,-195,22,225,-106,-4,5,-89,RUNNING
12356,15,20.00,0.00,0.00,18,230,-195,22,224,-106,-4,6,-89,RUNNING
12379,15,20.00,0.00,0.00,18,230,-195,22,225,-106,-4,5,-89,RUNNING
12402,15,20.00,0.00,0.00,18,230,-195,22,225,-106,-4,5,-89,RUNNING
12425,15,20.00,0.00,0.00,18,230,-195,21,225,-106,-3,5,-89,RUNNING
12448,15,20.00,0.00,0.00,18,230,-195,22,225,-106,-4,5,-89,RUNNING
12471,15,20.00,0.00,0.00,18,230,-195,22,225,-106,-4,5,-89,RUNNING
12497,15,20.00,0.00,0.00,18,230,-195,22,225,-106,-4,5,-89,RUNNING
12520,15,20.00,0.00,0.00,18,230,-195,22,225,-106,-4,5,-89,RUNNING
12543,15,20.00,0.00,0.00,18,230,-195,22,225,-106,-4,5,-89,RUNNING
12566,15,20.00,0.00,0.00,18,230,-195,22,225,-106,-4,5,-89,RUNNING
12590,15,20.00,0.00,0.00,18,230,-195,22,225,-106,-4,5,-89,RUNNING
12613,15,20.00,0.00,0.00,18,230,-195,22,225,-106,-4,5,-89,RUNNING
12636,15,20.00,0.00,0.00,18,230,-195,22,224,-106,-4,6,-89,RUNNING
12659,15,20.00,0.00,0.00,18,230,-195,22,225,-106,-4,5,-89,RUNNING
12685,15,20.00,0.00,0.00,18,230,-195,22,225,-106,-4,5,-89,RUNNING
12708,15,20.00,0.00,0.00,18,230,-195,22,224,-106,-4,6,-89,RUNNING
12731,15,20.00,0.00,0.00,18,230,-195,22,225,-106,-4,5,-89,RUNNING
12754,15,20.00,0.00,0.00,18,230,-195,22,225,-106,-4,5,-89,RUNNING
12777,15,20.00,0.00,0.00,18,230,-195,22,225,-106,-4,5,-89,RUNNING
12800,15,20.00,0.00,0.00,18,230,-195,22,225,-106,-4,5,-89,RUNNING
12823,15,20.00,0.00,0.00,18,230,-195,22,224,-106,-4,6,-89,RUNNING
12849,15,20.00,0.00,0.00,18,230,-195,22,224,-106,-4,6,-89,RUNNING
12872,15,20.00,0.00,0.00,18,230,-195,22,225,-106,-4,5,-89,RUNNING
12895,15,20.00,0.00,0.00,18,230,-195,22,224,-106,-4,6,-89,RUNNING
12918,15,20.00,0.00,0.00,18,230,-195,22,225,-106,-4,5,-89,RUNNING
12941,15,20.00,0.00,0.00,18,230,-195,22,224,-106,-4,6,-89,RUNNING
12964,15,20.00,0.00,0.00,18,230,-195,22,224,-106,-4,6,-89,RUNNING
12987,15,20.00,0.00,0.00,18,230,-195,22,224,-106,-4,6,-89,RUNNING
13010,15,20.00,0.00,0.00,18,230,-195,22,224,-106,-4,6,-89,RUNNING
13036,15,20.00,0.00,0.00,18,230,-195,22,225,-106,-4,5,-89,RUNNING
13059,15,20.00,0.00,0.00,18,230,-195,22,225,-106,-4,5,-89,RUNNING
13083,15,20.00,0.00,0.00,18,230,-195,22,225,-106,-4,5,-89,RUNNING
13106,15,20.00,0.00,0.00,18,230,-195,22,225,-106,-4,5,-89,RUNNING
13129,15,20.00,0.00,0.00,18,230,-195,21,225,-106,-3,5,-89,RUNNING
13152,15,20.00,0.00,0.00,18,230,-195,22,225,-106,-4,5,-89,RUNNING
13175,15,20.00,0.00,0.00,18,230,-195,22,224,-106,-4,6,-89,RUNNING
13199,15,20.00,0.00,0.00,18,230,-195,22,225,-106,-4,5,-89,RUNNING
13225,15,20.00,0.00,0.00,18,230,-195,22,225,-106,-4,5,-89,RUNNING
13248,15,20.00,0.00,0.00,18,230,-195,22,225,-106,-4,5,-89,RUNNING
13271,15,20.00,0.00,0.00,18,230,-195,22,224,-106,-4,6,-89,RUNNING
13294,15,20.00,0.00,0.00,18,230,-195,22,225,-106,-4,5,-89,RUNNING
13317,15,20.00,0.00,0.00,18,230,-195,22,225,-106,-4,5,-89,RUNNING
13340,15,20.00,0.00,0.00,18,230,-195,22,225,-106,-4,5,-89,RUNNING
13363,15,20.00,0.00,0.00,18,230,-195,22,225,-106,-4,5,-89,RUNNING
13382,2,0.00,0.00,0.00,0,0,0,22,225,-106,-22,-225,106,START_STEP
13407,2,0.00,0.00,0.00,0,0,0,22,224,-106,-22,-224,106,RUNNING
13430,2,0.00,0.00,0.00,0,0,0,22,225,-106,-22,-225,106,RUNNING
13453,2,0.00,0.00,0.00,0,0,0,22,225,-92,-22,-225,92,RUNNING
13476,2,0.00,0.00,0.00,0,0,0,20,206,-68,-20,-206,68,RUNNING
13499,2,0.00,0.00,0.00,0,0,0,17,167,-45,-17,-167,45,RUNNING
13562,2,0.00,0.00,0.00,0,0,0,-9,46,16,9,-46,-16,RUNNING
13585,2,0.00,0.00,0.00,0,0,0,-20,1,38,20,-1,-38,RUNNING
13608,2,0.00,0.00,0.00,0,0,0,-28,-23,46,28,23,-46,RUNNING
13633,2,0.00,0.00,0.00,0,0,0,-28,-24,45,28,24,-45,RUNNING
13656,2,0.00,0.00,0.00,0,0,0,-27,-24,45,27,24,-45,RUNNING
13679,2,0.00,0.00,0.00,0,0,0,-27,-24,44,27,24,-44,RUNNING
13702,2,0.00,0.00,0.00,0,0,0,-26,-24,41,26,24,-41,RUNNING
13725,2,0.00,0.00,0.00,0,0,0,-20,-30,41,20,30,-41,RUNNING
13748,2,0.00,0.00,0.00,0,0,0,-10,-37,40,10,37,-40,RUNNING
13771,2,0.00,0.00,0.00,0,0,0,2,-46,33,-2,46,-33,RUNNING
13794,2,0.00,0.00,0.00,0,0,0,7,-57,21,-7,57,-21,RUNNING
13817,2,0.00,0.00,0.00,0,0,0,7,-67,13,-7,67,-13,RUNNING
13842,2,0.00,0.00,0.00,0,0,0,6,-73,12,-6,73,-12,RUNNING
13865,2,0.00,0.00,0.00,0,0,0,6,-72,13,-6,72,-13,RUNNING
13888,2,0.00,0.00,0.00,0,0,0,4,-72,13,-4,72,-13,RUNNING
13911,2,0.00,0.00,0.00,0,0,0,1,-72,13,-1,72,-13,RUNNING
13934,2,0.00,0.00,0.00,0,0,0,-4,-72,13,4,72,-13,RUNNING
13957,2,0.00,0.00,0.00,0,0,0,-3,-72,11,3,72,-11,RUNNING
13980,2,0.00,0.00,0.00,0,0,0,-3,-71,3,3,71,-3,RUNNING
14003,2,0.00,0.00,0.00,0,0,0,-3,-71,-4,3,71,4,RUNNING
14026,2,0.00,0.00,0.00,0,0,0,0,-71,-6,0,71,6,RUNNING
14051,2,0.00,0.00,0.00,0,0,0,7,-63,-6,-7,63,6,RUNNING
14074,2,0.00,0.00,0.00,0,0,0,12,-52,-6,-12,52,6,RUNNING
14097,2,0.00,0.00,0.00,0,0,0,11,-40,-5,-11,40,5,RUNNING
14120,2,0.00,0.00,0.00,0,0,0,11,-31,-4,-11,31,4,RUNNING
14143,2,0.00,0.00,0.00,0,0,0,11,-31,-4,-11,31,4,RUNNING
14166,2,0.00,0.00,0.00,0,0,0,9,-32,-4,-9,32,4,RUNNING
14189,2,0.00,0.00,0.00,0,0,0,3,-32,3,-3,32,-3,RUNNING
14212,2,0.00,0.00,0.00,0,0,0,-9,-31,16,9,31,-16,RUNNING
14235,2,0.00,0.00,0.00,0,0,0,-17,-25,24,17,25,-24,RUNNING
14258,2,0.00,0.00,0.00,0,0,0,-17,-19,24,17,19,-24,RUNNING
14283,2,0.00,0.00,0.00,0,0,0,-16,-14,24,16,14,-24,RUNNING
14306,2,0.00,0.00,0.00,0,0,0,-15,-16,24,15,16,-24,RUNNING
14329,2,0.00,0.00,0.00,0,0,0,-14,-17,24,14,17,-24,RUNNING
14352,2,0.00,0.00,0.00,0,0,0,-8,-16,22,8,16,-22,RUNNING
14375,2,0.00,0.00,0.00,0,0,0,3,-17,21,-3,17,-21,RUNNING
14398,2,0.00,0.00,0.00,0,0,0,10,-16,19,-10,16,-19,RUNNING
14421,2,0.00,0.00,0.00,0,0,0,10,-11,8,-10,11,-8,RUNNING
14444,2,0.00,0.00,0.00,0,0,0,10,-4,-5,-10,4,5,RUNNING
14467,2,0.00,0.00,0.00,0,0,0,10,3,-12,-10,-3,12,RUNNING
14492,2,0.00,0.00,0.00,0,0,0,8,1,-13,-8,-1,13,RUNNING
14515,2,0.00,0.00,0.00,0,0,0,3,1,-12,-3,-1,12,RUNNING
14538,2,0.00,0.00,0.00,0,0,0,-6,1,-12,6,-1,12,RUNNING
14561,2,0.00,0.00,0.00,0,0,0,-11,1,-12,11,-1,12,RUNNING
14584,2,0.00,0.00,0.00,0,0,0,-10,1,-11,10,-1,11,RUNNING
14607,2,0.00,0.00,0.00,0,0,0,-10,-3,-11,10,3,11,RUNNING
14630,2,0.00,0.00,0.00,0,0,0,-10,-2,-10,10,2,10,RUNNING
14653,2,0.00,0.00,0.00,0,0,0,-9,-3,3,9,3,-3,RUNNING
14676,2,0.00,0.00,0.00,0,0,0,-3,-3,16,3,3,-16,RUNNING
14701,2,0.00,0.00,0.00,0,0,0,8,-2,25,-8,2,-25,RUNNING
14724,2,0.00,0.00,0.00,0,0,0,16,-4,25,-16,4,-25,RUNNING
14747,2,0.00,0.00,0.00,0,0,0,16,-2,24,-16,2,-24,RUNNING
14770,2,0.00,0.00,0.00,0,0,0,16,-4,24,-16,4,-24,RUNNING
14793,2,0.00,0.00,0.00,0,0,0,16,-3,24,-16,3,-24,RUNNING
14816,2,0.00,0.00,0.00,0,0,0,16,-3,22,-16,3,-22,RUNNING
14839,2,0.00,0.00,0.00,0,0,0,11,-4,21,-11,4,-21,RUNNING
14862,2,0.00,0.00,0.00,0,0,0,2,-2,20,-2,2,-20,RUNNING
14885,2,0.00,0.00,0.00,0,0,0,-6,-4,8,6,4,-8,RUNNING
14906,2,0.00,0.00,0.00,0,0,0,-6,-4,8,6,4,-8,TEST_COMPLETE_RETURNED_HOME
27992,5,0.00,0.00,20.00,-1339,-1339,-1339,-5,-8,-101,-1334,-1331,-1238,START_STEP
28015,5,0.00,0.00,20.00,-1339,-1339,-1339,-5,-8,-101,-1334,-1331,-1238,RUNNING
28038,5,0.00,0.00,20.00,-1339,-1339,-1339,-5,-8,-101,-1334,-1331,-1238,RUNNING
28062,5,0.00,0.00,20.00,-1339,-1339,-1339,-14,-24,-116,-1325,-1315,-1223,RUNNING
28086,5,0.00,0.00,20.00,-1339,-1339,-1339,-57,-66,-159,-1282,-1273,-1180,RUNNING
28110,5,0.00,0.00,20.00,-1339,-1339,-1339,-106,-121,-219,-1233,-1218,-1120,RUNNING
28136,5,0.00,0.00,20.00,-1339,-1339,-1339,-173,-187,-288,-1166,-1152,-1051,RUNNING
28159,5,0.00,0.00,20.00,-1339,-1339,-1339,-243,-258,-352,-1096,-1081,-987,RUNNING
28182,5,0.00,0.00,20.00,-1339,-1339,-1339,-308,-326,-420,-1031,-1013,-919,RUNNING
28205,5,0.00,0.00,20.00,-1339,-1339,-1339,-372,-406,-492,-967,-933,-847,RUNNING
28228,5,0.00,0.00,20.00,-1339,-1339,-1339,-438,-481,-568,-901,-858,-771,RUNNING
28252,5,0.00,0.00,20.00,-1339,-1339,-1339,-502,-564,-648,-837,-775,-691,RUNNING
28278,5,0.00,0.00,20.00,-1339,-1339,-1339,-573,-665,-741,-766,-674,-598,RUNNING
28302,5,0.00,0.00,20.00,-1339,-1339,-1339,-654,-752,-832,-685,-587,-507,RUNNING
28325,5,0.00,0.00,20.00,-1339,-1339,-1339,-718,-826,-915,-621,-513,-424,RUNNING
28349,5,0.00,0.00,20.00,-1339,-1339,-1339,-795,-911,-1000,-544,-428,-339,RUNNING
28372,5,0.00,0.00,20.00,-1339,-1339,-1339,-882,-992,-1083,-457,-347,-256,RUNNING
28395,5,0.00,0.00,20.00,-1339,-1339,-1339,-958,-1069,-1162,-381,-270,-177,RUNNING
28421,5,0.00,0.00,20.00,-1339,-1339,-1339,-1054,-1155,-1247,-285,-184,-92,RUNNING
28444,5,0.00,0.00,20.00,-1339,-1339,-1339,-1139,-1229,-1318,-200,-110,-21,RUNNING
28468,5,0.00,0.00,20.00,-1339,-1339,-1339,-1224,-1305,-1392,-115,-34,53,RUNNING
28492,5,0.00,0.00,20.00,-1339,-1339,-1339,-1317,-1378,-1470,-22,39,131,RUNNING
28516,5,0.00,0.00,20.00,-1339,-1339,-1339,-1396,-1461,-1547,57,122,208,RUNNING
28540,5,0.00,0.00,20.00,-1339,-1339,-1339,-1472,-1551,-1626,133,212,287,RUNNING
28563,5,0.00,0.00,20.00,-1339,-1339,-1339,-1550,-1624,-1703,211,285,364,RUNNING
28589,5,0.00,0.00,20.00,-1339,-1339,-1339,-1627,-1717,-1792,288,378,453,RUNNING
28613,5,0.00,0.00,20.00,-1339,-1339,-1339,-1704,-1805,-1868,365,466,529,RUNNING
28636,5,0.00,0.00,20.00,-1339,-1339,-1339,-1778,-1879,-1935,439,540,596,RUNNING
28660,5,0.00,0.00,20.00,-1339,-1339,-1339,-1856,-1947,-1985,517,608,646,RUNNING
28683,5,0.00,0.00,20.00,-1339,-1339,-1339,-1930,-2003,-2007,591,664,668,RUNNING
28707,5,0.00,0.00,20.00,-1339,-1339,-1339,-1997,-2046,-2013,658,707,674,RUNNING
28733,5,0.00,0.00,20.00,-1339,-1339,-1339,-2062,-2069,-2012,723,730,673,RUNNING
28757,5,0.00,0.00,20.00,-1339,-1339,-1339,-2108,-2074,-2011,769,735,672,RUNNING
28780,5,0.00,0.00,20.00,-1339,-1339,-1339,-2128,-2076,-2009,789,737,670,RUNNING
28804,5,0.00,0.00,20.00,-1339,-1339,-1339,-2132,-2075,-2008,793,736,669,RUNNING
28827,5,0.00,0.00,20.00,-1339,-1339,-1339,-2132,-2075,-2007,793,736,668,RUNNING
28851,5,0.00,0.00,20.00,-1339,-1339,-1339,-2132,-2075,-1991,793,736,652,RUNNING
28874,5,0.00,0.00,20.00,-1339,-1339,-1339,-2132,-2075,-1954,793,736,615,RUNNING
28900,5,0.00,0.00,20.00,-1339,-1339,-1339,-2108,-2065,-1910,769,726,571,RUNNING
28923,5,0.00,0.00,20.00,-1339,-1339,-1339,-2075,-2029,-1870,736,690,531,RUNNING
28946,5,0.00,0.00,20.00,-1339,-1339,-1339,-2038,-1985,-1830,699,646,491,RUNNING
28970,5,0.00,0.00,20.00,-1339,-1339,-1339,-2004,-1932,-1793,665,593,454,RUNNING
28993,5,0.00,0.00,20.00,-1339,-1339,-1339,-1968,-1882,-1750,629,543,411,RUNNING
29017,5,0.00,0.00,20.00,-1339,-1339,-1339,-1934,-1826,-1710,595,487,371,RUNNING
29043,5,0.00,0.00,20.00,-1339,-1339,-1339,-1893,-1782,-1675,554,443,336,RUNNING
29067,5,0.00,0.00,20.00,-1339,-1339,-1339,-1854,-1740,-1645,515,401,306,RUNNING
29090,5,0.00,0.00,20.00,-1339,-1339,-1339,-1821,-1704,-1619,482,365,280,RUNNING
29114,5,0.00,0.00,20.00,-1339,-1339,-1339,-1785,-1665,-1593,446,326,254,RUNNING
29137,5,0.00,0.00,20.00,-1339,-1339,-1339,-1755,-1634,-1569,416,295,230,RUNNING
29161,5,0.00,0.00,20.00,-1339,-1339,-1339,-1725,-1603,-1544,386,264,205,RUNNING
29187,5,0.00,0.00,20.00,-1339,-1339,-1339,-1686,-1570,-1516,347,231,177,RUNNING
29211,5,0.00,0.00,20.00,-1339,-1339,-1339,-1653,-1544,-1491,314,205,152,RUNNING
29235,5,0.00,0.00,20.00,-1339,-1339,-1339,-1623,-1520,-1469,284,181,130,RUNNING
29258,5,0.00,0.00,20.00,-1339,-1339,-1339,-1595,-1498,-1449,256,159,110,RUNNING
29282,5,0.00,0.00,20.00,-1339,-1339,-1339,-1566,-1479,-1430,227,140,91,RUNNING
29306,5,0.00,0.00,20.00,-1339,-1339,-1339,-1539,-1458,-1412,200,119,73,RUNNING
29329,5,0.00,0.00,20.00,-1339,-1339,-1339,-1510,-1436,-1392,171,97,53,RUNNING
29568,5,0.00,0.00,20.00,-1339,-1339,-1339,-1280,-1264,-1205,-59,-75,-134,RUNNING
29591,5,0.00,0.00,20.00,-1339,-1339,-1339,-1252,-1249,-1188,-87,-90,-151,RUNNING
29614,5,0.00,0.00,20.00,-1339,-1339,-1339,-1242,-1245,-1185,-97,-94,-154,RUNNING
29637,5,0.00,0.00,20.00,-1339,-1339,-1339,-1242,-1245,-1185,-97,-94,-154,RUNNING
29660,5,0.00,0.00,20.00,-1339,-1339,-1339,-1245,-1245,-1194,-94,-94,-145,RUNNING
29684,5,0.00,0.00,20.00,-1339,-1339,-1339,-1260,-1252,-1221,-79,-87,-118,RUNNING
29710,5,0.00,0.00,20.00,-1339,-1339,-1339,-1273,-1267,-1248,-66,-72,-91,RUNNING
29733,5,0.00,0.00,20.00,-1339,-1339,-1339,-1284,-1282,-1273,-55,-57,-66,RUNNING
29757,5,0.00,0.00,20.00,-1339,-1339,-1339,-1285,-1301,-1296,-54,-38,-43,RUNNING
29781,5,0.00,0.00,20.00,-1339,-1339,-1339,-1286,-1316,-1317,-53,-23,-22,RUNNING
29805,5,0.00,0.00,20.00,-1339,-1339,-1339,-1286,-1327,-1339,-53,-12,0,RUNNING
29828,5,0.00,0.00,20.00,-1339,-1339,-1339,-1286,-1329,-1351,-53,-10,12,RUNNING
29851,5,0.00,0.00,20.00,-1339,-1339,-1339,-1288,-1329,-1355,-51,-10,16,RUNNING
29877,5,0.00,0.00,20.00,-1339,-1339,-1339,-1296,-1329,-1354,-43,-10,15,RUNNING
29900,5,0.00,0.00,20.00,-1339,-1339,-1339,-1305,-1331,-1354,-34,-8,15,RUNNING
29924,5,0.00,0.00,20.00,-1339,-1339,-1339,-1311,-1336,-1356,-28,-3,17,RUNNING
29947,5,0.00,0.00,20.00,-1339,-1339,-1339,-1311,-1341,-1361,-28,2,22,RUNNING
29971,5,0.00,0.00,20.00,-1339,-1339,-1339,-1311,-1347,-1368,-28,8,29,RUNNING
29994,5,0.00,0.00,20.00,-1339,-1339,-1339,-1312,-1349,-1372,-27,10,33,RUNNING
30020,5,0.00,0.00,20.00,-1339,-1339,-1339,-1311,-1349,-1371,-28,10,32,RUNNING
30043,5,0.00,0.00,20.00,-1339,-1339,-1339,-1315,-1349,-1370,-24,10,31,RUNNING
30067,5,0.00,0.00,20.00,-1339,-1339,-1339,-1323,-1349,-1371,-16,10,32,RUNNING
30090,5,0.00,0.00,20.00,-1339,-1339,-1339,-1327,-1349,-1371,-12,10,32,RUNNING
30113,5,0.00,0.00,20.00,-1339,-1339,-1339,-1327,-1349,-1371,-12,10,32,RUNNING
30137,5,0.00,0.00,20.00,-1339,-1339,-1339,-1327,-1349,-1370,-12,10,31,RUNNING
30160,5,0.00,0.00,20.00,-1339,-1339,-1339,-1327,-1349,-1369,-12,10,30,RUNNING
30186,5,0.00,0.00,20.00,-1339,-1339,-1339,-1327,-1349,-1369,-12,10,30,RUNNING
30209,5,0.00,0.00,20.00,-1339,-1339,-1339,-1324,-1349,-1368,-15,10,29,RUNNING
30233,5,0.00,0.00,20.00,-1339,-1339,-1339,-1325,-1349,-1368,-14,10,29,RUNNING
30256,5,0.00,0.00,20.00,-1339,-1339,-1339,-1324,-1349,-1362,-15,10,23,RUNNING
30280,5,0.00,0.00,20.00,-1339,-1339,-1339,-1324,-1349,-1349,-15,10,10,RUNNING
30303,5,0.00,0.00,20.00,-1339,-1339,-1339,-1325,-1348,-1343,-14,9,4,RUNNING
30329,5,0.00,0.00,20.00,-1339,-1339,-1339,-1329,-1345,-1342,-10,6,3,RUNNING
30352,5,0.00,0.00,20.00,-1339,-1339,-1339,-1340,-1338,-1342,1,-1,3,RUNNING
30371,5,0.00,0.00,20.00,-1339,-1339,-1339,-1340,-1338,-1342,1,-1,3,TARGET_REACHED_OUTBOUND
30394,15,0.00,0.00,20.00,-1339,-1339,-1339,-1347,-1333,-1343,8,-6,4,RUNNING
30417,15,0.00,0.00,20.00,-1339,-1339,-1339,-1348,-1333,-1343,9,-6,4,RUNNING
30440,15,0.00,0.00,20.00,-1339,-1339,-1339,-1347,-1333,-1343,8,-6,4,RUNNING
30463,15,0.00,0.00,20.00,-1339,-1339,-1339,-1347,-1333,-1343,8,-6,4,RUNNING
30489,15,0.00,0.00,20.00,-1339,-1339,-1339,-1347,-1334,-1343,8,-5,4,RUNNING
30512,15,0.00,0.00,20.00,-1339,-1339,-1339,-1347,-1334,-1344,8,-5,5,RUNNING
30535,15,0.00,0.00,20.00,-1339,-1339,-1339,-1347,-1334,-1346,8,-5,7,RUNNING
30558,15,0.00,0.00,20.00,-1339,-1339,-1339,-1347,-1333,-1348,8,-6,9,RUNNING
30581,15,0.00,0.00,20.00,-1339,-1339,-1339,-1347,-1334,-1348,8,-5,9,RUNNING
30604,15,0.00,0.00,20.00,-1339,-1339,-1339,-1347,-1333,-1348,8,-6,9,RUNNING
30627,15,0.00,0.00,20.00,-1339,-1339,-1339,-1347,-1334,-1348,8,-5,9,RUNNING
30653,15,0.00,0.00,20.00,-1339,-1339,-1339,-1347,-1334,-1348,8,-5,9,RUNNING
30676,15,0.00,0.00,20.00,-1339,-1339,-1339,-1347,-1333,-1348,8,-6,9,RUNNING
30699,15,0.00,0.00,20.00,-1339,-1339,-1339,-1347,-1334,-1348,8,-5,9,RUNNING
30722,15,0.00,0.00,20.00,-1339,-1339,-1339,-1347,-1333,-1348,8,-6,9,RUNNING
30745,15,0.00,0.00,20.00,-1339,-1339,-1339,-1347,-1333,-1348,8,-6,9,RUNNING
30769,15,0.00,0.00,20.00,-1339,-1339,-1339,-1347,-1334,-1348,8,-5,9,RUNNING
30795,15,0.00,0.00,20.00,-1339,-1339,-1339,-1347,-1333,-1348,8,-6,9,RUNNING
30818,15,0.00,0.00,20.00,-1339,-1339,-1339,-1347,-1334,-1348,8,-5,9,RUNNING
30841,15,0.00,0.00,20.00,-1339,-1339,-1339,-1347,-1333,-1348,8,-6,9,RUNNING
30865,15,0.00,0.00,20.00,-1339,-1339,-1339,-1347,-1333,-1348,8,-6,9,RUNNING
30888,15,0.00,0.00,20.00,-1339,-1339,-1339,-1347,-1334,-1348,8,-5,9,RUNNING
30911,15,0.00,0.00,20.00,-1339,-1339,-1339,-1347,-1333,-1348,8,-6,9,RUNNING
30934,15,0.00,0.00,20.00,-1339,-1339,-1339,-1347,-1333,-1348,8,-6,9,RUNNING
30959,15,0.00,0.00,20.00,-1339,-1339,-1339,-1347,-1333,-1348,8,-6,9,RUNNING
30982,15,0.00,0.00,20.00,-1339,-1339,-1339,-1347,-1334,-1348,8,-5,9,RUNNING
31005,15,0.00,0.00,20.00,-1339,-1339,-1339,-1347,-1334,-1348,8,-5,9,RUNNING
31028,15,0.00,0.00,20.00,-1339,-1339,-1339,-1347,-1333,-1348,8,-6,9,RUNNING
31051,15,0.00,0.00,20.00,-1339,-1339,-1339,-1347,-1333,-1348,8,-6,9,RUNNING
31074,15,0.00,0.00,20.00,-1339,-1339,-1339,-1347,-1334,-1348,8,-5,9,RUNNING
31097,15,0.00,0.00,20.00,-1339,-1339,-1339,-1347,-1333,-1348,8,-6,9,RUNNING
31123,15,0.00,0.00,20.00,-1339,-1339,-1339,-1347,-1334,-1348,8,-5,9,RUNNING
31146,15,0.00,0.00,20.00,-1339,-1339,-1339,-1347,-1333,-1348,8,-6,9,RUNNING
31169,15,0.00,0.00,20.00,-1339,-1339,-1339,-1347,-1334,-1348,8,-5,9,RUNNING
31192,15,0.00,0.00,20.00,-1339,-1339,-1339,-1347,-1334,-1348,8,-5,9,RUNNING
31215,15,0.00,0.00,20.00,-1339,-1339,-1339,-1347,-1333,-1348,8,-6,9,RUNNING
31238,15,0.00,0.00,20.00,-1339,-1339,-1339,-1347,-1334,-1348,8,-5,9,RUNNING
31262,15,0.00,0.00,20.00,-1339,-1339,-1339,-1347,-1334,-1348,8,-5,9,RUNNING
31288,15,0.00,0.00,20.00,-1339,-1339,-1339,-1347,-1333,-1348,8,-6,9,RUNNING
31311,15,0.00,0.00,20.00,-1339,-1339,-1339,-1347,-1333,-1348,8,-6,9,RUNNING
31334,15,0.00,0.00,20.00,-1339,-1339,-1339,-1347,-1334,-1348,8,-5,9,RUNNING
31357,15,0.00,0.00,20.00,-1339,-1339,-1339,-1347,-1333,-1348,8,-6,9,RUNNING
31380,15,0.00,0.00,20.00,-1339,-1339,-1339,-1347,-1334,-1348,8,-5,9,RUNNING
31403,15,0.00,0.00,20.00,-1339,-1339,-1339,-1347,-1333,-1348,8,-6,9,RUNNING
31429,15,0.00,0.00,20.00,-1339,-1339,-1339,-1347,-1334,-1348,8,-5,9,RUNNING
31452,15,0.00,0.00,20.00,-1339,-1339,-1339,-1347,-1334,-1348,8,-5,9,RUNNING
31475,15,0.00,0.00,20.00,-1339,-1339,-1339,-1347,-1333,-1348,8,-6,9,RUNNING
31498,15,0.00,0.00,20.00,-1339,-1339,-1339,-1347,-1334,-1348,8,-5,9,RUNNING
31521,15,0.00,0.00,20.00,-1339,-1339,-1339,-1347,-1333,-1348,8,-6,9,RUNNING
31544,15,0.00,0.00,20.00,-1339,-1339,-1339,-1347,-1334,-1348,8,-5,9,RUNNING
31567,15,0.00,0.00,20.00,-1339,-1339,-1339,-1347,-1334,-1348,8,-5,9,RUNNING
31593,15,0.00,0.00,20.00,-1339,-1339,-1339,-1347,-1334,-1348,8,-5,9,RUNNING
31616,15,0.00,0.00,20.00,-1339,-1339,-1339,-1347,-1334,-1348,8,-5,9,RUNNING
31640,15,0.00,0.00,20.00,-1339,-1339,-1339,-1347,-1334,-1348,8,-5,9,RUNNING
31663,15,0.00,0.00,20.00,-1339,-1339,-1339,-1347,-1333,-1348,8,-6,9,RUNNING
31686,15,0.00,0.00,20.00,-1339,-1339,-1339,-1347,-1334,-1348,8,-5,9,RUNNING
31709,15,0.00,0.00,20.00,-1339,-1339,-1339,-1347,-1333,-1348,8,-6,9,RUNNING
31732,15,0.00,0.00,20.00,-1339,-1339,-1339,-1347,-1334,-1348,8,-5,9,RUNNING
31758,15,0.00,0.00,20.00,-1339,-1339,-1339,-1347,-1334,-1348,8,-5,9,RUNNING
31895,6,0.00,0.00,0.00,0,0,0,-1347,-1334,-1348,1347,1334,1348,START_STEP
31918,6,0.00,0.00,0.00,0,0,0,-1347,-1333,-1348,1347,1333,1348,RUNNING
31941,6,0.00,0.00,0.00,0,0,0,-1347,-1333,-1348,1347,1333,1348,RUNNING
31964,6,0.00,0.00,0.00,0,0,0,-1345,-1320,-1347,1345,1320,1347,RUNNING
31987,6,0.00,0.00,0.00,0,0,0,-1318,-1288,-1335,1318,1288,1335,RUNNING
32010,6,0.00,0.00,0.00,0,0,0,-1261,-1243,-1288,1261,1243,1288,RUNNING
32035,6,0.00,0.00,0.00,0,0,0,-1194,-1186,-1230,1194,1186,1230,RUNNING
32058,6,0.00,0.00,0.00,0,0,0,-1129,-1136,-1166,1129,1136,1166,RUNNING
32190,6,0.00,0.00,0.00,0,0,0,-686,-697,-732,686,697,732,RUNNING
32213,6,0.00,0.00,0.00,0,0,0,-606,-610,-649,606,610,649,RUNNING
32236,6,0.00,0.00,0.00,0,0,0,-542,-534,-574,542,534,574,RUNNING
32259,6,0.00,0.00,0.00,0,0,0,-485,-465,-499,485,465,499,RUNNING
32282,6,0.00,0.00,0.00,0,0,0,-412,-395,-426,412,395,426,RUNNING
32305,6,0.00,0.00,0.00,0,0,0,-336,-321,-359,336,321,359,RUNNING
32330,6,0.00,0.00,0.00,0,0,0,-259,-254,-277,259,254,277,RUNNING
32353,6,0.00,0.00,0.00,0,0,0,-183,-189,-204,183,189,204,RUNNING
32483,6,0.00,0.00,0.00,0,0,0,247,233,236,-247,-233,-236,RUNNING
32506,6,0.00,0.00,0.00,0,0,0,318,318,318,-318,-318,-318,RUNNING
32529,6,0.00,0.00,0.00,0,0,0,360,371,372,-360,-371,-372,RUNNING
32552,6,0.00,0.00,0.00,0,0,0,393,408,413,-393,-408,-413,RUNNING
32575,6,0.00,0.00,0.00,0,0,0,433,459,462,-433,-459,-462,RUNNING
32598,6,0.00,0.00,0.00,0,0,0,490,523,520,-490,-523,-520,RUNNING
32623,6,0.00,0.00,0.00,0,0,0,556,595,601,-556,-595,-601,RUNNING
32646,6,0.00,0.00,0.00,0,0,0,611,647,661,-611,-647,-661,RUNNING
32779,6,0.00,0.00,0.00,0,0,0,969,893,925,-969,-893,-925,RUNNING
32802,6,0.00,0.00,0.00,0,0,0,1014,924,965,-1014,-924,-965,RUNNING
32825,6,0.00,0.00,0.00,0,0,0,1041,932,980,-1041,-932,-980,RUNNING
32848,6,0.00,0.00,0.00,0,0,0,1041,933,980,-1041,-933,-980,RUNNING
32871,6,0.00,0.00,0.00,0,0,0,1031,934,980,-1031,-934,-980,RUNNING
32896,6,0.00,0.00,0.00,0,0,0,980,915,924,-980,-915,-924,RUNNING
32919,6,0.00,0.00,0.00,0,0,0,918,866,869,-918,-866,-869,RUNNING
32942,6,0.00,0.00,0.00,0,0,0,842,809,808,-842,-809,-808,RUNNING
32965,6,0.00,0.00,0.00,0,0,0,768,756,750,-768,-756,-750,RUNNING
32988,6,0.00,0.00,0.00,0,0,0,705,697,695,-705,-697,-695,RUNNING
33011,6,0.00,0.00,0.00,0,0,0,644,634,641,-644,-634,-641,RUNNING
33034,6,0.00,0.00,0.00,0,0,0,578,576,582,-578,-576,-582,RUNNING
33057,6,0.00,0.00,0.00,0,0,0,529,519,530,-529,-519,-530,RUNNING
33082,6,0.00,0.00,0.00,0,0,0,474,463,476,-474,-463,-476,RUNNING
33105,6,0.00,0.00,0.00,0,0,0,426,415,426,-426,-415,-426,RUNNING
33128,6,0.00,0.00,0.00,0,0,0,380,359,378,-380,-359,-378,RUNNING
33151,6,0.00,0.00,0.00,0,0,0,338,314,330,-338,-314,-330,RUNNING
33174,6,0.00,0.00,0.00,0,0,0,302,270,288,-302,-270,-288,RUNNING
33197,6,0.00,0.00,0.00,0,0,0,264,234,247,-264,-234,-247,RUNNING
33220,6,0.00,0.00,0.00,0,0,0,225,199,211,-225,-199,-211,RUNNING
33243,6,0.00,0.00,0.00,0,0,0,188,167,176,-188,-167,-176,RUNNING
33268,6,0.00,0.00,0.00,0,0,0,152,138,138,-152,-138,-138,RUNNING
33291,6,0.00,0.00,0.00,0,0,0,124,113,106,-124,-113,-106,RUNNING
33314,6,0.00,0.00,0.00,0,0,0,94,81,85,-94,-81,-85,RUNNING
33337,6,0.00,0.00,0.00,0,0,0,63,52,79,-63,-52,-79,RUNNING
33360,6,0.00,0.00,0.00,0,0,0,37,35,73,-37,-35,-73,RUNNING
33383,6,0.00,0.00,0.00,0,0,0,14,27,65,-14,-27,-65,RUNNING
33406,6,0.00,0.00,0.00,0,0,0,6,28,55,-6,-28,-55,RUNNING
33429,6,0.00,0.00,0.00,0,0,0,7,28,45,-7,-28,-45,RUNNING
33452,6,0.00,0.00,0.00,0,0,0,6,24,34,-6,-24,-34,RUNNING
33477,6,0.00,0.00,0.00,0,0,0,2,17,18,-2,-17,-18,RUNNING
33500,6,0.00,0.00,0.00,0,0,0,-4,8,5,4,-8,-5,RUNNING
33519,6,0.00,0.00,0.00,0,0,0,-4,8,5,4,-8,-5,TEST_COMPLETE_RETURNED_HOME
133398,3,0.00,20.00,0.00,-228,141,141,-54,-47,-12,-174,188,153,START_STEP
133420,3,0.00,20.00,0.00,-228,141,141,-54,-46,-12,-174,187,153,RUNNING
133443,3,0.00,20.00,0.00,-228,141,141,-54,-46,-12,-174,187,153,RUNNING
133467,3,0.00,20.00,0.00,-228,141,141,-68,-47,-12,-160,188,153,RUNNING
133490,3,0.00,20.00,0.00,-228,141,141,-95,-46,-11,-133,187,152,RUNNING
133515,3,0.00,20.00,0.00,-228,141,141,-127,-36,12,-101,177,129,RUNNING
133538,3,0.00,20.00,0.00,-228,141,141,-158,-5,43,-70,146,98,RUNNING
133561,3,0.00,20.00,0.00,-228,141,141,-186,36,72,-42,105,69,RUNNING
133584,3,0.00,20.00,0.00,-228,141,141,-214,70,104,-14,71,37,RUNNING
133607,3,0.00,20.00,0.00,-228,141,141,-241,105,137,13,36,4,RUNNING
133630,3,0.00,20.00,0.00,-228,141,141,-259,135,157,31,6,-16,RUNNING
133653,3,0.00,20.00,0.00,-228,141,141,-266,157,164,38,-16,-23,RUNNING
133702,3,0.00,20.00,0.00,-228,141,141,-266,166,164,38,-25,-23,RUNNING
133726,3,0.00,20.00,0.00,-228,141,141,-265,169,164,37,-28,-23,RUNNING
133750,3,0.00,20.00,0.00,-228,141,141,-265,173,164,37,-32,-23,RUNNING
133774,3,0.00,20.00,0.00,-228,141,141,-269,180,171,41,-39,-30,RUNNING
133798,3,0.00,20.00,0.00,-228,141,141,-277,187,180,49,-46,-39,RUNNING
133822,3,0.00,20.00,0.00,-228,141,141,-281,197,188,53,-56,-47,RUNNING
133846,3,0.00,20.00,0.00,-228,141,141,-281,209,190,53,-68,-49,RUNNING
133870,3,0.00,20.00,0.00,-228,141,141,-281,216,190,53,-75,-49,RUNNING
133896,3,0.00,20.00,0.00,-228,141,141,-280,215,190,52,-74,-49,RUNNING
133920,3,0.00,20.00,0.00,-228,141,141,-274,215,190,46,-74,-49,RUNNING
133943,3,0.00,20.00,0.00,-228,141,141,-264,215,190,36,-74,-49,RUNNING
133966,3,0.00,20.00,0.00,-228,141,141,-256,213,190,28,-72,-49,RUNNING
133989,3,0.00,20.00,0.00,-228,141,141,-250,213,189,22,-72,-48,RUNNING
134012,3,0.00,20.00,0.00,-228,141,141,-250,212,187,22,-71,-46,RUNNING
134035,3,0.00,20.00,0.00,-228,141,141,-250,212,179,22,-71,-38,RUNNING
134061,3,0.00,20.00,0.00,-228,141,141,-250,212,163,22,-71,-22,RUNNING
134084,3,0.00,20.00,0.00,-228,141,141,-250,212,156,22,-71,-15,RUNNING
134107,3,0.00,20.00,0.00,-228,141,141,-245,204,155,17,-63,-14,RUNNING
134130,3,0.00,20.00,0.00,-228,141,141,-238,192,155,10,-51,-14,RUNNING
134153,3,0.00,20.00,0.00,-228,141,141,-234,178,155,6,-37,-14,RUNNING
134176,3,0.00,20.00,0.00,-228,141,141,-235,168,155,7,-27,-14,RUNNING
134199,3,0.00,20.00,0.00,-228,141,141,-235,167,155,7,-26,-14,RUNNING
134225,3,0.00,20.00,0.00,-228,141,141,-235,168,155,7,-27,-14,RUNNING
134248,3,0.00,20.00,0.00,-228,141,141,-235,168,155,7,-27,-14,RUNNING
134271,3,0.00,20.00,0.00,-228,141,141,-240,168,158,12,-27,-17,RUNNING
134294,3,0.00,20.00,0.00,-228,141,141,-247,166,166,19,-25,-25,RUNNING
134317,3,0.00,20.00,0.00,-228,141,141,-253,160,170,25,-19,-29,RUNNING
134340,3,0.00,20.00,0.00,-228,141,141,-253,153,170,25,-12,-29,RUNNING
134363,3,0.00,20.00,0.00,-228,141,141,-252,148,170,24,-7,-29,RUNNING
134386,3,0.00,20.00,0.00,-228,141,141,-253,149,170,25,-8,-29,RUNNING
134412,3,0.00,20.00,0.00,-228,141,141,-252,149,169,24,-8,-28,RUNNING
134435,3,0.00,20.00,0.00,-228,141,141,-247,149,169,19,-8,-28,RUNNING
134458,3,0.00,20.00,0.00,-228,141,141,-239,149,169,11,-8,-28,RUNNING
134481,3,0.00,20.00,0.00,-228,141,141,-228,149,168,0,-8,-27,RUNNING
134504,3,0.00,20.00,0.00,-228,141,141,-223,145,158,-5,-4,-17,RUNNING
134527,3,0.00,20.00,0.00,-228,141,141,-222,138,144,-6,3,-3,RUNNING
134546,3,0.00,20.00,0.00,-228,141,141,-222,138,144,-6,3,-3,TARGET_REACHED_OUTBOUND
134571,15,0.00,20.00,0.00,-228,141,141,-223,133,130,-5,8,11,RUNNING
134594,15,0.00,20.00,0.00,-228,141,141,-223,133,127,-5,8,14,RUNNING
134617,15,0.00,20.00,0.00,-228,141,141,-223,133,125,-5,8,16,RUNNING
134640,15,0.00,20.00,0.00,-228,141,141,-223,133,123,-5,8,18,RUNNING
134663,15,0.00,20.00,0.00,-228,141,141,-223,133,121,-5,8,20,RUNNING
134686,15,0.00,20.00,0.00,-228,141,141,-222,133,120,-6,8,21,RUNNING
134710,15,0.00,20.00,0.00,-228,141,141,-222,133,120,-6,8,21,RUNNING
134735,15,0.00,20.00,0.00,-228,141,141,-223,133,120,-5,8,21,RUNNING
134758,15,0.00,20.00,0.00,-228,141,141,-223,133,120,-5,8,21,RUNNING
134781,15,0.00,20.00,0.00,-228,141,141,-222,133,121,-6,8,20,RUNNING
134804,15,0.00,20.00,0.00,-228,141,141,-223,133,120,-5,8,21,RUNNING
134827,15,0.00,20.00,0.00,-228,141,141,-222,133,120,-6,8,21,RUNNING
134939,15,0.00,20.00,0.00,-228,141,141,-222,133,121,-6,8,20,RUNNING
134963,15,0.00,20.00,0.00,-228,141,141,-223,133,121,-5,8,20,RUNNING
134986,15,0.00,20.00,0.00,-228,141,141,-222,133,121,-6,8,20,RUNNING
135012,15,0.00,20.00,0.00,-228,141,141,-222,133,120,-6,8,21,RUNNING
135035,15,0.00,20.00,0.00,-228,141,141,-222,133,121,-6,8,20,RUNNING
135058,15,0.00,20.00,0.00,-228,141,141,-222,133,121,-6,8,20,RUNNING
135081,15,0.00,20.00,0.00,-228,141,141,-223,133,121,-5,8,20,RUNNING
135104,15,0.00,20.00,0.00,-228,141,141,-222,133,121,-6,8,20,RUNNING
135127,15,0.00,20.00,0.00,-228,141,141,-223,133,120,-5,8,21,RUNNING
135150,15,0.00,20.00,0.00,-228,141,141,-223,133,120,-5,8,21,RUNNING
135173,15,0.00,20.00,0.00,-228,141,141,-222,133,121,-6,8,20,RUNNING
135199,15,0.00,20.00,0.00,-228,141,141,-222,133,121,-6,8,20,RUNNING
135222,15,0.00,20.00,0.00,-228,141,141,-222,133,121,-6,8,20,RUNNING
135245,15,0.00,20.00,0.00,-228,141,141,-222,133,121,-6,8,20,RUNNING
135268,15,0.00,20.00,0.00,-228,141,141,-223,133,120,-5,8,21,RUNNING
135291,15,0.00,20.00,0.00,-228,141,141,-222,133,121,-6,8,20,RUNNING
135314,15,0.00,20.00,0.00,-228,141,141,-223,133,121,-5,8,20,RUNNING
135337,15,0.00,20.00,0.00,-228,141,141,-222,133,121,-6,8,20,RUNNING
135363,15,0.00,20.00,0.00,-228,141,141,-222,133,121,-6,8,20,RUNNING
135386,15,0.00,20.00,0.00,-228,141,141,-222,133,120,-6,8,21,RUNNING
135409,15,0.00,20.00,0.00,-228,141,141,-222,133,120,-6,8,21,RUNNING
135432,15,0.00,20.00,0.00,-228,141,141,-222,133,121,-6,8,20,RUNNING
135455,15,0.00,20.00,0.00,-228,141,141,-222,133,121,-6,8,20,RUNNING
135478,15,0.00,20.00,0.00,-228,141,141,-222,133,121,-6,8,20,RUNNING
135501,15,0.00,20.00,0.00,-228,141,141,-222,133,121,-6,8,20,RUNNING
135524,15,0.00,20.00,0.00,-228,141,141,-222,133,121,-6,8,20,RUNNING
135549,15,0.00,20.00,0.00,-228,141,141,-223,133,121,-5,8,20,RUNNING
135572,15,0.00,20.00,0.00,-228,141,141,-222,133,120,-6,8,21,RUNNING
135595,15,0.00,20.00,0.00,-228,141,141,-222,133,121,-6,8,20,RUNNING
135618,15,0.00,20.00,0.00,-228,141,141,-222,133,121,-6,8,20,RUNNING
135641,15,0.00,20.00,0.00,-228,141,141,-223,133,121,-5,8,20,RUNNING
135664,15,0.00,20.00,0.00,-228,141,141,-222,133,121,-6,8,20,RUNNING
135687,15,0.00,20.00,0.00,-228,141,141,-222,133,120,-6,8,21,RUNNING
135713,15,0.00,20.00,0.00,-228,141,141,-223,133,120,-5,8,21,RUNNING
135736,15,0.00,20.00,0.00,-228,141,141,-222,133,120,-6,8,21,RUNNING
135759,15,0.00,20.00,0.00,-228,141,141,-222,133,121,-6,8,20,RUNNING
135782,15,0.00,20.00,0.00,-228,141,141,-222,133,121,-6,8,20,RUNNING
135805,15,0.00,20.00,0.00,-228,141,141,-222,133,120,-6,8,21,RUNNING
135828,15,0.00,20.00,0.00,-228,141,141,-222,133,121,-6,8,20,RUNNING
135851,15,0.00,20.00,0.00,-228,141,141,-223,133,121,-5,8,20,RUNNING
135874,15,0.00,20.00,0.00,-228,141,141,-223,133,121,-5,8,20,RUNNING
135900,15,0.00,20.00,0.00,-228,141,141,-222,133,120,-6,8,21,RUNNING
135923,15,0.00,20.00,0.00,-228,141,141,-222,133,121,-6,8,20,RUNNING
135946,15,0.00,20.00,0.00,-228,141,141,-222,133,120,-6,8,21,RUNNING
135969,15,0.00,20.00,0.00,-228,141,141,-223,133,121,-5,8,20,RUNNING
135992,15,0.00,20.00,0.00,-228,141,141,-223,133,121,-5,8,20,RUNNING
136015,15,0.00,20.00,0.00,-228,141,141,-222,133,121,-6,8,20,RUNNING
136038,15,0.00,20.00,0.00,-228,141,141,-222,133,121,-6,8,20,RUNNING
136063,15,0.00,20.00,0.00,-228,141,141,-223,133,121,-5,8,20,RUNNING
136082,4,0.00,0.00,0.00,0,0,0,-223,133,121,223,-133,-121,START_STEP
136105,4,0.00,0.00,0.00,0,0,0,-222,133,120,222,-133,-120,RUNNING
136128,4,0.00,0.00,0.00,0,0,0,-222,133,121,222,-133,-121,RUNNING
136151,4,0.00,0.00,0.00,0,0,0,-220,120,104,220,-120,-104,RUNNING
136174,4,0.00,0.00,0.00,0,0,0,-189,84,77,189,-84,-77,RUNNING
136197,4,0.00,0.00,0.00,0,0,0,-155,50,47,155,-50,-47,RUNNING
136220,4,0.00,0.00,0.00,0,0,0,-117,30,21,117,-30,-21,RUNNING
136245,4,0.00,0.00,0.00,0,0,0,-79,20,4,79,-20,-4,RUNNING
136268,4,0.00,0.00,0.00,0,0,0,-47,19,-1,47,-19,1,RUNNING
136291,4,0.00,0.00,0.00,0,0,0,-16,11,0,16,-11,0,RUNNING
136314,4,0.00,0.00,0.00,0,0,0,14,2,0,-14,-2,0,RUNNING
136337,4,0.00,0.00,0.00,0,0,0,38,-5,-3,-38,5,3,RUNNING
136360,4,0.00,0.00,0.00,0,0,0,45,-20,-10,-45,20,10,RUNNING
136383,4,0.00,0.00,0.00,0,0,0,46,-31,-19,-46,31,19,RUNNING
136406,4,0.00,0.00,0.00,0,0,0,46,-39,-28,-46,39,28,RUNNING
136429,4,0.00,0.00,0.00,0,0,0,50,-39,-31,-50,39,31,RUNNING
136454,4,0.00,0.00,0.00,0,0,0,57,-37,-30,-57,37,30,RUNNING
136477,4,0.00,0.00,0.00,0,0,0,65,-40,-30,-65,40,30,RUNNING
136500,4,0.00,0.00,0.00,0,0,0,70,-38,-30,-70,38,30,RUNNING
136523,4,0.00,0.00,0.00,0,0,0,68,-38,-29,-68,38,29,RUNNING
136546,4,0.00,0.00,0.00,0,0,0,68,-39,-29,-68,39,29,RUNNING
136569,4,0.00,0.00,0.00,0,0,0,68,-37,-29,-68,37,29,RUNNING
136592,4,0.00,0.00,0.00,0,0,0,66,-38,-29,-66,38,29,RUNNING
136615,4,0.00,0.00,0.00,0,0,0,63,-36,-24,-63,36,24,RUNNING
136638,4,0.00,0.00,0.00,0,0,0,55,-35,-13,-55,35,13,RUNNING
136663,4,0.00,0.00,0.00,0,0,0,42,-24,-4,-42,24,4,RUNNING
136686,4,0.00,0.00,0.00,0,0,0,32,-10,-4,-32,10,4,RUNNING
136709,4,0.00,0.00,0.00,0,0,0,32,-4,-4,-32,4,4,RUNNING
136732,4,0.00,0.00,0.00,0,0,0,33,-3,-4,-33,3,4,RUNNING
136755,4,0.00,0.00,0.00,0,0,0,33,-4,-4,-33,4,4,RUNNING
136778,4,0.00,0.00,0.00,0,0,0,33,-4,-4,-33,4,4,RUNNING
136801,4,0.00,0.00,0.00,0,0,0,33,-4,-4,-33,4,4,RUNNING
136824,4,0.00,0.00,0.00,0,0,0,26,-4,-4,-26,4,4,RUNNING
136847,4,0.00,0.00,0.00,0,0,0,18,-7,-14,-18,7,14,RUNNING
136872,4,0.00,0.00,0.00,0,0,0,10,-7,-29,-10,7,29,RUNNING
136895,4,0.00,0.00,0.00,0,0,0,12,-8,-36,-12,8,36,RUNNING
136918,4,0.00,0.00,0.00,0,0,0,12,-7,-36,-12,7,36,RUNNING
136941,4,0.00,0.00,0.00,0,0,0,12,-7,-36,-12,7,36,RUNNING
136964,4,0.00,0.00,0.00,0,0,0,12,-8,-36,-12,8,36,RUNNING
136987,4,0.00,0.00,0.00,0,0,0,15,-6,-35,-15,6,35,RUNNING
137010,4,0.00,0.00,0.00,0,0,0,20,-8,-35,-20,8,35,RUNNING
137033,4,0.00,0.00,0.00,0,0,0,27,-7,-35,-27,7,35,RUNNING
137056,4,0.00,0.00,0.00,0,0,0,27,-7,-35,-27,7,35,RUNNING
137081,4,0.00,0.00,0.00,0,0,0,27,-8,-23,-27,8,23,RUNNING
137104,4,0.00,0.00,0.00,0,0,0,26,-6,-8,-26,6,8,RUNNING
137127,4,0.00,0.00,0.00,0,0,0,23,-9,1,-23,9,-1,RUNNING
137150,4,0.00,0.00,0.00,0,0,0,16,-7,2,-16,7,-2,RUNNING
137173,4,0.00,0.00,0.00,0,0,0,4,-7,1,-4,7,-1,RUNNING
137192,4,0.00,0.00,0.00,0,0,0,4,-7,1,-4,7,-1,TEST_COMPLETE_RETURNED_HOME
148079,1,20.00,0.00,0.00,18,230,-195,-7,-7,1,25,237,-196,START_STEP
148101,1,20.00,0.00,0.00,18,230,-195,-7,-7,1,25,237,-196,RUNNING
148126,1,20.00,0.00,0.00,18,230,-195,-7,-7,1,25,237,-196,RUNNING
148149,1,20.00,0.00,0.00,18,230,-195,-7,-8,1,25,238,-196,RUNNING
148172,1,20.00,0.00,0.00,18,230,-195,-7,-7,-2,25,237,-193,RUNNING
148195,1,20.00,0.00,0.00,18,230,-195,-7,19,-35,25,211,-160,RUNNING
148218,1,20.00,0.00,0.00,18,230,-195,-6,62,-71,24,168,-124,RUNNING
148241,1,20.00,0.00,0.00,18,230,-195,-2,109,-110,20,121,-85,RUNNING
148373,1,20.00,0.00,0.00,18,230,-195,68,327,-284,-50,-97,89,RUNNING
148396,1,20.00,0.00,0.00,18,230,-195,80,355,-308,-62,-125,113,RUNNING
148422,1,20.00,0.00,0.00,18,230,-195,85,369,-315,-67,-139,120,RUNNING
148445,1,20.00,0.00,0.00,18,230,-195,83,369,-315,-65,-139,120,RUNNING
148468,1,20.00,0.00,0.00,18,230,-195,81,368,-314,-63,-138,119,RUNNING
148491,1,20.00,0.00,0.00,18,230,-195,68,367,-312,-50,-137,117,RUNNING
148514,1,20.00,0.00,0.00,18,230,-195,53,369,-298,-35,-139,103,RUNNING
148537,1,20.00,0.00,0.00,18,230,-195,38,364,-279,-20,-134,84,RUNNING
148668,1,20.00,0.00,0.00,18,230,-195,29,282,-213,-11,-52,18,RUNNING
148694,1,20.00,0.00,0.00,18,230,-195,31,265,-204,-13,-35,9,RUNNING
148717,1,20.00,0.00,0.00,18,230,-195,31,259,-203,-13,-29,8,RUNNING
148740,1,20.00,0.00,0.00,18,230,-195,32,260,-203,-14,-30,8,RUNNING
148763,1,20.00,0.00,0.00,18,230,-195,31,261,-204,-13,-31,9,RUNNING
148786,1,20.00,0.00,0.00,18,230,-195,32,261,-205,-14,-31,10,RUNNING
148809,1,20.00,0.00,0.00,18,230,-195,31,261,-207,-13,-31,12,RUNNING
148832,1,20.00,0.00,0.00,18,230,-195,30,260,-214,-12,-30,19,RUNNING
148966,1,20.00,0.00,0.00,18,230,-195,-47,214,-300,65,16,105,RUNNING
148992,1,20.00,0.00,0.00,18,230,-195,-63,200,-311,81,30,116,RUNNING
149015,1,20.00,0.00,0.00,18,230,-195,-69,193,-309,87,37,114,RUNNING
149038,1,20.00,0.00,0.00,18,230,-195,-67,194,-308,85,36,113,RUNNING
149061,1,20.00,0.00,0.00,18,230,-195,-57,194,-299,75,36,104,RUNNING
149084,1,20.00,0.00,0.00,18,230,-195,-45,194,-272,63,36,77,RUNNING
149107,1,20.00,0.00,0.00,18,230,-195,-31,194,-246,49,36,51,RUNNING
149130,1,20.00,0.00,0.00,18,230,-195,-14,194,-225,32,36,30,RUNNING
149153,1,20.00,0.00,0.00,18,230,-195,0,195,-209,18,35,14,RUNNING
149179,1,20.00,0.00,0.00,18,230,-195,14,195,-205,4,35,10,RUNNING
149202,1,20.00,0.00,0.00,18,230,-195,14,195,-206,4,35,11,RUNNING
149225,1,20.00,0.00,0.00,18,230,-195,14,204,-206,4,26,11,RUNNING
149248,1,20.00,0.00,0.00,18,230,-195,14,217,-203,4,13,8,RUNNING
149271,1,20.00,0.00,0.00,18,230,-195,13,232,-198,5,-2,3,RUNNING
149290,1,20.00,0.00,0.00,18,230,-195,13,232,-198,5,-2,3,TARGET_REACHED_OUTBOUND
149313,15,20.00,0.00,0.00,18,230,-195,19,247,-183,-1,-17,-12,RUNNING
149339,15,20.00,0.00,0.00,18,230,-195,25,251,-175,-7,-21,-20,RUNNING
149362,15,20.00,0.00,0.00,18,230,-195,29,253,-169,-11,-23,-26,RUNNING
149385,15,20.00,0.00,0.00,18,230,-195,31,255,-164,-13,-25,-31,RUNNING
149408,15,20.00,0.00,0.00,18,230,-195,34,255,-159,-16,-25,-36,RUNNING
149431,15,20.00,0.00,0.00,18,230,-195,34,254,-155,-16,-24,-40,RUNNING
149454,15,20.00,0.00,0.00,18,230,-195,34,254,-150,-16,-24,-45,RUNNING
149477,15,20.00,0.00,0.00,18,230,-195,34,254,-147,-16,-24,-48,RUNNING
149500,15,20.00,0.00,0.00,18,230,-195,33,254,-145,-15,-24,-50,RUNNING
149525,15,20.00,0.00,0.00,18,230,-195,34,254,-143,-16,-24,-52,RUNNING
149548,15,20.00,0.00,0.00,18,230,-195,33,254,-142,-15,-24,-53,RUNNING
149571,15,20.00,0.00,0.00,18,230,-195,33,255,-141,-15,-25,-54,RUNNING
149594,15,20.00,0.00,0.00,18,230,-195,34,254,-142,-16,-24,-53,RUNNING
149617,15,20.00,0.00,0.00,18,230,-195,33,255,-142,-15,-25,-53,RUNNING
149640,15,20.00,0.00,0.00,18,230,-195,34,254,-142,-16,-24,-53,RUNNING
149663,15,20.00,0.00,0.00,18,230,-195,33,254,-142,-15,-24,-53,RUNNING
149689,15,20.00,0.00,0.00,18,230,-195,33,254,-142,-15,-24,-53,RUNNING
149712,15,20.00,0.00,0.00,18,230,-195,34,254,-142,-16,-24,-53,RUNNING
149735,15,20.00,0.00,0.00,18,230,-195,33,254,-142,-15,-24,-53,RUNNING
149758,15,20.00,0.00,0.00,18,230,-195,34,254,-142,-16,-24,-53,RUNNING
149781,15,20.00,0.00,0.00,18,230,-195,34,254,-142,-16,-24,-53,RUNNING
149804,15,20.00,0.00,0.00,18,230,-195,34,254,-142,-16,-24,-53,RUNNING
149827,15,20.00,0.00,0.00,18,230,-195,34,254,-142,-16,-24,-53,RUNNING
149852,15,20.00,0.00,0.00,18,230,-195,33,254,-142,-15,-24,-53,RUNNING
149875,15,20.00,0.00,0.00,18,230,-195,34,254,-142,-16,-24,-53,RUNNING
149898,15,20.00,0.00,0.00,18,230,-195,33,254,-142,-15,-24,-53,RUNNING
149921,15,20.00,0.00,0.00,18,230,-195,33,254,-143,-15,-24,-52,RUNNING
149944,15,20.00,0.00,0.00,18,230,-195,34,254,-142,-16,-24,-53,RUNNING
149967,15,20.00,0.00,0.00,18,230,-195,33,254,-143,-15,-24,-52,RUNNING
149991,15,20.00,0.00,0.00,18,230,-195,34,254,-142,-16,-24,-53,RUNNING
150014,15,20.00,0.00,0.00,18,230,-195,33,254,-142,-15,-24,-53,RUNNING
150040,15,20.00,0.00,0.00,18,230,-195,34,255,-142,-16,-25,-53,RUNNING
150063,15,20.00,0.00,0.00,18,230,-195,34,255,-143,-16,-25,-52,RUNNING
150086,15,20.00,0.00,0.00,18,230,-195,33,254,-142,-15,-24,-53,RUNNING
150109,15,20.00,0.00,0.00,18,230,-195,33,255,-142,-15,-25,-53,RUNNING
150132,15,20.00,0.00,0.00,18,230,-195,33,254,-142,-15,-24,-53,RUNNING
150155,15,20.00,0.00,0.00,18,230,-195,33,254,-143,-15,-24,-52,RUNNING
150178,15,20.00,0.00,0.00,18,230,-195,34,255,-142,-16,-25,-53,RUNNING
150203,15,20.00,0.00,0.00,18,230,-195,34,254,-143,-16,-24,-52,RUNNING
150226,15,20.00,0.00,0.00,18,230,-195,33,254,-143,-15,-24,-52,RUNNING
150249,15,20.00,0.00,0.00,18,230,-195,34,254,-142,-16,-24,-53,RUNNING
150273,15,20.00,0.00,0.00,18,230,-195,33,255,-143,-15,-25,-52,RUNNING
150296,15,20.00,0.00,0.00,18,230,-195,34,254,-143,-16,-24,-52,RUNNING
150319,15,20.00,0.00,0.00,18,230,-195,33,254,-142,-15,-24,-53,RUNNING
150342,15,20.00,0.00,0.00,18,230,-195,34,255,-143,-16,-25,-52,RUNNING
150368,15,20.00,0.00,0.00,18,230,-195,33,255,-142,-15,-25,-53,RUNNING
150391,15,20.00,0.00,0.00,18,230,-195,33,254,-142,-15,-24,-53,RUNNING
150414,15,20.00,0.00,0.00,18,230,-195,34,255,-142,-16,-25,-53,RUNNING
150437,15,20.00,0.00,0.00,18,230,-195,34,255,-143,-16,-25,-52,RUNNING
150460,15,20.00,0.00,0.00,18,230,-195,34,254,-142,-16,-24,-53,RUNNING
150483,15,20.00,0.00,0.00,18,230,-195,33,254,-143,-15,-24,-52,RUNNING
150506,15,20.00,0.00,0.00,18,230,-195,33,254,-143,-15,-24,-52,RUNNING
150531,15,20.00,0.00,0.00,18,230,-195,33,254,-142,-15,-24,-53,RUNNING
150554,15,20.00,0.00,0.00,18,230,-195,33,255,-142,-15,-25,-53,RUNNING
150577,15,20.00,0.00,0.00,18,230,-195,34,255,-143,-16,-25,-52,RUNNING
150600,15,20.00,0.00,0.00,18,230,-195,33,254,-142,-15,-24,-53,RUNNING
150623,15,20.00,0.00,0.00,18,230,-195,33,254,-143,-15,-24,-52,RUNNING
150646,15,20.00,0.00,0.00,18,230,-195,34,255,-142,-16,-25,-53,RUNNING
150669,15,20.00,0.00,0.00,18,230,-195,33,254,-142,-15,-24,-53,RUNNING
150692,15,20.00,0.00,0.00,18,230,-195,34,254,-142,-16,-24,-53,RUNNING
150718,15,20.00,0.00,0.00,18,230,-195,33,254,-142,-15,-24,-53,RUNNING
150742,15,20.00,0.00,0.00,18,230,-195,33,254,-143,-15,-24,-52,RUNNING
150766,15,20.00,0.00,0.00,18,230,-195,33,254,-142,-15,-24,-53,RUNNING
150790,15,20.00,0.00,0.00,18,230,-195,33,254,-143,-15,-24,-52,RUNNING
150810,2,0.00,0.00,0.00,0,0,0,33,254,-143,-33,-254,143,START_STEP
150833,2,0.00,0.00,0.00,0,0,0,33,255,-143,-33,-255,143,RUNNING
150857,2,0.00,0.00,0.00,0,0,0,33,255,-142,-33,-255,142,RUNNING
150883,2,0.00,0.00,0.00,0,0,0,34,254,-122,-34,-254,122,RUNNING
150906,2,0.00,0.00,0.00,0,0,0,33,252,-89,-33,-252,89,RUNNING
150929,2,0.00,0.00,0.00,0,0,0,34,228,-57,-34,-228,57,RUNNING
150952,2,0.00,0.00,0.00,0,0,0,30,180,-27,-30,-180,27,RUNNING
150975,2,0.00,0.00,0.00,0,0,0,25,132,-5,-25,-132,5,RUNNING
150998,2,0.00,0.00,0.00,0,0,0,15,74,1,-15,-74,-1,RUNNING
151021,2,0.00,0.00,0.00,0,0,0,2,29,1,-2,-29,-1,RUNNING
151044,2,0.00,0.00,0.00,0,0,0,-6,-5,2,6,5,-2,RUNNING
151063,2,0.00,0.00,0.00,0,0,0,-6,-5,2,6,5,-2,TEST_COMPLETE_RETURNED_HOME
